entry_date,exit_date,holding_days,pnl_pct,entry_price,exit_price,exit_reason,symbol
2020-02-14,2020-02-24,6,-9.56,7.62,6.93,rule_sell,ACB
2020-04-13,2020-06-15,43,15.96,5.77,6.72,rule_sell,ACB
2020-07-14,2020-07-24,8,-3.82,6.93,6.7,rule_sell,ACB
2020-08-05,2020-10-28,59,28.36,6.93,8.93,rule_sell,ACB
2020-11-12,2020-12-24,25,2.93,9.9,10.24,rule_sell,ACB
2021-01-06,2021-01-19,9,-7.18,11.22,10.47,rule_sell,ACB
2021-02-09,2021-03-25,27,11.73,10.71,12.02,rule_sell,ACB
2021-04-06,2021-04-16,8,-5.25,13.04,12.42,rule_sell,ACB
2021-05-05,2021-07-09,47,24.2,13.24,16.51,rule_sell,ACB
2021-07-30,2021-08-20,15,-7.52,16.95,15.76,rule_sell,ACB
2021-09-20,2021-10-25,25,-3.09,15.05,14.66,rule_sell,ACB
2021-10-29,2021-11-18,14,-2.05,15.48,15.24,rule_sell,ACB
2021-11-22,2021-11-30,6,-3.0,16.02,15.62,rule_sell,ACB
2021-12-28,2022-01-11,9,-3.16,15.78,15.36,rule_sell,ACB
2022-01-24,2022-02-16,12,-0.93,16.11,16.04,rule_sell,ACB
2022-03-31,2022-04-19,12,-4.76,15.5,14.84,rule_sell,ACB
2022-05-27,2022-06-15,13,-7.68,14.91,13.84,rule_sell,ACB
2022-06-28,2022-08-22,39,0.13,14.36,14.45,rule_sell,ACB
2022-10-18,2022-11-10,17,-7.11,12.55,11.72,rule_sell,ACB
2022-11-18,2022-12-26,26,4.02,12.4,12.96,rule_sell,ACB
2023-01-10,2023-02-08,16,4.59,13.75,14.45,rule_sell,ACB
2023-02-23,2023-02-24,1,-3.66,14.89,14.42,rule_sell,ACB
2023-03-31,2023-04-18,12,-1.52,14.66,14.51,rule_sell,ACB
2023-05-08,2023-07-06,43,3.6,14.63,15.23,rule_sell,ACB
2023-07-25,2023-08-17,17,1.29,15.65,15.93,rule_sell,ACB
2023-09-05,2023-09-19,10,-2.5,15.97,15.65,rule_sell,ACB
2023-10-09,2023-10-19,8,-3.6,15.79,15.3,rule_sell,ACB
2023-11-08,2023-11-23,11,-3.12,16.0,15.58,rule_sell,ACB
2023-12-12,2024-03-07,56,21.73,15.79,19.3,rule_sell,ACB
2024-03-26,2024-04-04,7,-1.93,19.62,19.34,rule_sell,ACB
2024-05-03,2024-06-11,27,4.06,19.3,20.18,rule_sell,ACB
2024-07-17,2024-07-25,6,-2.36,20.47,20.09,rule_sell,ACB
2024-08-16,2024-09-16,19,0.15,20.05,20.18,rule_sell,ACB
2024-09-19,2024-10-21,22,3.55,20.72,21.56,rule_sell,ACB
2024-11-22,2024-12-18,18,0.27,20.85,21.01,rule_sell,ACB
2024-12-26,2025-01-06,6,-3.45,21.35,20.72,rule_sell,ACB
2025-01-23,2025-03-13,30,2.67,21.14,21.81,rule_sell,ACB
2025-05-08,2025-06-05,20,3.56,20.18,21.0,rule_sell,ACB
2025-06-20,2025-09-08,54,23.28,21.45,26.55,rule_sell,ACB
2025-10-06,2025-10-17,9,-4.42,26.8,25.75,rule_sell,ACB
2025-11-04,2025-11-07,3,-4.73,26.0,24.9,rule_sell,ACB
2025-12-04,2025-12-11,5,-4.32,24.9,23.95,rule_sell,ACB
2025-12-22,2026-01-28,25,-2.15,24.3,23.9,rule_sell,ACB
2026-02-23,2026-03-04,7,-4.03,24.05,23.2,rule_sell,ACB
2026-03-17,2026-03-23,4,-5.76,23.75,22.5,rule_sell,ACB
2020-02-18,2020-03-09,14,-10.68,20.23,18.17,rule_sell,FPT
2020-04-06,2020-06-11,46,12.96,17.16,19.47,rule_sell,FPT
2020-07-08,2020-07-24,12,-4.26,20.19,19.43,rule_sell,FPT
2020-08-07,2020-09-30,37,7.88,19.94,21.61,rule_sell,FPT
2020-10-16,2020-10-28,8,-5.2,23.0,21.92,rule_sell,FPT
2020-11-12,2021-01-27,53,17.23,23.13,27.23,rule_sell,FPT
2021-02-04,2021-03-24,29,5.72,31.34,33.29,rule_sell,FPT
2021-04-09,2021-07-12,63,21.34,35.49,43.24,rule_sell,FPT
2021-07-26,2021-08-20,19,-0.42,47.06,47.1,rule_sell,FPT
2021-09-16,2021-09-23,5,-2.19,48.07,47.26,rule_sell,FPT
2021-10-08,2021-10-22,10,-3.23,50.2,48.83,rule_sell,FPT
2021-11-16,2021-11-18,2,-2.32,49.89,48.98,rule_sell,FPT
2021-11-25,2021-12-03,6,-5.01,50.76,48.47,rule_sell,FPT
2022-02-08,2022-03-14,24,0.83,45.99,46.6,rule_sell,FPT
2022-03-21,2022-04-25,24,8.0,48.37,52.48,rule_sell,FPT
2022-05-25,2022-06-13,13,-1.1,53.3,52.98,rule_sell,FPT
2022-07-27,2022-09-06,27,1.37,52.37,53.35,rule_sell,FPT
2022-10-20,2022-11-14,17,-9.51,48.38,44.02,rule_sell,FPT
2022-11-25,2022-12-26,21,5.62,44.77,47.51,rule_sell,FPT
2023-01-03,2023-02-03,18,-0.36,49.74,49.81,rule_sell,FPT
2023-03-30,2023-04-18,13,-0.11,49.18,49.37,rule_sell,FPT
2023-05-12,2023-09-25,94,37.38,50.05,69.01,rule_sell,FPT
2023-10-13,2023-10-17,2,-3.61,70.33,68.14,rule_sell,FPT
2023-11-08,2024-01-10,44,1.77,67.77,69.31,rule_sell,FPT
2024-02-01,2024-04-04,40,13.62,73.11,83.43,rule_sell,FPT
2024-04-25,2024-07-02,45,19.81,90.16,108.47,rule_sell,FPT
2024-07-08,2024-07-15,5,-5.44,118.3,112.46,rule_sell,FPT
2024-08-12,2024-09-10,19,-0.5,110.17,110.17,rule_sell,FPT
2024-09-18,2024-10-08,14,-1.1,114.07,113.39,rule_sell,FPT
2024-10-10,2024-10-21,7,-4.87,120.08,114.83,rule_sell,FPT
2024-11-11,2024-11-19,6,-6.5,117.2,110.17,rule_sell,FPT
2024-11-27,2025-01-03,26,7.52,117.71,127.15,rule_sell,FPT
2025-01-23,2025-02-03,2,-6.2,131.67,124.16,rule_sell,FPT
2025-05-08,2025-06-02,17,1.07,97.54,99.07,rule_sell,FPT
2025-06-16,2025-07-29,31,1.93,102.42,104.91,rule_sell,FPT
2025-09-03,2025-09-23,14,-5.54,102.14,96.99,rule_sell,FPT
2025-10-22,2025-11-11,14,-1.43,96.0,95.11,rule_sell,FPT
2025-12-30,2026-02-04,24,5.1,96.5,101.9,rule_sell,FPT
2020-04-06,2020-06-11,46,34.73,6.5,8.79,rule_sell,HPG
2020-07-07,2020-07-24,13,-5.82,9.78,9.26,rule_sell,HPG
2020-08-05,2020-09-11,26,0.98,10.16,10.31,rule_sell,HPG
2020-09-18,2021-01-19,86,61.37,10.83,17.53,rule_sell,HPG
2021-02-17,2021-03-24,25,4.14,18.31,19.16,rule_sell,HPG
2021-04-02,2021-06-21,53,41.49,20.67,29.35,rule_sell,HPG
2021-07-30,2021-08-26,19,0.35,27.12,27.35,rule_sell,HPG
2021-09-06,2021-10-25,35,7.13,29.35,31.59,rule_sell,HPG
2022-01-12,2022-01-19,5,-6.35,26.49,24.94,rule_sell,HPG
2022-02-08,2022-03-14,24,0.07,26.11,26.26,rule_sell,HPG
2022-04-06,2022-04-12,3,-5.04,27.09,25.86,rule_sell,HPG
2022-07-08,2022-08-26,35,4.14,17.01,17.8,rule_sell,HPG
2022-09-14,2022-09-16,2,-3.45,17.95,17.42,rule_sell,HPG
2022-11-18,2022-12-23,25,21.0,11.44,13.9,rule_sell,HPG
2023-01-10,2023-02-07,15,-0.77,15.0,14.96,rule_sell,HPG
2023-03-10,2023-03-14,2,-5.21,16.14,15.38,rule_sell,HPG
2023-04-05,2023-04-12,5,-4.0,16.29,15.72,rule_sell,HPG
2023-04-26,2023-05-24,17,-3.68,16.67,16.14,rule_sell,HPG
2023-06-07,2023-08-01,39,21.17,17.12,20.83,rule_sell,HPG
2023-08-31,2023-09-22,14,-1.6,20.91,20.68,rule_sell,HPG
2023-11-02,2023-11-30,20,4.62,19.13,20.11,rule_sell,HPG
2023-12-04,2023-12-15,9,-3.04,20.83,20.3,rule_sell,HPG
2023-12-28,2024-01-10,8,-2.63,21.17,20.72,rule_sell,HPG
2024-01-22,2024-01-31,7,-2.46,21.44,21.02,rule_sell,HPG
2024-02-15,2024-03-18,22,2.63,21.74,22.42,rule_sell,HPG
2024-05-06,2024-06-21,34,8.55,22.2,24.21,rule_sell,HPG
2024-09-20,2024-10-23,23,2.64,21.37,22.04,rule_sell,HPG
2024-11-11,2024-11-14,3,-5.53,23.08,21.92,rule_sell,HPG
2024-11-29,2024-12-19,14,-0.14,22.29,22.37,rule_sell,HPG
2025-01-17,2025-02-10,11,-4.62,22.08,21.17,rule_sell,HPG
2025-02-18,2025-03-18,20,3.48,22.12,23.0,rule_sell,HPG
2025-04-23,2025-05-28,22,-0.31,21.29,21.33,rule_sell,HPG
2025-05-30,2025-06-02,1,-1.29,21.46,21.29,rule_sell,HPG
2025-06-03,2025-07-31,42,14.64,21.67,24.95,rule_sell,HPG
2025-08-07,2025-08-22,11,-9.27,28.5,26.0,rule_sell,HPG
2025-09-04,2025-09-22,12,-5.36,29.85,28.4,rule_sell,HPG
2025-10-10,2025-10-14,2,-4.72,29.6,28.35,rule_sell,HPG
2025-11-12,2025-12-01,13,-2.35,27.0,26.5,rule_sell,HPG
2025-12-04,2025-12-09,3,-3.8,27.3,26.4,rule_sell,HPG
2025-12-19,2026-01-05,9,-3.31,26.7,25.95,rule_sell,HPG
2026-01-12,2026-01-23,9,-3.23,27.5,26.75,rule_sell,HPG
2026-02-04,2026-02-10,4,-6.68,28.3,26.55,rule_sell,HPG
2026-02-23,2026-03-05,8,-1.41,27.5,27.25,rule_sell,HPG
2020-04-06,2020-05-04,18,3.59,4.65,4.84,rule_sell,SSI
2020-05-08,2020-06-11,24,10.01,5.14,5.68,rule_sell,SSI
2020-07-10,2020-07-24,10,-5.27,6.08,5.79,rule_sell,SSI
2020-08-11,2020-10-26,53,19.13,5.96,7.13,rule_sell,SSI
2020-11-17,2021-01-26,49,74.87,7.39,12.96,rule_sell,SSI
2021-02-19,2021-03-15,16,-0.35,13.43,13.45,rule_sell,SSI
2021-04-06,2021-04-22,11,-9.81,14.18,12.86,rule_sell,SSI
2021-05-10,2021-07-09,44,53.98,14.06,21.72,rule_sell,SSI
2021-08-02,2021-09-06,23,8.61,22.71,24.78,rule_sell,SSI
2021-10-18,2021-10-21,3,-3.3,24.62,23.93,rule_sell,SSI
2021-11-01,2021-12-15,32,24.39,24.95,31.16,rule_sell,SSI
2022-02-16,2022-03-14,18,-4.27,27.06,26.04,rule_sell,SSI
2022-04-04,2022-04-14,7,-7.14,27.12,25.32,rule_sell,SSI
2022-05-26,2022-06-14,13,-17.8,17.75,14.68,rule_sell,SSI
2022-07-08,2022-08-30,37,16.91,13.61,15.98,rule_sell,SSI
2022-11-01,2022-11-10,7,-18.54,11.31,9.27,rule_sell,SSI
2022-11-17,2022-12-21,24,21.7,10.54,12.88,rule_sell,SSI
2023-01-16,2023-02-07,11,-2.28,12.94,12.71,rule_sell,SSI
2023-03-08,2023-04-14,27,6.62,13.21,14.15,rule_sell,SSI
2023-05-10,2023-08-03,61,31.15,15.01,19.76,rule_sell,SSI
2023-08-24,2023-09-22,19,1.39,22.19,22.61,rule_sell,SSI
2023-10-13,2023-10-16,1,-4.84,23.27,22.26,rule_sell,SSI
2023-11-08,2023-12-13,25,5.12,21.01,22.19,rule_sell,SSI
2023-12-28,2024-01-02,2,-2.03,22.89,22.54,rule_sell,SSI
2024-01-03,2024-01-15,8,-0.32,22.85,22.89,rule_sell,SSI
2024-02-01,2024-02-23,11,-1.96,24.03,23.68,rule_sell,SSI
2024-02-29,2024-03-19,13,-2.8,25.66,25.07,rule_sell,SSI
2024-03-27,2024-04-04,6,-2.71,26.7,26.11,rule_sell,SSI
2024-05-08,2024-05-29,15,-1.75,24.72,24.41,rule_sell,SSI
2024-06-11,2024-06-24,9,-3.84,24.83,24.0,rule_sell,SSI
2024-07-19,2024-07-24,3,-5.93,24.13,22.82,rule_sell,SSI
2024-08-16,2024-09-10,15,-1.43,22.68,22.47,rule_sell,SSI
2024-09-25,2024-10-18,17,-0.83,24.38,24.3,rule_sell,SSI
2024-12-05,2025-01-02,19,0.46,22.83,23.05,rule_sell,SSI
2025-01-23,2025-03-26,39,4.87,22.34,23.54,rule_sell,SSI
2025-05-08,2025-06-10,23,0.57,20.52,20.74,rule_sell,SSI
2025-06-19,2025-09-19,64,68.32,21.23,35.84,rule_sell,SSI
2025-10-13,2025-10-20,5,-8.73,37.67,34.57,rule_sell,SSI
2025-11-17,2025-11-28,9,-7.85,32.25,29.88,rule_sell,SSI
2025-12-16,2026-01-26,27,1.98,30.25,31.0,rule_sell,SSI
2026-02-24,2026-03-10,10,-8.13,32.1,29.65,rule_sell,SSI
2020-03-11,2020-03-23,8,-18.36,2.8,2.3,rule_sell,VND
2020-04-16,2020-05-05,11,-8.87,2.27,2.08,rule_sell,VND
2020-05-11,2020-06-15,25,2.99,2.29,2.37,rule_sell,VND
2020-06-26,2020-06-29,1,-3.9,2.65,2.56,rule_sell,VND
2020-08-19,2020-10-27,48,31.98,2.34,3.1,rule_sell,VND
2020-11-10,2021-01-19,49,66.26,3.46,5.77,rule_sell,VND
2021-02-17,2021-07-06,93,147.03,5.66,14.01,rule_sell,VND
2021-07-29,2021-08-24,18,8.42,15.03,16.37,rule_sell,VND
2021-10-18,2021-10-25,5,-5.22,17.38,16.56,rule_sell,VND
2021-10-27,2021-12-03,27,35.99,17.51,23.9,rule_sell,VND
2022-02-09,2022-03-09,20,1.58,23.57,24.06,rule_sell,VND
2022-03-15,2022-03-24,7,-3.85,26.3,25.42,rule_sell,VND
2022-04-04,2022-04-18,9,-5.51,27.35,25.98,rule_sell,VND
2022-05-30,2022-06-14,11,-16.75,20.55,17.21,rule_sell,VND
2022-07-08,2022-08-30,37,17.77,15.11,17.87,rule_sell,VND
2022-11-18,2022-12-23,25,25.65,9.14,11.53,rule_sell,VND
2023-01-17,2023-02-03,8,-5.54,13.09,12.43,rule_sell,VND
2023-03-08,2023-04-13,26,2.89,12.11,12.52,rule_sell,VND
2023-05-10,2023-06-29,36,22.36,12.6,15.48,rule_sell,VND
2023-07-26,2023-09-22,40,16.37,15.89,18.57,rule_sell,VND
2023-10-13,2023-10-17,2,-9.61,18.12,16.47,rule_sell,VND
2023-11-08,2023-12-14,26,9.19,16.1,17.66,rule_sell,VND
2024-02-07,2024-02-23,7,-4.62,18.94,18.16,rule_sell,VND
2024-03-01,2024-03-12,7,-3.12,19.11,18.61,rule_sell,VND
2024-03-15,2024-03-27,8,-1.53,19.39,19.19,rule_sell,VND
2024-05-06,2024-05-29,17,-2.34,17.38,17.06,rule_sell,VND
2024-08-20,2024-09-11,14,-5.44,14.58,13.86,rule_sell,VND
2024-09-20,2024-10-15,17,-1.81,14.54,14.35,rule_sell,VND
2024-11-08,2024-11-14,4,-5.94,14.35,13.57,rule_sell,VND
2025-02-04,2025-04-03,42,18.88,12.02,14.35,rule_sell,VND
2025-04-17,2025-04-24,5,-3.78,14.93,14.44,rule_sell,VND
2025-05-14,2025-08-22,72,50.88,14.83,22.45,rule_sell,VND
2025-09-03,2025-09-08,3,-10.76,26.8,24.05,rule_sell,VND
2025-10-13,2025-10-20,5,-7.88,23.7,21.95,rule_sell,VND
2025-11-18,2025-11-25,5,-10.18,20.15,18.2,rule_sell,VND
2025-12-04,2026-01-06,21,-3.87,19.3,18.65,rule_sell,VND
2026-01-08,2026-01-21,9,-4.54,19.8,19.0,rule_sell,VND
2026-02-23,2026-03-10,11,-12.7,18.85,16.55,rule_sell,VND
2020-02-14,2020-02-21,5,-3.03,6.32,6.16,rule_sell,MBB
2020-04-08,2020-06-15,46,7.83,4.56,4.94,rule_sell,MBB
2020-07-09,2020-07-23,10,-2.67,5.07,4.96,rule_sell,MBB
2020-08-12,2020-10-28,54,19.3,4.9,5.87,rule_sell,MBB
2020-11-13,2021-01-19,46,26.01,6.45,8.16,rule_sell,MBB
2021-02-17,2021-03-24,25,6.45,8.63,9.23,rule_sell,MBB
2021-04-05,2021-04-22,12,-4.44,10.16,9.76,rule_sell,MBB
2021-05-07,2021-07-06,42,26.37,10.57,13.41,rule_sell,MBB
2021-08-03,2021-08-23,14,-2.92,13.23,12.91,rule_sell,MBB
2021-09-24,2021-10-04,6,-6.06,12.95,12.23,rule_sell,MBB
2021-10-11,2021-10-25,10,-4.65,13.0,12.46,rule_sell,MBB
2021-10-27,2021-11-11,11,-1.59,12.82,12.68,rule_sell,MBB
2021-11-17,2021-11-18,1,-1.89,12.95,12.77,rule_sell,MBB
2021-11-22,2021-12-03,9,-3.61,13.18,12.77,rule_sell,MBB
2021-12-31,2022-01-11,6,-4.02,13.05,12.59,rule_sell,MBB
2022-01-12,2022-03-02,30,10.81,13.18,14.67,rule_sell,MBB
2022-03-30,2022-04-14,10,-1.59,14.74,14.58,rule_sell,MBB
2022-05-25,2022-06-15,15,-11.72,12.66,11.24,rule_sell,MBB
2022-07-05,2022-09-07,44,7.94,11.49,12.46,rule_sell,MBB
2022-10-27,2022-11-14,12,-13.69,9.48,8.23,rule_sell,MBB
2022-11-28,2022-12-21,17,2.4,9.32,9.59,rule_sell,MBB
2023-01-06,2023-02-03,15,1.42,9.89,10.08,rule_sell,MBB
2023-03-15,2023-04-18,24,1.47,9.64,9.83,rule_sell,MBB
2023-05-12,2023-05-25,9,-1.59,10.1,9.99,rule_sell,MBB
2023-06-02,2023-08-17,54,12.34,10.67,12.04,rule_sell,MBB
2023-09-05,2023-09-22,13,-2.87,12.23,11.94,rule_sell,MBB
2023-11-06,2023-11-24,14,-1.02,11.46,11.4,rule_sell,MBB
2023-12-06,2024-03-08,61,29.86,11.56,15.07,rule_sell,MBB
2024-03-22,2024-04-03,8,-3.94,16.0,15.45,rule_sell,MBB
2024-05-16,2024-05-30,10,-5.05,14.94,14.26,rule_sell,MBB
2024-06-10,2024-06-25,11,-0.7,14.78,14.75,rule_sell,MBB
2024-07-09,2024-08-01,17,0.56,15.11,15.27,rule_sell,MBB
2024-08-20,2024-09-05,10,-1.76,15.83,15.63,rule_sell,MBB
2024-09-20,2024-10-21,21,2.78,16.15,16.68,rule_sell,MBB
2024-11-29,2024-12-24,17,-1.52,15.76,15.6,rule_sell,MBB
2024-12-25,2025-01-10,11,-1.0,15.96,15.88,rule_sell,MBB
2025-01-20,2025-03-26,42,9.32,16.4,18.01,rule_sell,MBB
2025-04-25,2025-06-05,26,3.06,17.68,18.31,rule_sell,MBB
2025-06-16,2025-09-08,58,41.22,18.84,26.7,rule_sell,MBB
2025-10-10,2025-10-20,6,-8.51,27.45,25.25,rule_sell,MBB
2025-11-27,2026-01-26,40,10.56,23.5,26.1,rule_sell,MBB
2026-02-11,2026-03-02,8,-5.16,29.0,27.65,rule_sell,MBB
2020-02-14,2020-02-24,6,-8.22,11.01,10.16,rule_sell,TCB
2020-04-10,2020-06-11,42,24.28,7.91,9.87,rule_sell,TCB
2020-07-09,2020-07-24,11,-7.47,9.9,9.21,rule_sell,TCB
2020-08-12,2020-10-07,39,10.49,9.28,10.3,rule_sell,TCB
2020-10-19,2020-10-28,7,-3.08,10.86,10.58,rule_sell,TCB
2020-11-13,2021-01-27,52,45.26,10.86,15.83,rule_sell,TCB
2021-02-17,2021-03-24,25,1.82,18.14,18.56,rule_sell,TCB
2021-04-06,2021-04-15,7,-3.56,19.93,19.32,rule_sell,TCB
2021-05-04,2021-06-08,25,13.55,20.5,23.38,rule_sell,TCB
2021-07-01,2021-07-14,9,-4.83,25.18,24.09,rule_sell,TCB
2021-08-03,2021-08-23,14,-6.38,24.47,23.03,rule_sell,TCB
2021-09-17,2021-10-04,11,-3.31,23.5,22.84,rule_sell,TCB
2021-10-06,2021-10-25,13,0.68,23.76,24.04,rule_sell,TCB
2021-11-24,2021-11-30,4,-7.17,26.22,24.47,rule_sell,TCB
2021-12-31,2022-01-19,12,-2.79,23.62,23.08,rule_sell,TCB
2022-01-21,2022-02-21,16,2.94,23.52,24.33,rule_sell,TCB
2022-03-22,2022-04-12,14,-4.32,23.57,22.67,rule_sell,TCB
2022-06-03,2022-06-20,11,-9.97,17.22,15.59,rule_sell,TCB
2022-06-28,2022-08-29,44,5.09,17.34,18.31,rule_sell,TCB
2022-11-01,2022-12-23,38,7.09,12.12,13.04,rule_sell,TCB
2023-01-12,2023-02-03,11,-3.24,13.16,12.8,rule_sell,TCB
2023-02-20,2023-02-24,4,-5.24,13.51,12.87,rule_sell,TCB
2023-03-09,2023-03-14,3,-5.91,13.13,12.42,rule_sell,TCB
2023-03-28,2023-04-20,17,4.27,13.01,13.63,rule_sell,TCB
2023-05-22,2023-06-30,29,5.54,14.41,15.28,rule_sell,TCB
2023-07-25,2023-08-18,18,-3.53,15.83,15.35,rule_sell,TCB
2023-08-31,2023-09-18,10,-1.67,16.3,16.11,rule_sell,TCB
2023-11-06,2023-11-27,15,-5.96,14.64,13.84,rule_sell,TCB
2023-12-07,2024-01-31,38,11.51,14.57,16.32,rule_sell,TCB
2024-02-07,2024-03-18,23,6.99,17.62,18.94,rule_sell,TCB
2024-03-26,2024-04-15,14,-3.91,21.71,20.97,rule_sell,TCB
2024-05-03,2024-05-22,13,-1.25,22.77,22.6,rule_sell,TCB
2024-06-07,2024-06-24,11,-2.97,23.92,23.33,rule_sell,TCB
2024-07-22,2024-07-25,3,-4.32,23.04,22.16,rule_sell,TCB
2024-07-31,2024-08-05,3,-4.61,22.65,21.72,rule_sell,TCB
2024-08-22,2024-09-13,14,-1.14,21.77,21.63,rule_sell,TCB
2024-09-18,2024-10-21,23,4.5,22.41,23.53,rule_sell,TCB
2024-11-22,2024-12-20,20,0.81,22.89,23.19,rule_sell,TCB
2024-12-27,2025-01-03,4,-4.59,23.97,22.99,rule_sell,TCB
2025-01-23,2025-04-03,45,4.97,23.97,25.28,rule_sell,TCB
2025-04-29,2025-06-06,25,14.72,25.62,29.52,rule_sell,TCB
2025-06-18,2025-07-29,29,2.88,31.95,33.03,rule_sell,TCB
2025-08-06,2025-09-08,21,-1.01,37.21,37.02,rule_sell,TCB
2025-10-06,2025-10-20,10,-4.43,39.4,37.85,rule_sell,TCB
2025-11-18,2025-12-12,18,-9.98,35.35,32.0,rule_sell,TCB
2025-12-22,2026-01-26,23,0.78,35.2,35.65,rule_sell,TCB
2026-02-13,2026-03-03,7,-5.72,35.45,33.6,rule_sell,TCB
2020-02-27,2020-03-09,7,-10.19,65.55,59.2,rule_sell,VNM
2020-04-03,2020-06-15,49,17.4,57.98,68.36,rule_sell,VNM
2020-07-16,2020-07-22,4,-3.39,72.65,70.55,rule_sell,VNM
2020-08-06,2020-10-20,52,12.28,70.98,80.05,rule_sell,VNM
2020-11-20,2020-11-30,6,-2.94,83.59,81.55,rule_sell,VNM
2020-12-10,2020-12-22,8,-2.37,84.42,82.84,rule_sell,VNM
2021-01-07,2021-01-19,8,-2.95,83.98,81.92,rule_sell,VNM
2021-02-05,2021-02-25,9,-5.07,83.37,79.56,rule_sell,VNM
2021-04-01,2021-04-16,11,-4.56,76.83,73.71,rule_sell,VNM
2021-04-23,2021-04-26,1,-4.03,75.69,73.02,rule_sell,VNM
2021-05-26,2021-06-24,21,-1.81,69.22,68.31,rule_sell,VNM
2021-07-01,2021-07-05,2,-2.36,70.0,68.7,rule_sell,VNM
2021-07-23,2021-08-23,21,-2.32,67.46,66.23,rule_sell,VNM
2021-09-13,2021-10-18,25,2.47,68.32,70.35,rule_sell,VNM
2021-12-31,2022-01-12,7,-2.72,67.69,66.19,rule_sell,VNM
2022-01-14,2022-01-17,1,-2.62,67.46,66.03,rule_sell,VNM
2022-02-07,2022-02-16,7,-4.21,66.51,64.04,rule_sell,VNM
2022-03-31,2022-04-14,9,-6.2,64.44,60.77,rule_sell,VNM
2022-05-25,2022-06-13,13,-8.15,57.27,52.89,rule_sell,VNM
2022-06-21,2022-07-26,25,0.59,58.7,59.34,rule_sell,VNM
2022-08-19,2022-09-14,16,-0.65,61.07,60.98,rule_sell,VNM
2022-10-13,2022-11-15,23,3.84,60.82,63.46,rule_sell,VNM
2022-11-24,2022-12-09,11,-1.98,66.92,65.93,rule_sell,VNM
2023-01-03,2023-01-31,15,-2.28,65.85,64.68,rule_sell,VNM
2023-02-20,2023-02-24,4,-4.11,65.01,62.66,rule_sell,VNM
2023-03-01,2023-03-20,13,-3.88,64.51,62.33,rule_sell,VNM
2023-06-12,2023-08-15,46,10.28,56.96,63.1,rule_sell,VNM
2023-08-28,2023-09-21,16,-0.37,67.52,67.61,rule_sell,VNM
2023-11-08,2023-11-27,13,-5.12,61.89,59.03,rule_sell,VNM
2023-12-08,2023-12-19,7,-3.39,59.81,58.08,rule_sell,VNM
2023-12-28,2024-01-12,10,-2.41,59.82,58.68,rule_sell,VNM
2024-01-22,2024-01-25,3,-2.55,59.64,58.42,rule_sell,VNM
2024-02-05,2024-03-08,19,2.45,59.38,61.13,rule_sell,VNM
2024-05-07,2024-05-30,17,-3.87,60.15,58.12,rule_sell,VNM
2024-06-05,2024-06-14,7,-3.85,60.59,58.56,rule_sell,VNM
2024-07-04,2024-07-16,8,-0.96,58.74,58.47,rule_sell,VNM
2024-07-29,2024-08-29,23,8.89,59.44,65.02,rule_sell,VNM
2024-10-24,2024-10-30,4,-3.57,62.61,60.69,rule_sell,VNM
2024-12-11,2025-01-02,15,-1.44,58.76,58.21,rule_sell,VNM
2025-01-24,2025-02-04,2,-3.71,57.38,55.54,rule_sell,VNM
2025-02-21,2025-03-13,14,0.49,56.64,57.2,rule_sell,VNM
2025-04-25,2025-05-28,20,-2.45,53.78,52.73,rule_sell,VNM
2025-06-04,2025-08-01,42,4.95,54.35,57.31,rule_sell,VNM
2025-09-03,2025-09-10,5,-3.26,58.74,57.12,rule_sell,VNM
2025-09-12,2025-09-25,9,-3.2,60.37,58.74,rule_sell,VNM
2025-10-08,2025-10-20,8,-9.68,60.56,55.0,rule_sell,VNM
2025-11-11,2025-12-11,22,3.91,58.9,61.5,rule_sell,VNM
2026-01-13,2026-02-10,20,7.56,63.3,68.4,rule_sell,VNM
2020-02-18,2020-02-24,4,-4.49,7.01,6.73,rule_sell,DGC
2020-04-09,2020-06-24,52,70.18,6.31,10.77,rule_sell,DGC
2020-08-14,2020-08-18,2,-1.91,10.66,10.51,rule_sell,DGC
2020-08-19,2020-10-16,41,23.75,10.93,13.58,rule_sell,DGC
2020-11-06,2021-01-19,51,23.09,13.86,17.13,rule_sell,DGC
2021-01-25,2021-01-27,2,-4.84,18.44,17.64,rule_sell,DGC
2021-02-08,2021-03-22,25,26.81,18.38,23.4,rule_sell,DGC
2021-05-04,2021-07-06,45,19.78,25.15,30.25,rule_sell,DGC
2021-07-09,2021-07-13,2,-8.33,34.08,31.41,rule_sell,DGC
2021-07-23,2021-10-19,60,64.0,35.83,58.94,rule_sell,DGC
2021-11-18,2021-12-03,11,-6.88,65.65,61.46,rule_sell,DGC
2021-12-09,2021-12-20,7,-5.17,68.13,64.95,rule_sell,DGC
2022-02-08,2022-04-25,53,49.6,57.55,86.38,rule_sell,DGC
2022-05-24,2022-06-21,20,12.97,87.01,98.73,rule_sell,DGC
2022-08-09,2022-09-19,27,-1.77,80.61,79.59,rule_sell,DGC
2022-10-17,2022-11-07,15,-15.78,70.36,59.61,rule_sell,DGC
2022-11-30,2022-12-26,18,-6.2,51.57,48.63,rule_sell,DGC
2023-01-05,2023-01-09,2,-5.93,53.95,51.02,rule_sell,DGC
2023-01-19,2023-02-07,8,-7.68,53.06,49.25,rule_sell,DGC
2023-03-10,2023-04-24,31,-1.08,46.59,46.32,rule_sell,DGC
2023-05-30,2023-08-18,58,30.55,48.57,63.65,rule_sell,DGC
2023-08-25,2023-10-03,25,13.53,72.05,82.16,rule_sell,DGC
2023-11-08,2023-12-14,26,1.64,83.97,85.77,rule_sell,DGC
2023-12-29,2024-01-10,7,-2.51,88.05,86.28,rule_sell,DGC
2024-02-06,2024-04-01,34,25.34,89.17,112.21,rule_sell,DGC
2024-05-02,2024-06-04,23,2.67,112.11,115.66,rule_sell,DGC
2024-06-18,2024-06-27,7,-5.27,121.25,115.47,rule_sell,DGC
2024-07-08,2024-07-17,7,-3.25,118.73,115.47,rule_sell,DGC
2024-08-16,2024-10-04,33,1.94,103.34,105.86,rule_sell,DGC
2024-10-14,2024-10-17,3,-1.87,108.38,106.89,rule_sell,DGC
2024-11-07,2024-11-19,8,-3.25,104.93,102.04,rule_sell,DGC
2024-12-03,2025-01-03,22,4.59,105.3,110.66,rule_sell,DGC
2025-02-04,2025-02-10,4,-4.0,106.83,103.09,rule_sell,DGC
2025-02-20,2025-03-13,15,-1.77,105.68,104.34,rule_sell,DGC
2025-04-23,2025-05-22,18,-2.71,87.0,85.08,rule_sell,DGC
2025-05-27,2025-07-29,45,10.07,87.95,97.25,rule_sell,DGC
2025-08-08,2025-08-15,5,-4.13,103.0,99.26,rule_sell,DGC
2025-09-15,2025-09-23,6,-4.01,95.33,91.98,rule_sell,DGC
2025-10-13,2025-10-20,5,-9.78,91.88,83.35,rule_sell,DGC
2025-10-28,2025-11-25,20,-0.5,90.06,90.06,rule_sell,DGC
2025-12-04,2025-12-05,1,-2.57,92.94,91.02,rule_sell,DGC
2026-01-15,2026-03-17,38,1.73,67.3,68.8,rule_sell,DGC
2020-11-30,2020-12-11,9,-14.36,3.68,3.17,rule_sell,AAS
2020-12-21,2021-01-25,24,49.36,3.51,5.26,rule_sell,AAS
2021-02-24,2021-03-24,20,6.92,4.58,4.92,rule_sell,AAS
2021-04-01,2021-04-20,13,-3.54,5.6,5.43,rule_sell,AAS
2021-05-21,2021-07-06,32,57.95,5.03,7.97,rule_sell,AAS
2021-08-03,2021-10-04,42,25.83,7.52,9.5,rule_sell,AAS
2021-10-15,2021-12-10,40,32.69,11.42,15.21,rule_sell,AAS
2022-01-06,2022-01-11,3,-6.41,17.25,16.23,rule_sell,AAS
2022-02-07,2022-03-28,35,10.59,15.78,17.53,rule_sell,AAS
2022-04-08,2022-04-19,6,-10.19,19.91,17.98,rule_sell,AAS
2022-06-03,2022-06-14,7,-12.52,14.14,12.44,rule_sell,AAS
2022-07-12,2022-08-11,22,13.77,9.95,11.37,rule_sell,AAS
2022-11-28,2022-12-21,17,-2.43,5.71,5.6,rule_sell,AAS
2023-01-04,2023-02-07,19,0.49,6.05,6.11,rule_sell,AAS
2023-03-15,2023-03-20,3,-8.3,5.77,5.32,rule_sell,AAS
2023-03-27,2023-04-25,21,13.61,5.6,6.39,rule_sell,AAS
2023-05-12,2023-07-21,50,32.31,7.07,9.39,rule_sell,AAS
2023-08-08,2023-08-18,8,-10.64,10.26,9.22,rule_sell,AAS
2023-08-31,2023-09-21,13,2.14,9.83,10.09,rule_sell,AAS
2023-11-06,2023-12-15,29,6.78,7.83,8.4,rule_sell,AAS
2024-01-05,2024-01-12,5,-3.95,8.7,8.4,rule_sell,AAS
2024-02-15,2024-03-18,22,5.45,8.4,8.9,rule_sell,AAS
2024-03-27,2024-04-04,6,-5.71,9.6,9.1,rule_sell,AAS
2024-05-13,2024-06-18,26,-1.68,8.5,8.4,rule_sell,AAS
2024-07-11,2024-07-19,6,-4.11,8.3,8.0,rule_sell,AAS
2024-08-16,2024-09-11,16,-5.91,7.4,7.0,rule_sell,AAS
2024-09-17,2024-10-10,17,-1.85,7.4,7.3,rule_sell,AAS
2024-12-09,2025-01-15,26,24.12,6.5,8.1,rule_sell,AAS
2025-02-17,2025-03-05,12,-3.8,9.1,8.8,rule_sell,AAS
2025-05-05,2025-06-09,25,15.5,7.5,8.7,rule_sell,AAS
2025-07-09,2025-09-08,41,72.33,9.2,15.9,rule_sell,AAS
2025-10-13,2025-10-21,6,-16.88,11.6,9.7,rule_sell,AAS
2025-11-26,2026-01-16,35,7.37,8.9,9.6,rule_sell,AAS
2026-01-22,2026-02-06,11,-11.21,11.2,10.0,rule_sell,AAS
2020-04-06,2020-05-13,25,-12.18,4.28,3.78,rule_sell,AAV
2020-05-14,2020-06-29,32,13.58,4.12,4.7,rule_sell,AAV
2020-08-07,2020-10-02,39,64.26,4.54,7.48,rule_sell,AAV
2020-11-24,2021-01-07,31,79.11,6.13,11.01,rule_sell,AAV
2021-02-18,2021-04-12,37,25.05,10.84,13.61,rule_sell,AAV
2021-05-14,2021-06-10,19,-2.48,13.11,12.85,rule_sell,AAV
2021-08-04,2021-10-18,51,127.36,12.17,27.73,rule_sell,AAV
2021-11-15,2021-11-19,4,-14.57,30.92,26.57,rule_sell,AAV
2021-12-27,2022-01-12,11,-12.05,24.25,21.45,rule_sell,AAV
2022-02-07,2022-03-03,18,0.75,23.19,23.48,rule_sell,AAV
2022-05-27,2022-06-13,11,-27.23,12.27,8.99,rule_sell,AAV
2022-07-08,2022-08-22,31,4.21,8.5,8.9,rule_sell,AAV
2022-11-28,2022-12-22,18,13.79,4.2,4.8,rule_sell,AAV
2023-01-18,2023-02-09,11,-4.76,4.7,4.5,rule_sell,AAV
2023-04-03,2023-04-24,15,-0.5,4.2,4.2,rule_sell,AAV
2023-05-10,2023-06-26,33,29.93,4.6,6.0,rule_sell,AAV
2023-07-13,2023-08-17,25,5.95,6.2,6.6,rule_sell,AAV
2023-09-08,2023-09-15,5,-9.88,6.4,5.8,rule_sell,AAV
2023-11-02,2023-12-01,21,-7.32,4.4,4.1,rule_sell,AAV
2023-12-13,2023-12-25,8,-5.15,4.3,4.1,rule_sell,AAV
2024-01-18,2024-02-02,11,-10.26,4.1,3.7,rule_sell,AAV
2024-02-16,2024-03-11,16,-5.63,3.9,3.7,rule_sell,AAV
2024-04-23,2024-06-04,27,58.47,3.9,6.2,rule_sell,AAV
2024-07-09,2024-08-05,19,-7.06,6.1,5.7,rule_sell,AAV
2024-08-20,2024-09-26,25,4.42,6.1,6.4,rule_sell,AAV
2024-10-29,2024-12-25,41,28.81,5.8,7.5,rule_sell,AAV
2025-02-14,2025-03-04,12,-3.32,7.1,6.9,rule_sell,AAV
2025-03-31,2025-04-08,5,-14.99,6.9,5.9,rule_sell,AAV
2025-04-18,2025-05-27,24,15.68,6.8,7.9,rule_sell,AAV
2025-07-11,2025-08-05,17,-4.91,6.8,6.5,rule_sell,AAV
2025-08-12,2025-08-20,6,-7.85,6.8,6.3,rule_sell,AAV
2025-10-01,2025-10-20,13,-7.28,5.9,5.5,rule_sell,AAV
2025-10-28,2025-12-09,30,12.83,6.0,6.8,rule_sell,AAV
2026-01-23,2026-02-04,8,-7.06,6.1,5.7,rule_sell,AAV
2026-02-27,2026-03-20,15,-2.14,6.1,6.0,rule_sell,AAV
2026-03-25,2026-04-14,14,0.91,7.1,7.2,rule_sell,AAV
2020-02-14,2020-03-02,11,-3.64,17.83,17.27,rule_sell,REE
2020-04-06,2020-06-11,46,0.5,16.07,16.23,rule_sell,REE
2020-07-03,2020-12-17,118,45.3,16.9,24.64,rule_sell,REE
2021-01-04,2021-01-27,17,2.68,26.77,27.62,rule_sell,REE
2021-02-09,2021-03-04,12,-3.14,30.34,29.54,rule_sell,REE
2021-04-29,2021-06-07,25,3.6,28.53,29.7,rule_sell,REE
2021-06-17,2021-06-24,5,-6.48,31.93,30.02,rule_sell,REE
2021-07-30,2021-09-24,38,18.05,29.27,34.7,rule_sell,REE
2021-10-06,2021-11-01,18,-0.21,38.21,38.32,rule_sell,REE
2021-12-13,2022-01-10,19,-2.39,36.94,36.24,rule_sell,REE
2022-01-27,2022-03-09,24,4.99,35.87,37.84,rule_sell,REE
2022-03-24,2022-04-20,18,1.01,42.42,43.06,rule_sell,REE
2022-05-06,2022-05-16,6,-12.81,46.29,40.59,rule_sell,REE
2022-05-19,2022-06-21,23,11.54,47.35,53.05,rule_sell,REE
2022-07-19,2022-07-29,8,-7.88,50.26,46.55,rule_sell,REE
2022-08-02,2022-09-08,25,2.95,48.65,50.33,rule_sell,REE
2022-09-14,2022-09-16,2,-2.26,52.99,52.06,rule_sell,REE
2022-10-17,2022-11-02,12,-6.39,49.4,46.49,rule_sell,REE
2022-11-28,2022-12-20,16,3.49,44.88,46.67,rule_sell,REE
2023-01-30,2023-02-14,11,-4.85,45.5,43.52,rule_sell,REE
2023-02-20,2023-02-23,3,-4.49,45.13,43.33,rule_sell,REE
2023-03-15,2023-03-22,5,-3.11,43.22,42.09,rule_sell,REE
2023-03-27,2023-04-17,15,-0.8,42.72,42.59,rule_sell,REE
2023-05-15,2023-07-20,48,10.22,42.15,46.67,rule_sell,REE
2023-07-28,2023-08-01,2,-4.16,49.12,47.32,rule_sell,REE
2023-08-30,2023-09-29,20,-0.19,45.51,45.65,rule_sell,REE
2023-11-14,2023-12-15,23,-2.58,41.83,40.96,rule_sell,REE
2024-01-03,2024-01-10,5,-3.62,41.61,40.31,rule_sell,REE
2024-01-23,2024-02-02,8,-3.83,41.1,39.73,rule_sell,REE
2024-02-15,2024-04-04,35,7.38,42.12,45.44,rule_sell,REE
2024-05-02,2024-06-14,31,9.64,47.13,51.91,rule_sell,REE
2024-07-08,2024-08-01,18,1.62,56.13,57.32,rule_sell,REE
2024-08-19,2024-09-04,10,-5.18,59.34,56.56,rule_sell,REE
2024-09-25,2024-10-08,9,-3.31,56.98,55.38,rule_sell,REE
2024-10-30,2024-11-01,2,-5.11,54.87,52.34,rule_sell,REE
2024-11-07,2024-12-12,25,1.81,54.45,55.71,rule_sell,REE
2024-12-25,2024-12-30,3,-2.97,57.99,56.56,rule_sell,REE
2025-01-17,2025-03-14,35,7.26,56.3,60.67,rule_sell,REE
2025-04-21,2025-07-02,49,11.31,58.36,65.25,rule_sell,REE
2025-07-22,2025-07-29,5,-3.41,67.71,65.74,rule_sell,REE
2025-09-05,2025-09-29,16,-3.77,66.13,63.97,rule_sell,REE
2025-10-29,2025-11-26,20,0.29,63.47,63.97,rule_sell,REE
2026-01-07,2026-02-02,18,-1.78,61.01,60.23,rule_sell,REE
2026-02-03,2026-02-06,3,-2.72,61.7,60.33,rule_sell,REE
2026-02-24,2026-03-09,9,-6.39,61.31,57.7,rule_sell,REE
2026-03-13,2026-04-03,15,0.44,63.8,64.4,rule_sell,REE
2020-04-06,2020-06-15,48,8.19,20.72,22.52,rule_sell,BID
2020-07-09,2020-07-22,9,-4.33,23.48,22.58,rule_sell,BID
2020-08-12,2020-09-25,31,3.57,22.13,23.03,rule_sell,BID
2020-10-14,2020-10-27,9,-5.66,24.22,22.97,rule_sell,BID
2020-11-13,2021-01-19,46,13.65,22.75,25.97,rule_sell,BID
2021-02-18,2021-03-25,25,-3.15,24.91,24.25,rule_sell,BID
2021-04-01,2021-04-15,10,-2.56,25.23,24.71,rule_sell,BID
2021-05-12,2021-06-10,21,2.44,24.48,25.2,rule_sell,BID
2021-06-30,2021-07-06,4,-7.36,27.12,25.26,rule_sell,BID
2021-08-02,2021-08-20,14,-5.29,24.42,23.25,rule_sell,BID
2021-09-17,2021-12-03,55,4.51,22.96,24.11,rule_sell,BID
2021-12-31,2022-02-14,25,20.12,26.91,32.46,rule_sell,BID
2022-03-18,2022-04-08,15,-5.05,31.84,30.39,rule_sell,BID
2022-05-27,2022-06-13,11,-9.99,25.6,23.17,rule_sell,BID
2022-06-28,2022-07-25,19,4.66,24.41,25.67,rule_sell,BID
2022-07-29,2022-08-22,16,2.61,27.05,27.89,rule_sell,BID
2022-10-19,2022-12-12,38,14.96,23.93,27.63,rule_sell,BID
2022-12-28,2022-12-30,2,-8.36,30.39,28.0,rule_sell,BID
2023-01-03,2023-02-10,23,3.75,29.88,31.15,rule_sell,BID
2023-02-20,2023-02-27,5,-6.75,34.23,32.09,rule_sell,BID
2023-03-07,2023-03-14,5,-4.47,34.02,32.67,rule_sell,BID
2023-05-08,2023-05-23,11,-2.41,32.42,31.8,rule_sell,BID
2023-06-02,2023-06-09,5,-3.31,32.42,31.51,rule_sell,BID
2023-06-13,2023-06-16,3,-1.99,32.17,31.69,rule_sell,BID
2023-06-23,2023-08-10,34,4.48,32.13,33.73,rule_sell,BID
2023-09-05,2023-09-18,9,-4.19,34.45,33.18,rule_sell,BID
2023-10-27,2024-02-01,68,26.29,30.46,38.62,rule_sell,BID
2024-02-23,2024-03-08,10,-2.24,42.5,41.76,rule_sell,BID
2024-04-12,2024-04-15,1,-7.42,43.64,40.62,rule_sell,BID
2024-07-03,2024-07-25,16,-3.04,38.58,37.6,rule_sell,BID
2024-07-31,2024-08-05,3,-3.64,38.9,37.68,rule_sell,BID
2024-08-14,2024-09-10,17,2.59,38.45,39.64,rule_sell,BID
2024-09-25,2024-10-07,8,-2.41,40.87,40.09,rule_sell,BID
2024-10-17,2024-10-22,3,-3.59,41.11,39.84,rule_sell,BID
2024-11-27,2024-12-31,24,-2.45,37.88,37.14,rule_sell,BID
2025-01-06,2025-03-05,37,4.27,38.37,40.2,rule_sell,BID
2025-05-08,2025-06-05,20,-0.36,35.06,35.11,rule_sell,BID
2025-06-16,2025-07-29,31,3.81,35.46,36.99,rule_sell,BID
2025-08-07,2025-09-08,20,-0.03,40.01,40.2,rule_sell,BID
2025-10-10,2025-10-15,3,-3.94,40.75,39.35,rule_sell,BID
2025-11-05,2025-11-25,14,-4.77,38.65,37.0,rule_sell,BID
2025-12-03,2025-12-15,8,-4.15,38.4,37.0,rule_sell,BID
2025-12-17,2026-02-05,34,35.03,38.0,51.5,rule_sell,BID
2020-04-03,2020-04-28,17,0.61,40.44,40.89,rule_sell,VIC
2020-05-06,2020-06-04,21,0.57,42.22,42.67,rule_sell,VIC
2020-07-16,2020-07-24,6,-5.87,41.33,39.11,rule_sell,VIC
2020-08-17,2020-09-25,28,5.3,38.98,41.24,rule_sell,VIC
2020-10-14,2020-11-16,23,6.87,42.22,45.33,rule_sell,VIC
2020-12-14,2020-12-17,3,-4.36,48.4,46.53,rule_sell,VIC
2020-12-30,2021-01-19,13,-5.83,48.22,45.65,rule_sell,VIC
2021-02-05,2021-03-05,15,-1.61,47.78,47.25,rule_sell,VIC
2021-03-19,2021-04-28,27,20.82,48.18,58.45,rule_sell,VIC
2021-06-07,2021-06-10,3,-5.79,54.67,51.78,rule_sell,VIC
2021-06-15,2021-07-06,15,-8.47,54.09,49.78,rule_sell,VIC
2021-07-30,2021-08-24,17,-0.4,47.65,47.7,rule_sell,VIC
2021-10-05,2021-11-18,32,6.16,44.3,47.25,rule_sell,VIC
2021-11-26,2021-12-15,13,1.02,49.25,50.0,rule_sell,VIC
2022-01-06,2022-01-17,7,-7.68,52.25,48.5,rule_sell,VIC
2022-03-21,2022-04-21,22,-4.82,40.5,38.75,rule_sell,VIC
2022-05-05,2022-05-16,7,-4.25,40.0,38.5,rule_sell,VIC
2022-05-31,2022-06-13,9,-3.55,39.4,38.2,rule_sell,VIC
2022-08-15,2022-08-29,10,-4.72,33.2,31.8,rule_sell,VIC
2022-10-13,2022-10-25,8,-7.62,30.2,28.05,rule_sell,VIC
2022-11-15,2022-12-12,19,10.2,28.5,31.55,rule_sell,VIC
2023-01-17,2023-02-14,15,-4.67,27.6,26.45,rule_sell,VIC
2023-03-10,2023-04-11,22,0.44,26.55,26.8,rule_sell,VIC
2023-05-17,2023-06-22,26,-2.0,26.6,26.2,rule_sell,VIC
2023-07-17,2023-08-24,28,20.86,26.45,32.1,rule_sell,VIC
2023-11-08,2024-01-12,46,-0.5,21.5,21.5,rule_sell,VIC
2024-02-16,2024-03-08,15,1.41,21.98,22.4,rule_sell,VIC
2024-03-19,2024-04-15,19,-0.5,23.5,23.5,rule_sell,VIC
2024-05-08,2024-05-29,15,-2.7,22.7,22.2,rule_sell,VIC
2024-07-12,2024-08-12,21,-3.28,20.88,20.3,rule_sell,VIC
2024-08-20,2024-09-16,17,0.32,20.85,21.02,rule_sell,VIC
2024-10-21,2024-10-29,6,-2.58,21.12,20.68,rule_sell,VIC
2024-11-25,2024-12-04,7,-2.94,20.5,20.0,rule_sell,VIC
2024-12-05,2024-12-26,15,-1.04,20.43,20.32,rule_sell,VIC
2025-01-09,2025-01-15,4,-1.78,20.38,20.12,rule_sell,VIC
2025-02-07,2025-02-11,2,-2.17,20.32,19.98,rule_sell,VIC
2025-02-19,2025-04-22,43,45.54,20.2,29.5,rule_sell,VIC
2025-05-07,2025-06-09,23,22.52,36.7,45.15,rule_sell,VIC
2025-06-30,2025-07-31,23,9.86,47.8,52.75,rule_sell,VIC
2025-08-20,2025-10-31,50,53.28,62.1,95.5,rule_sell,VIC
2025-11-19,2026-01-14,38,44.81,110.25,160.2,rule_sell,VIC
2026-02-12,2026-03-09,12,-8.93,159.0,145.6,rule_sell,VIC
