symbol,entry_idx,exit_idx,entry_price,exit_price,holding_days,trade_return_pct,max_dd_in_trade_pct,max_profit_in_trade_pct,sub_waves,is_win,entry_wave_pos,entry_dist_from_peak_pct,entry_recent_5d_ret_pct,exit_wave_pos,after_exit_max_up_pct,after_exit_max_down_pct,after_exit_5d_return_pct,after_exit_10d_return_pct,missed_profit_pct,gave_back_pct
AAA,1201,1203,10.2,9.62,2,-5.69,-5.69,1.18,2,False,1.0,0.0,6.92,0.65,2.39,-7.28,0.0,-7.28,6.86,6.86
AAA,1240,1250,9.23,9.04,10,-2.06,-3.79,7.58,5,False,1.0,0.0,9.1,0.59,8.96,2.54,5.09,5.97,9.64,9.64
AAA,1255,1261,9.5,9.54,6,0.42,0.0,3.68,4,True,0.74,-4.33,5.09,0.63,5.77,0.42,5.77,2.1,3.26,3.26
AAA,1262,1264,9.74,9.58,2,-1.64,-1.64,0.0,1,False,0.82,-1.91,0.0,0.61,11.38,0.84,0.84,11.38,1.64,1.64
AAA,1266,1267,10.09,9.7,1,-3.87,-3.87,0.0,1,False,1.0,0.0,5.77,0.63,10.82,-0.41,0.82,10.0,3.87,3.87
AAA,1270,1271,9.81,9.74,1,-0.71,-0.71,0.0,1,False,0.73,-2.78,1.13,0.57,10.37,-3.18,7.49,0.41,0.71,0.71
AAA,1272,1278,9.78,10.01,6,2.35,0.0,9.92,4,True,0.62,-3.07,0.82,0.39,2.3,-5.79,-1.6,1.5,7.57,7.57
AAA,1330,1331,9.62,9.5,1,-1.25,-1.25,0.0,1,False,1.0,0.0,0.0,0.9,3.68,0.42,2.11,3.68,1.25,1.25
AAA,1332,1349,9.54,9.82,17,2.94,0.0,4.61,8,True,0.93,-0.83,0.74,0.67,2.44,-0.41,1.22,2.44,1.68,1.68
AAA,1351,1353,10.02,9.9,2,-1.2,-1.2,0.0,1,False,1.0,0.0,1.62,0.63,2.42,-1.21,-0.81,0.0,1.2,1.2
AAA,1354,1355,9.94,9.78,1,-1.61,-1.61,0.0,1,False,0.75,-0.8,1.22,0.25,3.68,0.41,3.68,0.41,1.61,1.61
AAA,1359,1361,10.06,9.98,2,-0.8,-0.8,0.8,2,False,1.0,0.0,1.21,0.6,1.2,-1.6,-0.8,-0.5,1.59,1.59
AAA,1369,1371,10.1,9.93,2,-1.68,-1.68,0.0,1,False,0.89,-0.39,2.85,0.42,0.0,-7.75,-7.75,-4.33,1.68,1.68
AAA,1392,1434,10.44,12.22,42,17.05,-2.11,28.45,25,True,1.0,0.0,8.86,0.39,2.05,-15.3,0.0,-13.18,11.4,11.4
AAA,1458,1475,12.6,13.32,17,5.71,-3.73,14.44,7,True,1.0,0.0,3.11,0.57,6.98,1.28,5.71,6.98,8.73,8.73
AAA,1479,1494,13.96,13.83,15,-0.93,-0.93,8.81,6,False,0.8,-3.19,0.65,0.27,2.75,-5.86,0.94,-3.69,9.74,9.74
AAA,1529,1540,13.7,15.82,11,15.47,0.0,26.93,6,True,0.89,-0.94,0.96,0.65,-0.51,-17.38,-13.65,-15.55,11.46,11.46
AAA,1567,1575,14.72,14.76,8,0.27,-2.04,5.16,5,True,1.0,0.0,6.74,0.7,8.33,-3.46,2.57,4.07,4.89,4.89
AAA,1580,1589,15.14,15.41,9,1.78,-0.79,5.61,5,True,0.81,-2.2,2.57,0.67,3.44,-3.11,0.97,-3.11,3.83,3.83
AAA,1593,1594,15.89,15.56,1,-2.08,-2.08,0.0,1,False,0.94,-0.63,1.53,0.75,2.44,-4.05,-4.05,-3.08,2.08,2.08
AAA,1596,1598,15.84,15.65,2,-1.2,-1.2,0.63,2,False,0.91,-0.94,2.46,0.77,1.53,-4.6,-4.6,-0.58,1.83,1.83
AAA,1607,1608,15.89,15.56,1,-2.08,-2.08,0.0,1,False,0.95,-0.31,5.37,0.62,2.12,-1.86,0.9,-0.32,2.08,2.08
AAA,1609,1613,15.56,15.7,4,0.9,0.0,2.12,2,True,0.62,-2.38,3.18,0.76,5.22,-2.74,-1.21,5.22,1.22,1.22
AAA,1621,1626,16.42,16.04,5,-2.31,-2.31,2.62,3,False,1.0,0.0,6.9,0.49,10.16,-0.62,8.67,7.17,4.93,4.93
AAA,1628,1638,16.33,16.81,10,2.94,0.0,9.37,8,True,0.67,-3.09,-1.15,0.55,0.24,-5.18,-3.45,-3.45,6.43,6.43
AAA,1655,1666,17.62,19.4,11,10.1,-1.36,19.35,8,True,0.89,-1.34,10.89,0.7,12.84,-15.36,5.21,-15.36,9.25,9.25
AAA,1669,1671,21.51,20.41,2,-5.11,-5.11,1.77,2,False,1.0,0.0,3.96,0.75,-5.88,-22.15,-19.55,-22.15,6.88,6.88
AAA,1719,1726,18.58,18.01,7,-3.07,-3.88,0.27,5,False,1.0,0.0,9.62,0.71,-0.28,-21.38,-11.22,-21.38,3.34,3.34
AAA,1802,1818,12.0,12.05,16,0.42,-3.17,4.0,11,True,1.0,0.0,4.53,0.64,0.83,-5.15,-3.57,-5.15,3.58,3.58
AAA,1819,1820,12.15,12.0,1,-1.23,-1.23,0.0,1,False,0.73,-2.64,-0.74,0.54,-0.75,-4.75,-1.17,-4.33,1.23,1.23
AAA,1901,1905,7.27,6.89,4,-5.23,-5.23,3.16,2,False,0.98,-0.41,5.06,0.47,0.29,-6.97,-4.06,-0.87,8.39,8.39
AAA,1925,1938,7.28,7.49,13,2.88,0.0,13.74,8,True,1.0,0.0,5.51,0.47,13.89,2.27,13.89,11.48,10.85,10.85
AAA,1941,1963,7.96,8.45,22,6.16,0.0,11.56,12,True,0.78,-3.86,-3.86,0.31,6.51,0.24,2.84,6.51,5.4,5.4
AAA,1966,1981,8.58,8.83,15,2.91,0.0,7.23,8,True,0.43,-3.38,-0.69,0.51,15.86,0.0,2.72,15.86,4.31,4.31
AAA,1984,2005,9.05,10.42,21,15.14,-0.55,18.9,13,True,0.79,-1.63,-0.77,0.81,7.87,-0.96,1.82,5.57,3.76,3.76
AAA,2008,2022,10.52,10.76,14,2.28,-0.48,6.84,9,True,0.85,-2.23,-2.23,0.48,0.37,-4.09,-2.23,-1.86,4.56,4.56
AAA,2038,2056,10.95,11.19,18,2.19,-1.37,9.22,11,True,0.83,-1.26,6.52,0.5,4.29,0.8,3.84,2.95,7.03,7.03
AAA,2061,2063,11.62,11.43,2,-1.64,-1.64,0.43,2,False,0.71,-2.84,3.84,0.48,0.79,-13.04,-1.31,-10.94,2.07,2.07
AAA,2066,2067,11.52,11.33,1,-1.65,-1.65,0.0,1,False,0.56,-3.68,-0.86,0.38,-0.44,-12.27,-10.59,-9.27,1.65,1.65
AAA,2132,2136,8.94,8.69,4,-2.8,-2.8,1.01,4,False,1.0,0.0,2.29,0.75,8.29,-0.23,0.23,7.13,3.8,3.8
AAA,2143,2151,8.87,8.95,8,0.9,0.0,6.09,4,True,0.76,-1.77,2.31,0.38,1.12,-3.35,-0.89,1.12,5.19,5.19
AAA,2161,2172,9.05,9.03,11,-0.22,-0.22,3.31,8,False,0.53,-3.83,2.03,0.54,10.63,0.78,2.21,10.63,3.54,3.54
AAA,2177,2206,9.23,10.47,29,13.43,0.0,17.55,16,True,0.75,-1.28,2.21,0.43,1.34,-4.11,-1.81,0.0,4.12,4.12
AAA,2215,2216,10.61,10.47,1,-1.32,-1.32,0.0,1,False,0.7,-2.21,2.81,0.53,3.63,-1.43,2.77,3.15,1.32,1.32
AAA,2221,2227,10.76,10.56,6,-1.86,-1.86,0.84,5,False,0.95,-0.37,2.77,0.64,0.0,-13.83,-8.62,-13.83,2.7,2.7
AAA,2248,2257,10.71,10.56,9,-1.4,-1.4,3.55,7,False,1.0,0.0,6.25,0.73,11.36,1.89,7.77,7.77,4.95,4.95
AAA,2258,2265,10.76,11.28,7,4.83,0.0,9.29,4,True,0.81,-2.98,-2.18,0.69,1.77,-5.94,-2.13,-4.26,4.46,4.46
AAA,2266,2268,11.48,11.19,2,-2.53,-2.53,0.0,1,False,0.82,-2.38,-1.63,0.52,-1.34,-5.18,-5.18,-3.84,2.53,2.53
AAA,2288,2295,11.28,11.24,7,-0.35,-0.35,5.59,4,False,1.0,0.0,4.83,0.48,2.94,-2.58,-0.44,-0.44,5.94,5.94
AAA,2296,2297,11.57,11.24,1,-2.85,-2.85,0.0,1,False,0.74,-2.85,0.0,0.48,2.49,-4.27,0.0,-3.47,2.85,2.85
AAA,2304,2305,11.52,11.19,1,-2.86,-2.86,0.0,1,False,0.63,-3.27,5.21,0.25,-3.04,-11.62,-7.33,-10.72,2.86,2.86
AAA,2398,2401,8.4,8.27,3,-1.55,-1.55,0.95,2,False,0.9,-0.71,0.12,0.62,4.72,-0.85,3.02,1.21,2.5,2.5
AAA,2406,2411,8.52,8.37,5,-1.76,-1.76,1.64,3,False,1.0,0.0,3.02,0.42,0.24,-5.62,-2.99,-5.62,3.4,3.4
AAA,2436,2437,8.32,8.25,1,-0.84,-0.84,0.0,1,False,0.76,-1.54,-1.54,0.64,4.73,0.12,3.88,3.88,0.84,0.84
AAA,2438,2451,8.26,8.39,13,1.57,0.0,4.6,6,True,0.65,-2.25,-0.72,0.48,1.67,-1.79,1.67,-1.55,3.03,3.03
AAA,2456,2457,8.53,8.42,1,-1.29,-1.29,0.0,1,False,0.72,-1.27,1.67,0.44,-1.07,-3.68,-2.73,-3.56,1.29,1.29
AAA,2487,2496,7.28,7.2,9,-1.1,-1.1,1.51,3,False,0.55,-11.22,3.41,0.85,0.56,-2.08,-0.83,-1.67,2.61,2.61
AAA,2502,2503,7.24,7.2,1,-0.55,-0.55,0.0,1,False,0.71,-2.03,0.98,0.63,0.69,-1.67,-0.42,0.42,0.55,0.55
AAA,2511,2512,7.25,7.15,1,-1.38,-1.38,0.0,1,False,0.59,-1.89,2.4,0.29,7.69,0.7,3.36,6.57,1.38,1.38
AAA,2516,2545,7.28,8.42,29,15.66,0.0,20.88,16,True,1.0,0.0,0.41,0.66,0.95,-6.53,-6.53,-3.56,5.22,5.22
AAA,2547,2548,8.5,8.2,1,-3.53,-3.53,0.0,1,False,0.73,-3.41,-0.47,0.4,1.22,-4.02,-1.46,-0.49,3.53,3.53
AAA,2573,2575,8.59,8.2,2,-4.54,-4.54,0.0,1,False,1.0,0.0,5.66,0.36,2.2,-2.56,-0.24,-2.56,4.54,4.54
AAA,2576,2577,8.38,8.17,1,-2.51,-2.51,0.0,1,False,0.66,-2.44,3.33,0.31,1.71,-2.69,0.61,-2.33,2.51,2.51
AAA,2579,2580,8.31,8.18,1,-1.56,-1.56,0.0,1,False,0.54,-3.26,-1.07,0.33,0.49,-9.66,-2.32,-7.7,1.56,1.56
AAA,2609,2627,8.05,8.43,18,4.72,0.0,9.94,8,True,0.79,-2.19,3.21,0.56,-3.44,-6.17,-4.03,-6.17,5.22,5.22
AAH,181,182,3.7,3.6,1,-2.7,-2.7,0.0,1,False,0.67,-2.63,0.0,0.33,0.0,-2.78,-2.78,0.0,2.7,2.7
AAH,184,186,3.5,3.6,2,2.86,0.0,2.86,1,True,0.0,-7.89,-5.41,0.33,2.78,-2.78,0.0,0.0,0.0,0.0
AAH,200,222,4.2,4.9,22,16.67,0.0,47.62,11,True,1.0,0.0,13.51,0.19,-4.08,-12.24,-4.08,-12.24,30.95,30.95
AAH,223,225,4.7,4.6,2,-2.13,-2.13,0.0,1,False,0.06,-24.19,-4.08,0.0,2.17,-10.87,-4.35,-10.87,2.13,2.13
AAH,263,267,4.5,4.2,4,-6.67,-6.67,0.0,3,False,1.0,0.0,9.76,0.63,2.38,-2.38,0.0,0.0,6.67,6.67
AAH,271,274,4.2,4.2,3,0.0,0.0,2.38,2,False,0.63,-6.67,-2.33,0.4,0.0,-4.76,-2.38,-4.76,2.38,2.38
AAH,300,312,4.2,4.0,12,-4.76,-4.76,4.76,2,False,1.0,0.0,7.69,0.33,12.5,2.5,5.0,10.0,9.52,9.52
AAH,316,317,4.2,4.2,1,0.0,0.0,0.0,0,False,0.6,-4.55,2.44,0.6,7.14,-2.38,4.76,2.38,0.0,0.0
AAH,319,325,4.5,4.1,6,-8.89,-8.89,0.0,3,False,1.0,0.0,9.76,0.2,7.32,0.0,2.44,2.44,8.89,8.89
AAH,327,333,4.3,4.2,6,-2.33,-4.65,2.33,3,False,0.6,-4.44,-2.27,0.25,0.0,-2.38,-2.38,-2.38,4.65,4.65
AAH,398,400,3.8,3.7,2,-2.63,-2.63,0.0,1,False,1.0,0.0,2.7,0.5,-2.7,-5.41,-2.7,-5.41,2.63,2.63
AAS,66,82,5.2,4.52,16,-13.08,-13.08,30.58,6,False,1.0,0.0,27.76,0.11,-4.87,-23.67,-14.82,-8.63,43.65,43.65
AAS,93,119,4.3,4.81,26,11.86,0.0,20.93,10,True,0.25,-36.67,1.42,0.51,27.03,-1.25,16.42,23.49,9.07,9.07
AAS,122,138,4.98,4.86,16,-2.41,-2.41,22.69,10,False,0.61,-4.23,-3.3,0.08,7.0,-2.26,1.23,4.73,25.1,25.1
AAS,148,149,5.09,5.03,1,-1.18,-1.18,0.0,1,False,0.25,-16.69,3.46,0.21,6.76,-5.57,-4.37,6.76,1.18,1.18
AAS,151,154,4.98,4.81,3,-3.41,-3.41,0.0,1,False,0.17,-18.49,1.22,0.06,45.74,-1.25,11.64,45.74,3.41,3.41
AAS,156,192,4.92,7.18,36,45.93,0.0,96.54,18,True,0.2,-12.14,-1.2,0.18,-0.7,-11.0,-2.37,-6.27,50.61,50.61
AAS,206,249,7.07,9.5,43,34.37,0.0,47.24,20,True,0.21,-26.89,1.58,0.33,20.84,2.95,3.58,20.84,12.87,12.87
AAS,250,252,10.12,10.01,2,-1.09,-1.09,0.0,1,False,0.73,-2.79,-1.65,0.59,14.69,-2.3,11.89,10.69,1.09,1.09
AAS,257,295,11.2,16.8,38,50.0,-1.07,57.5,18,True,1.0,0.0,11.89,0.81,1.96,-9.46,-9.11,0.3,7.5,7.5
AAS,296,297,17.13,15.21,1,-11.21,-11.21,0.0,1,False,0.88,-2.89,-1.95,0.44,10.78,0.39,2.24,8.55,11.21,11.21
AAS,304,309,16.29,16.06,5,-1.41,-1.41,3.44,2,False,0.44,-7.65,3.23,0.36,7.72,0.37,4.61,0.37,4.85,4.85
AAS,314,317,16.8,16.63,3,-1.01,-1.01,2.98,2,False,0.83,-1.93,4.61,0.68,-2.41,-22.49,-20.44,-18.7,3.99,3.99
AAS,342,358,16.91,17.76,16,5.03,-2.66,9.34,7,True,1.0,0.0,9.17,0.74,1.58,-1.3,1.58,0.62,4.32,4.32
AAS,372,377,19.57,18.66,5,-4.65,-4.65,1.74,4,False,1.0,0.0,11.64,0.55,9.11,-11.79,-3.64,-8.2,6.39,6.39
AAS,378,380,20.36,19.06,2,-6.39,-6.39,0.0,1,False,1.0,0.0,2.88,0.6,-2.1,-13.64,-9.5,-7.14,6.39,6.39
AAS,443,445,11.2,11.03,2,-1.52,-1.52,1.52,2,False,0.98,-0.44,16.55,0.85,14.32,1.99,5.08,8.16,3.04,3.04
AAS,447,455,11.25,11.93,8,6.04,0.0,12.09,2,True,0.94,-1.06,0.0,0.8,2.35,-4.69,-1.84,-4.27,6.04,6.04
AAS,456,457,12.21,12.05,1,-1.31,-1.31,0.0,1,False,0.88,-3.17,3.83,0.83,-1.41,-5.64,-4.73,-5.23,1.31,1.31
AAS,568,575,6.11,6.33,7,3.6,0.0,7.36,4,True,0.96,-0.81,3.91,0.84,0.0,-8.85,-3.48,-7.11,3.76,3.76
AAS,618,626,6.05,6.28,8,3.8,0.0,12.23,2,True,1.0,0.0,8.04,0.65,8.92,0.8,8.92,2.71,8.43,8.43
AAS,628,633,6.5,6.39,5,-1.69,-1.69,5.23,2,False,0.8,-4.27,-4.27,0.64,10.64,-0.94,-0.94,10.64,6.92,6.92
AAS,643,646,7.07,6.96,3,-1.56,-1.56,0.0,1,False,1.0,0.0,11.69,0.86,12.07,-1.72,0.0,12.07,1.56,1.56
AAS,654,673,7.18,9.1,19,26.74,0.0,32.31,8,True,1.0,0.0,4.06,0.84,16.59,0.0,7.03,7.03,5.57,5.57
AAS,675,678,10.35,9.74,3,-5.89,-5.89,2.51,2,False,1.0,0.0,12.99,0.7,2.67,-0.92,0.0,0.0,8.41,8.41
AAS,680,681,10.0,9.74,1,-2.6,-2.6,0.0,1,False,0.76,-5.75,-3.38,0.64,2.67,-0.92,0.92,0.92,2.6,2.6
AAS,705,707,10.26,9.65,2,-5.95,-5.95,0.0,1,False,1.0,0.0,9.27,0.41,3.63,-4.46,3.63,0.0,5.95,5.95
AAS,709,710,10.0,9.74,1,-2.6,-2.6,0.0,1,False,0.75,-2.53,0.91,0.5,2.67,-5.34,-3.59,-5.34,2.6,2.6
AAS,712,713,10.0,9.22,1,-7.8,-7.8,0.0,1,False,0.75,-2.53,3.63,0.0,9.44,0.0,3.8,9.44,7.8,7.8
AAS,723,733,10.09,10.44,10,3.47,0.0,12.88,6,True,0.84,-1.66,5.43,0.56,3.26,-21.74,-16.67,-21.74,9.42,9.42
AAS,774,776,8.7,8.4,2,-3.45,-3.45,1.15,2,False,1.0,0.0,5.33,0.82,2.38,-2.38,0.0,1.19,4.6,4.6
AAS,778,779,8.6,8.5,1,-1.16,-1.16,0.0,1,False,0.91,-2.27,0.0,0.86,7.06,-3.53,-1.18,7.06,1.16,1.16
AAS,787,791,8.9,8.7,4,-2.25,-2.25,2.25,2,False,1.0,0.0,8.54,0.57,0.0,-5.75,-3.45,-3.45,4.49,4.49
AAS,810,813,8.7,8.6,3,-1.15,-1.15,0.0,1,False,0.83,-1.14,1.16,0.8,0.0,-3.49,-1.16,-3.49,1.15,1.15
AAS,840,850,8.6,9.0,10,4.65,0.0,9.3,6,True,1.0,0.0,2.38,0.69,3.33,-2.22,-1.11,2.22,4.65,4.65
AAS,852,855,9.3,8.9,3,-4.3,-4.3,0.0,3,False,0.91,-1.06,4.49,0.5,7.87,-1.12,3.37,5.62,4.3,4.3
AAS,862,866,9.6,9.3,4,-3.12,-3.12,0.0,1,False,1.0,0.0,7.87,0.63,-2.15,-10.75,-4.3,-9.68,3.12,3.12
AAS,908,910,9.0,8.5,2,-5.56,-5.56,0.0,1,False,1.0,0.0,5.88,0.17,0.0,-4.71,-1.18,-4.71,5.56,5.56
AAS,985,987,7.7,7.5,2,-2.6,-2.6,0.0,1,False,1.0,0.0,6.94,0.71,-1.33,-5.33,-2.67,-4.0,2.6,2.6
AAS,1023,1031,7.1,8.4,8,18.31,0.0,25.35,2,True,1.0,0.0,12.7,0.83,3.57,-4.76,-1.19,-4.76,7.04,7.04
AAS,1038,1039,8.7,8.5,1,-2.3,-2.3,0.0,1,False,0.92,-2.25,3.57,0.85,2.35,-5.88,-2.35,1.18,2.3,2.3
AAS,1046,1048,8.7,8.5,2,-2.3,-2.3,0.0,1,False,0.78,-2.25,8.75,0.56,7.06,0.0,1.18,2.35,2.3,2.3
AAS,1049,1058,8.6,8.7,9,1.16,-1.16,5.81,5,True,0.75,-2.27,3.61,0.64,5.75,0.0,2.3,5.75,4.65,4.65
AAS,1060,1066,8.8,8.9,6,1.14,0.0,3.41,4,True,0.73,-3.3,-3.3,0.67,3.37,-3.37,0.0,-2.25,2.27,2.27
AAS,1068,1070,9.2,9.0,2,-2.17,-2.17,0.0,1,False,1.0,0.0,3.37,0.71,-1.11,-4.44,-3.33,-3.33,2.17,2.17
AAS,1113,1128,8.0,8.9,15,11.25,0.0,17.5,8,True,1.0,0.0,5.26,0.72,0.0,-2.25,-1.12,-1.12,6.25,6.25
AAS,1146,1148,9.0,8.8,2,-2.22,-2.22,0.0,1,False,0.43,-4.26,2.27,0.33,9.09,0.0,4.55,7.95,2.22,2.22
AAS,1150,1187,9.0,18.2,37,102.22,0.0,155.56,14,True,1.0,0.0,2.27,0.56,-4.4,-36.26,-18.13,-36.26,53.33,53.33
AAT,180,183,12.12,11.85,3,-2.23,-2.23,0.0,1,False,1.0,0.0,3.41,0.82,7.43,-0.34,4.81,6.67,2.23,2.23
AAT,186,194,12.25,12.29,8,0.33,0.0,3.92,2,True,1.0,0.0,1.07,0.58,4.96,0.0,4.96,0.0,3.59,3.59
AAT,196,202,12.81,12.55,6,-2.03,-2.03,0.7,3,False,1.0,0.0,1.03,0.68,-1.75,-6.93,-6.93,-6.22,2.73,2.73
AAT,225,238,12.03,12.81,13,6.48,0.0,9.81,6,True,1.0,0.0,8.67,0.81,2.73,-9.13,-0.31,-9.13,3.33,3.33
AAT,244,246,13.16,12.86,2,-2.28,-2.28,0.0,1,False,0.97,-0.38,2.73,0.58,-5.13,-15.94,-8.48,-15.94,2.28,2.28
AAT,259,280,9.86,11.49,21,16.53,0.0,26.98,8,True,0.0,-25.08,-18.04,0.56,-0.78,-10.18,-0.78,-8.62,10.45,10.45
AAT,368,374,4.91,4.91,6,0.0,-0.41,5.09,3,False,1.0,0.0,6.97,0.64,-1.02,-8.15,-1.22,-6.52,5.09,5.09
AAT,439,444,4.86,4.79,5,-1.44,-1.85,0.0,3,False,1.0,0.0,7.76,0.81,16.91,-3.13,-1.88,16.91,1.44,1.44
AAT,452,473,5.13,6.17,21,20.27,0.0,28.46,10,True,1.0,0.0,10.32,0.69,-1.62,-8.75,-3.73,-4.54,8.19,8.19
AAT,492,498,6.29,6.11,6,-2.86,-2.86,1.75,5,False,1.0,0.0,3.8,0.62,5.56,0.0,4.75,3.6,4.61,4.61
AAT,499,500,6.25,6.11,1,-2.24,-2.24,0.0,1,False,0.81,-2.34,0.16,0.62,5.56,-1.31,2.29,-1.31,2.24,2.24
AAT,503,505,6.4,6.25,2,-2.34,-2.34,0.78,2,False,1.0,0.0,4.75,0.64,1.28,-13.92,-3.52,-12.96,3.13,3.13
AAT,527,528,6.04,5.79,1,-4.14,-4.14,0.0,1,False,0.69,-4.58,5.78,0.43,3.63,-11.23,3.63,-11.23,4.14,4.14
AAT,532,534,6.0,5.78,2,-3.67,-3.67,0.0,1,False,0.94,-0.66,-0.66,0.6,-6.92,-11.59,-10.03,-10.73,3.67,3.67
AAT,581,583,4.99,4.98,2,-0.2,-0.2,1.4,2,False,1.0,0.0,1.63,0.76,2.41,-1.41,0.0,-1.41,1.6,1.6
AAT,587,588,5.04,4.98,1,-1.19,-1.19,0.0,1,False,0.9,-0.4,-0.4,0.62,2.41,-2.61,-1.41,-1.2,1.19,1.19
AAT,591,592,5.1,5.0,1,-1.96,-1.96,0.0,1,False,1.0,0.0,2.0,0.57,-1.4,-3.0,-1.4,-2.8,1.96,1.96
AAT,606,620,5.1,5.41,14,6.08,-0.98,10.78,3,True,1.0,0.0,4.94,0.7,0.74,-5.18,-4.99,-2.03,4.71,4.71
AAT,621,622,5.45,5.37,1,-1.47,-1.47,0.0,1,False,0.75,-3.54,-2.68,0.65,-1.3,-4.47,-4.47,-2.61,1.47,1.47
AAT,634,639,5.49,5.31,5,-3.28,-3.28,0.0,1,False,0.69,-2.83,4.77,0.41,1.69,-0.19,1.69,0.75,3.28,3.28
AAT,640,645,5.38,5.32,5,-1.12,-1.12,0.37,3,False,0.69,-2.0,-1.28,0.53,0.56,-2.44,-0.38,0.19,1.49,1.49
AAT,763,766,3.94,3.87,3,-1.78,-1.78,1.27,2,False,0.87,-2.23,11.93,0.77,0.78,-6.98,-4.13,-4.91,3.05,3.05
AAT,831,835,3.55,3.42,4,-3.66,-3.66,0.0,1,False,1.0,0.0,4.72,0.46,2.05,-1.17,-0.58,0.88,3.66,3.66
AAT,842,851,3.49,3.48,9,-0.29,-1.15,1.72,5,False,0.7,-1.69,2.05,0.59,0.86,-2.01,0.57,-2.01,2.01,2.01
AAT,856,861,3.5,3.41,5,-2.57,-2.57,0.29,2,False,0.71,-1.41,0.57,0.0,0.59,-3.23,0.29,-3.23,2.86,2.86
AAT,922,934,3.03,3.1,12,2.31,0.0,3.96,6,True,0.67,-6.48,2.02,0.77,0.0,-1.94,-0.65,-0.65,1.65,1.65
AAT,947,948,3.08,3.06,1,-0.65,-0.65,0.0,1,False,0.36,-2.22,0.65,0.18,10.46,0.65,8.82,9.8,0.65,0.65
AAT,951,974,3.09,3.44,23,11.33,0.0,14.89,12,True,0.5,-1.59,0.65,0.62,1.74,-2.33,-2.33,-2.03,3.56,3.56
AAT,975,977,3.49,3.47,2,-0.57,-0.57,0.29,2,False,0.79,-1.69,-0.29,0.68,0.29,-3.17,0.29,-0.58,0.86,0.86
AAT,982,983,3.48,3.43,1,-1.44,-1.44,0.0,1,False,0.63,-1.97,0.29,0.37,7.87,-1.75,0.87,6.12,1.44,1.44
AAT,987,1008,3.45,3.79,21,9.86,0.0,14.49,12,True,0.47,-2.82,-0.86,0.67,1.85,-1.06,0.0,-0.79,4.64,4.64
AAT,1010,1011,3.84,3.8,1,-1.04,-1.04,0.0,1,False,0.74,-2.78,-0.26,0.64,1.58,-3.68,-0.53,-2.63,1.04,1.04
AAT,1017,1018,3.86,3.76,1,-2.59,-2.59,0.0,1,False,0.55,-2.28,1.85,0.05,-1.6,-9.31,-9.31,-5.85,2.59,2.59
AAV,290,295,7.56,7.14,5,-5.56,-5.56,0.0,3,False,0.92,-1.18,7.08,0.61,-1.12,-15.27,-5.88,-15.27,5.56,5.56
AAV,377,379,4.28,4.12,2,-3.74,-3.74,0.0,1,False,0.85,-2.06,0.0,0.58,30.58,8.01,12.14,30.58,3.74,3.74
AAV,380,392,4.45,4.7,12,5.62,0.0,20.9,6,True,1.0,0.0,3.97,0.5,8.94,0.0,8.94,0.0,15.28,15.28
AAV,396,402,5.12,4.7,6,-8.2,-8.2,0.0,3,False,0.79,-4.83,6.89,0.19,3.62,-1.7,3.62,1.91,8.2,8.2
AAV,434,455,4.79,7.22,21,50.73,0.0,54.28,10,True,1.0,0.0,11.92,0.93,1.25,-11.63,-10.39,-11.63,3.55,3.55
AAV,489,515,6.64,11.01,26,65.81,0.0,92.32,12,True,1.0,0.0,12.93,0.63,6.81,-1.54,-0.82,6.81,26.51,26.51
AAV,539,541,11.43,11.01,2,-3.67,-3.67,0.0,1,False,0.87,-2.81,20.44,0.7,14.44,-0.82,14.44,11.44,3.67,3.67
AAV,542,543,11.09,10.92,1,-1.53,-1.53,0.0,1,False,0.73,-5.7,5.62,0.67,19.23,3.11,11.54,16.21,1.53,1.53
AAV,544,566,11.26,13.27,22,17.85,0.0,22.38,12,True,0.8,-4.25,-1.49,0.68,7.01,-1.88,5.12,-1.88,4.53,4.53
AAV,567,574,13.69,13.61,7,-0.58,-0.58,3.73,4,False,0.94,-0.65,1.18,0.56,-2.5,-9.26,-8.67,-9.26,4.31,4.31
AAV,602,612,13.19,13.61,10,3.18,-0.61,14.63,6,True,1.0,0.0,1.31,0.49,0.59,-6.76,-4.92,-1.25,11.45,11.45
AAV,656,695,13.33,27.83,39,108.78,0.0,126.86,12,True,1.0,0.0,12.21,0.71,3.81,-8.01,-6.25,-2.8,18.08,18.08
AAV,717,722,29.08,26.57,5,-8.63,-8.63,6.33,4,False,1.0,0.0,12.32,0.18,0.0,-4.74,-2.9,-3.99,14.96,14.96
AAV,775,777,24.16,23.38,2,-3.23,-3.23,0.0,1,False,1.0,0.0,16.32,0.82,5.77,-1.24,5.77,0.43,3.23,3.23
AAV,778,785,23.77,23.09,7,-2.86,-2.86,4.04,6,False,0.91,-1.61,-1.61,0.6,3.77,-3.77,1.69,-3.77,6.9,6.9
AAV,894,904,9.57,9.5,10,-0.73,-2.09,6.58,3,False,1.0,0.0,11.28,0.56,0.0,-6.32,-4.21,-6.32,7.31,7.31
AAV,979,989,5.5,5.2,10,-5.45,-9.09,0.0,5,False,1.0,0.0,52.78,0.86,-3.85,-21.15,-21.15,-9.62,5.45,5.45
AAV,1013,1019,4.9,4.7,6,-4.08,-4.08,8.16,4,False,1.0,0.0,13.95,0.4,0.0,-10.64,-8.51,-4.26,12.24,12.24
AAV,1057,1065,4.4,4.3,8,-2.27,-2.27,2.27,4,False,1.0,0.0,15.79,0.75,2.33,-2.33,-2.33,0.0,4.55,4.55
AAV,1066,1067,4.4,4.3,1,-2.27,-2.27,0.0,1,False,0.88,-2.22,0.0,0.75,6.98,-2.33,0.0,6.98,2.27,2.27
AAV,1076,1084,4.4,4.5,8,2.27,0.0,4.55,4,True,0.83,-2.22,4.76,0.75,31.11,-2.22,11.11,31.11,2.27,2.27
AAV,1087,1103,4.6,5.8,16,26.09,0.0,50.0,6,True,1.0,0.0,0.0,0.56,8.62,-6.9,3.45,-5.17,23.91,23.91
AAV,1107,1108,6.3,6.0,1,-4.76,-4.76,0.0,1,False,0.74,-8.7,1.61,0.61,0.0,-10.0,-8.33,-1.67,4.76,4.76
AAV,1119,1120,6.1,6.0,1,-1.64,-1.64,0.0,1,False,0.58,-7.58,5.17,0.67,5.0,-1.67,-1.67,1.67,1.64,1.64
AAV,1121,1125,6.2,5.9,4,-4.84,-4.84,1.61,2,False,0.89,-1.59,10.71,0.56,22.03,0.0,3.39,13.56,6.45,6.45
AAV,1128,1145,6.2,6.8,17,9.68,-1.61,16.13,11,True,0.89,-1.59,-1.59,0.69,-2.94,-16.18,-14.71,-14.71,6.45,6.45
AAV,1270,1271,4.1,3.9,1,-4.88,-4.88,0.0,1,False,1.0,0.0,10.81,0.5,2.56,-2.56,-2.56,-2.56,4.88,4.88
AAV,1274,1275,4.0,3.9,1,-2.5,-2.5,0.0,1,False,0.75,-2.44,2.56,0.5,0.0,-5.13,-2.56,-2.56,2.5,2.5
AAV,1312,1319,4.2,5.6,7,33.33,0.0,61.9,2,True,1.0,0.0,40.0,0.68,25.0,-8.93,8.93,25.0,28.57,28.57
AAV,1324,1326,6.1,6.0,2,-1.64,-1.64,0.0,1,False,0.82,-10.29,8.93,0.79,26.67,-1.67,26.67,-1.67,1.64,1.64
AAV,1327,1333,6.5,6.3,6,-3.08,-3.08,16.92,3,False,0.92,-4.41,27.45,0.57,0.0,-12.7,-1.59,-12.7,20.0,20.0
AAV,1361,1364,6.1,5.7,3,-6.56,-6.56,0.0,3,False,1.0,0.0,8.93,0.33,12.28,1.75,5.26,10.53,6.56,6.56
AAV,1367,1368,6.1,5.9,1,-3.28,-3.28,0.0,1,False,1.0,0.0,1.67,0.67,8.47,-3.39,6.78,-3.39,3.28,3.28
AAV,1371,1375,6.1,6.0,4,-1.64,-1.64,4.92,2,False,1.0,0.0,5.17,0.5,0.0,-5.0,-1.67,-5.0,6.56,6.56
AAV,1388,1389,6.1,6.0,1,-1.64,-1.64,0.0,1,False,0.57,-4.69,3.39,0.43,11.67,3.33,6.67,5.0,1.64,1.64
AAV,1390,1398,6.2,6.3,8,1.61,0.0,8.06,4,True,0.71,-3.13,8.77,0.6,9.52,-1.59,7.94,6.35,6.45,6.45
AAV,1403,1410,6.8,6.6,7,-2.94,-2.94,1.47,4,False,1.0,0.0,7.94,0.57,1.52,-9.09,-3.03,-9.09,4.41,4.41
AAV,1411,1412,6.7,6.6,1,-1.49,-1.49,0.0,1,False,0.71,-2.9,-1.47,0.57,-3.03,-10.61,-3.03,-10.61,1.49,1.49
AAV,1440,1448,6.3,6.1,8,-3.17,-3.17,3.17,5,False,1.0,0.0,14.55,0.67,22.95,-1.64,11.48,22.95,6.35,6.35
AAV,1452,1470,6.6,7.5,18,13.64,0.0,22.73,4,True,1.0,0.0,4.76,0.7,0.0,-4.0,-1.33,-1.33,9.09,9.09
AAV,1548,1568,7.4,8.7,20,17.57,-2.7,24.32,9,True,1.0,0.0,23.33,0.75,-9.2,-20.69,-13.79,-20.69,6.76,6.76
AAV,1678,1706,6.3,6.8,28,7.94,-4.76,14.29,11,True,1.0,0.0,8.62,0.43,-1.47,-7.35,-5.88,-7.35,6.35,6.35
ABB,219,229,13.91,14.54,10,4.53,0.0,8.7,5,True,0.82,-1.77,7.58,0.75,-0.55,-5.16,-2.27,-5.16,4.17,4.17
ABB,331,332,8.89,8.81,1,-0.9,-0.9,0.0,1,False,1.0,0.0,4.96,0.89,7.49,-1.02,4.65,7.49,0.9,0.9
ABB,335,339,8.89,8.89,4,0.0,0.0,3.71,2,False,1.0,0.0,0.91,0.6,10.24,2.81,10.24,9.34,3.71,3.71
ABB,340,355,9.14,9.8,15,7.22,0.0,9.08,6,True,0.9,-0.87,2.81,0.84,0.0,-2.55,0.0,-2.55,1.86,1.86
ABB,426,427,6.73,6.73,1,0.0,0.0,0.0,0,False,0.87,-3.58,8.03,0.87,9.81,1.19,6.24,6.24,0.0,0.0
ABB,428,431,7.15,6.81,3,-4.76,-4.76,3.36,2,False,1.0,0.0,19.57,0.75,4.99,-1.17,1.32,-1.17,8.11,8.11
ABB,432,433,7.15,6.98,1,-2.38,-2.38,0.0,1,False,0.9,-3.25,6.24,0.82,2.44,-4.73,1.15,-4.73,2.38,2.38
ABB,450,456,6.98,7.06,6,1.15,0.0,4.73,2,True,0.77,-2.38,4.96,0.73,1.27,-7.08,-4.67,-5.81,3.58,3.58
ABB,499,511,6.73,6.98,12,3.71,0.0,6.24,6,True,1.0,0.0,2.59,0.75,4.73,0.0,1.15,4.73,2.53,2.53
ABB,520,533,7.23,7.48,13,3.46,0.0,6.92,8,True,1.0,0.0,3.58,0.67,11.23,0.0,7.49,7.49,3.46,3.46
ABB,535,544,7.64,7.95,9,4.06,0.0,8.9,4,True,0.88,-1.16,2.14,0.63,3.52,0.0,1.13,2.26,4.84,4.84
ABB,545,546,8.13,8.13,1,0.0,0.0,0.0,0,False,0.77,-2.28,-2.28,0.77,1.23,-2.21,-1.11,0.0,0.0,0.0
ABB,552,555,8.23,8.13,3,-1.22,-1.22,0.0,1,False,0.89,-1.08,2.36,0.72,0.0,-2.21,-1.11,-1.11,1.22,1.22
ABB,562,563,8.13,8.04,1,-1.11,-1.11,0.0,1,False,0.64,-1.22,1.12,0.32,2.36,-1.12,2.36,2.36,1.11,1.11
ABB,566,569,8.23,8.04,3,-2.31,-2.31,0.0,1,False,1.0,0.0,1.23,0.32,2.36,-1.12,1.12,-1.12,2.31,2.31
ABB,571,574,8.23,8.13,3,-1.22,-1.22,0.0,1,False,1.0,0.0,0.0,0.64,2.34,-2.21,-2.21,1.23,1.22,1.22
ABB,582,583,8.32,8.23,1,-1.08,-1.08,0.0,1,False,1.0,0.0,3.48,0.76,5.47,0.0,2.19,0.0,1.08,1.08
ABB,585,589,8.41,8.32,4,-1.07,-1.07,3.21,2,False,1.0,0.0,4.6,0.51,0.0,-6.61,-5.53,-5.53,4.28,4.28
ABB,603,606,8.59,8.41,3,-2.1,-2.1,0.0,3,False,0.9,-1.04,9.29,0.7,-1.07,-7.61,-1.07,-6.54,2.1,2.1
ABB,675,676,7.31,7.22,1,-1.23,-1.23,0.0,1,False,1.0,0.0,2.52,0.67,5.12,0.0,1.25,3.74,1.23,1.23
ABB,677,679,7.31,7.22,2,-1.23,-1.23,0.0,1,False,1.0,0.0,3.84,0.67,7.62,0.0,5.12,7.62,1.23,1.23
ABB,681,687,7.31,7.4,6,1.23,0.0,3.83,2,True,1.0,0.0,1.25,0.65,5.0,1.22,3.78,1.22,2.6,2.6
ABB,688,691,7.59,7.59,3,0.0,0.0,2.37,2,False,1.0,0.0,0.0,0.75,1.19,-2.5,0.0,-2.5,2.37,2.37
ABB,692,693,7.68,7.59,1,-1.17,-1.17,0.0,1,False,0.88,-1.16,3.78,0.67,0.0,-2.5,0.0,-2.5,1.17,1.17
ABB,708,716,7.59,7.59,8,0.0,0.0,2.37,2,False,0.51,-2.32,2.57,0.51,1.19,-2.5,1.19,-2.5,2.37,2.37
ABB,719,720,7.68,7.68,1,0.0,0.0,0.0,0,False,0.76,-1.16,0.0,0.76,0.0,-5.99,-3.65,-5.99,0.0,0.0
ABB,721,722,7.68,7.59,1,-1.17,-1.17,0.0,1,False,0.76,-1.16,1.19,0.51,0.0,-4.87,-1.32,-3.69,1.17,1.17
ABB,749,750,7.49,7.31,1,-2.4,-2.4,0.0,1,False,1.0,0.0,3.74,0.33,-1.23,-6.29,-4.92,-3.69,2.4,2.4
ABB,771,777,7.49,7.77,6,3.74,0.0,11.08,4,True,1.0,0.0,6.39,0.57,3.47,1.16,2.32,1.16,7.34,7.34
ABB,778,780,8.04,7.86,2,-2.24,-2.24,0.0,1,False,0.78,-3.37,3.47,0.64,2.29,-1.15,1.15,-1.15,2.24,2.24
ABB,781,782,8.04,7.95,1,-1.12,-1.12,0.0,1,False,0.78,-3.37,2.29,0.71,0.0,-3.4,-1.13,-3.4,1.12,1.12
ABB,789,790,7.95,7.77,1,-2.26,-2.26,0.0,1,False,0.71,-4.45,1.15,0.54,-1.16,-4.76,-2.32,-4.76,2.26,2.26
ABB,837,838,7.22,7.13,1,-1.25,-1.25,0.0,1,False,0.75,-1.23,2.56,0.5,0.0,-2.52,-2.52,-1.26,1.25,1.25
ABB,852,856,7.31,7.22,4,-1.23,-1.23,0.0,1,False,1.0,0.0,3.84,0.75,0.0,-1.25,-1.25,-1.25,1.23,1.23
ABB,913,914,6.85,6.76,1,-1.31,-1.31,0.0,1,False,1.0,0.0,2.7,0.67,0.0,-3.99,-1.33,-2.66,1.31,1.31
ABB,926,933,7.13,7.04,7,-1.26,-1.26,1.26,3,False,1.0,0.0,8.36,0.75,6.39,-2.7,0.0,3.84,2.52,2.52
ABB,939,948,7.22,7.22,9,0.0,0.0,8.86,4,False,1.0,0.0,3.88,0.37,3.74,-6.37,0.0,-6.37,8.86,8.86
ABB,984,989,7.13,6.95,5,-2.52,-2.52,0.0,3,False,1.0,0.0,4.09,0.72,7.77,0.0,6.47,6.47,2.52,2.52
ABB,991,1001,7.04,7.22,10,2.56,0.0,6.39,4,True,0.8,-1.26,1.29,0.58,7.62,1.25,6.37,6.37,3.84,3.84
ABB,1003,1014,7.59,7.59,11,0.0,-1.32,2.37,6,False,1.0,0.0,2.57,0.67,7.11,0.0,0.0,5.93,2.37,2.37
ABB,1015,1016,7.68,7.68,1,0.0,0.0,0.0,0,False,0.84,-1.16,-1.16,0.84,7.16,-1.17,1.17,7.16,0.0,0.0
ABB,1017,1019,7.68,7.59,2,-1.17,-1.17,0.0,1,False,0.84,-1.16,0.0,0.67,9.62,1.19,5.93,9.62,1.17,1.17
ABB,1020,1051,7.68,11.88,31,54.69,0.0,63.02,12,True,0.84,-1.16,0.0,0.85,6.9,-6.9,-6.9,-2.27,8.33,8.33
ABB,1053,1055,12.34,11.97,2,-3.0,-3.0,2.92,2,False,0.95,-1.44,0.73,0.78,-1.5,-7.6,-3.76,-5.35,5.92,5.92
ABB,1082,1083,11.42,11.33,1,-0.79,-0.79,0.0,1,False,0.55,-3.14,1.6,0.56,7.24,2.47,3.27,7.24,0.79,0.79
ABB,1084,1094,11.61,11.61,10,0.0,0.0,4.65,4,False,1.0,0.0,3.29,0.54,5.51,-0.78,0.78,0.0,4.65,4.65
ABB,1096,1099,12.15,11.7,3,-3.7,-3.7,0.82,2,False,1.0,0.0,3.85,0.46,4.7,-0.77,-0.77,0.77,4.53,4.53
ABB,1101,1103,12.25,11.88,2,-3.02,-3.02,0.0,1,False,1.0,0.0,0.82,0.6,6.9,-2.27,-2.27,6.9,3.02,3.02
ABB,1112,1122,12.43,13.16,10,5.87,0.0,8.85,6,True,1.0,0.0,6.24,0.81,7.67,-1.37,6.91,7.67,2.98,2.98
ABB,1124,1131,13.25,13.62,7,2.79,0.0,6.94,2,True,0.85,-2.07,2.08,0.74,7.34,4.04,7.34,6.68,4.15,4.15
ABS,138,148,27.55,27.46,10,-0.33,-6.03,1.67,7,False,1.0,0.0,59.8,0.95,47.45,0.98,7.72,47.45,2.0,2.0
ABS,149,168,27.73,31.25,19,12.69,0.0,150.02,4,True,0.97,-1.0,7.11,0.09,-1.79,-12.13,-7.1,-12.13,137.32,137.32
ABS,216,220,19.88,19.32,4,-2.82,-2.82,12.07,2,False,1.0,0.0,8.63,0.4,2.69,-7.61,-5.64,-0.47,14.89,14.89
ABS,244,256,20.41,25.1,12,22.98,0.0,35.52,5,True,1.0,0.0,9.38,0.73,1.12,-11.91,0.0,-10.96,12.54,12.54
ABS,272,282,25.57,26.95,10,5.4,0.0,12.79,8,True,0.65,-7.56,17.89,0.74,8.05,-5.12,-0.56,-5.12,7.39,7.39
ABS,289,291,28.89,27.47,2,-4.92,-4.92,0.8,2,False,1.0,0.0,10.9,0.58,-6.92,-28.65,-23.12,-28.65,5.71,5.71
ABS,319,320,23.06,23.01,1,-0.22,-0.22,0.0,1,False,1.0,0.0,2.53,0.99,10.3,-1.61,7.0,-1.61,0.22,0.22
ABS,322,327,23.87,24.48,5,2.56,0.0,6.33,4,True,1.0,0.0,8.65,0.79,0.57,-7.52,-6.74,-3.68,3.77,3.77
ABS,379,383,14.06,13.16,4,-6.4,-6.4,0.0,3,False,0.7,-8.94,22.69,0.72,7.6,-20.14,0.0,-20.14,6.4,6.4
ABS,385,388,13.64,13.16,3,-3.52,-3.52,3.81,2,False,0.87,-2.99,0.74,0.7,-6.84,-30.17,-20.14,-21.2,7.33,7.33
ABS,416,417,11.46,11.18,1,-2.44,-2.44,0.0,1,False,1.0,0.0,5.23,0.76,8.41,-3.04,5.01,8.41,2.44,2.44
ABS,422,423,11.74,11.74,1,0.0,0.0,0.0,0,False,1.0,0.0,5.01,1.0,10.56,2.9,10.14,7.67,0.0,0.0
ABS,424,432,12.08,12.26,8,1.49,0.0,7.45,6,True,1.0,0.0,10.93,0.66,3.1,-6.53,-1.47,2.37,5.96,5.96
ABS,433,434,12.64,12.6,1,-0.32,-0.32,0.0,1,False,0.84,-2.62,-2.24,0.82,-0.4,-9.05,-9.05,-6.83,0.32,0.32
ABS,525,529,6.2,6.04,4,-2.58,-2.58,6.94,2,False,1.0,0.0,12.12,0.58,4.3,-4.97,4.3,0.66,9.52,9.52
ABS,533,535,6.2,6.08,2,-1.94,-1.94,1.61,2,False,0.61,-6.49,1.14,0.5,2.14,-5.59,-0.49,-3.78,3.55,3.55
ABS,572,576,6.0,5.92,4,-1.33,-1.33,0.83,2,False,1.0,0.0,4.9,0.71,1.35,-6.25,-5.57,-6.25,2.17,2.17
ABS,599,602,5.94,5.9,3,-0.67,-0.67,4.71,2,False,1.0,0.0,3.3,0.62,18.14,0.0,6.95,13.56,5.39,5.39
ABS,607,622,6.31,7.17,15,13.63,0.0,22.5,8,True,1.0,0.0,6.95,0.69,5.16,-5.16,5.16,-4.46,8.87,8.87
ABS,624,628,7.31,7.3,4,-0.14,-0.14,3.15,2,False,0.77,-5.43,-5.43,0.58,-1.23,-8.22,-6.3,-5.75,3.28,3.28
ABS,646,661,7.59,8.4,15,10.67,0.0,15.68,6,True,1.0,0.0,10.0,0.8,-0.24,-16.43,-5.36,-13.33,5.01,5.01
ABS,734,735,5.82,5.7,1,-2.06,-2.06,0.0,1,False,1.0,0.0,3.37,0.86,3.33,-2.63,-1.4,2.63,2.06,2.06
ABS,743,744,5.89,5.85,1,-0.68,-0.68,0.0,1,False,1.0,0.0,5.18,0.89,0.68,-2.91,-2.05,-2.05,0.68,0.68
ABS,745,746,5.85,5.81,1,-0.68,-0.68,0.0,1,False,0.89,-0.68,4.09,0.78,1.38,-2.24,-1.89,-0.86,0.68,0.68
ABS,747,748,5.89,5.75,1,-2.38,-2.38,0.0,1,False,1.0,0.0,2.61,0.59,0.7,-1.22,-1.04,0.52,2.38,2.38
ABS,761,770,6.19,5.95,9,-3.88,-3.88,4.04,6,False,1.0,0.0,7.47,0.36,2.52,0.34,0.5,1.01,7.92,7.92
ABS,774,775,6.1,5.98,1,-1.97,-1.97,0.0,1,False,0.53,-5.28,0.83,0.36,0.84,-3.01,0.5,-3.01,1.97,1.97
ABS,790,791,6.06,6.02,1,-0.66,-0.66,0.0,1,False,0.87,-0.66,4.48,0.73,1.99,-1.5,-0.17,-1.0,0.66,0.66
ABS,793,795,6.14,6.04,2,-1.63,-1.63,0.0,1,False,1.0,0.0,4.42,0.71,-0.5,-4.3,-1.32,-4.3,1.63,1.63
ABS,853,855,5.39,5.26,2,-2.41,-2.41,0.0,1,False,1.0,0.0,1.7,0.7,5.89,0.0,1.14,5.89,2.41,2.41
ABS,858,860,5.42,5.32,2,-1.85,-1.85,0.0,1,False,1.0,0.0,0.56,0.7,4.7,0.75,4.7,1.5,1.85,1.85
ABS,861,869,5.36,5.44,8,1.49,0.0,3.92,4,True,0.77,-1.11,1.9,0.58,-0.74,-4.41,-3.68,-4.41,2.43,2.43
ABS,983,988,3.92,3.86,5,-1.53,-1.53,0.77,3,False,1.0,0.0,2.35,0.59,28.24,-0.78,18.91,19.43,2.3,2.3
ABS,991,1009,4.01,4.6,18,14.71,0.0,26.43,12,True,1.0,0.0,1.52,0.62,2.39,-3.7,0.0,-2.39,11.72,11.72
ABS,1035,1041,4.76,4.73,6,-0.63,-0.63,2.94,2,False,1.0,0.0,5.08,0.72,0.21,-4.44,-0.63,-4.23,3.57,3.57
ABS,1045,1046,4.74,4.7,1,-0.84,-0.84,0.0,1,False,0.71,-3.27,-1.25,0.64,-0.21,-6.38,-3.62,-6.17,0.84,0.84
ABS,1110,1114,4.1,3.74,4,-8.78,-8.78,0.0,1,False,1.0,0.0,17.82,0.45,5.08,-1.6,1.6,5.08,8.78,8.78
ABS,1124,1125,3.93,3.8,1,-3.31,-3.31,0.0,1,False,0.73,-4.15,3.42,0.52,3.42,0.79,3.16,2.63,3.31,3.31
ABW,100,104,10.4,10.3,4,-0.96,-0.96,0.96,3,False,0.73,-3.7,4.0,0.55,0.0,-2.91,-0.97,-1.94,1.92,1.92
ABW,128,144,10.4,10.9,16,4.81,0.0,10.58,8,True,1.0,0.0,4.0,0.6,1.83,-0.92,0.0,0.0,5.77,5.77
ABW,183,185,10.3,9.9,2,-3.88,-3.88,0.0,1,False,0.67,-4.63,6.19,0.6,8.08,0.0,4.04,6.06,3.88,3.88
ABW,187,200,10.0,10.5,13,5.0,0.0,9.0,8,True,0.7,-2.91,2.04,0.67,-1.9,-7.62,-3.81,-7.62,4.0,4.0
ABW,334,341,8.4,8.3,7,-1.19,-1.19,3.57,4,False,0.83,-1.18,3.7,0.5,0.0,-3.61,-3.61,0.0,4.76,4.76
ABW,356,380,8.6,8.8,24,2.33,-1.16,8.14,15,True,0.86,-1.15,3.61,0.29,3.41,0.0,2.27,3.41,5.81,5.81
ABW,381,382,9.1,9.0,1,-1.1,-1.1,0.0,1,False,0.71,-2.15,-2.15,0.57,1.11,-2.22,-2.22,1.11,1.1,1.1
ABW,390,391,9.1,9.1,1,0.0,0.0,0.0,0,False,0.6,-2.15,1.11,0.6,0.0,-18.68,-2.2,-18.68,0.0,0.0
ABW,406,407,7.8,7.6,1,-2.56,-2.56,0.0,1,False,0.55,-14.29,5.41,0.48,5.26,-3.95,-3.95,2.63,2.56,2.56
ABW,415,427,8.0,7.8,12,-2.5,-2.5,1.25,5,False,0.67,-10.11,6.67,0.63,2.56,0.0,2.56,0.0,3.75,3.75
ABW,428,430,8.0,7.9,2,-1.25,-1.25,0.0,1,False,0.88,-1.23,1.27,0.75,2.53,-1.27,-1.27,2.53,1.25,1.25
ABW,432,433,8.0,7.8,1,-2.5,-2.5,0.0,1,False,0.88,-1.23,2.56,0.5,3.85,0.0,2.56,2.56,2.5,2.5
ABW,438,439,8.0,7.9,1,-1.25,-1.25,0.0,1,False,0.67,-1.23,2.56,0.33,8.86,1.27,3.8,7.59,1.25,1.25
ABW,440,442,8.1,8.0,2,-1.23,-1.23,0.0,1,False,1.0,0.0,3.85,0.67,13.75,0.0,3.75,12.5,1.23,1.23
ABW,444,478,8.2,10.9,34,32.93,0.0,51.22,14,True,1.0,0.0,3.8,0.42,22.02,5.5,18.35,8.26,18.29,18.29
ABW,481,486,12.5,11.7,5,-6.4,-6.4,6.4,2,False,1.0,0.0,0.81,0.33,0.85,-5.98,0.85,-5.98,12.8,12.8
ABW,537,538,10.9,10.8,1,-0.92,-0.92,0.0,1,False,1.0,0.0,6.86,0.89,1.85,-2.78,-0.93,1.85,0.92,0.92
ABW,540,541,10.8,10.6,1,-1.85,-1.85,0.0,1,False,0.89,-0.92,3.85,0.67,3.77,-0.94,-0.94,2.83,1.85,1.85
ABW,542,544,10.9,10.7,2,-1.83,-1.83,0.0,1,False,1.0,0.0,0.0,0.78,7.48,-1.87,2.8,5.61,1.83,1.83
ACB,1161,1162,6.78,6.72,1,-0.88,-0.88,0.0,1,False,1.0,0.0,4.47,0.85,5.21,-2.98,5.21,-1.19,0.88,0.88
ACB,1163,1168,6.9,6.81,5,-1.3,-1.3,2.46,3,False,1.0,0.0,6.81,0.62,8.52,-4.26,1.76,8.08,3.77,3.77
ACB,1173,1174,6.93,6.87,1,-0.87,-0.87,0.0,1,False,0.8,-1.98,1.76,0.71,11.79,-0.87,10.92,8.01,0.87,0.87
ACB,1176,1185,6.84,6.93,9,1.32,0.0,12.28,6,True,0.67,-3.25,2.09,0.35,7.5,-3.03,4.91,-3.03,10.96,10.96
ACB,1192,1193,7.45,7.39,1,-0.81,-0.81,0.0,1,False,0.78,-2.99,4.93,0.67,-1.22,-18.4,-13.67,-17.59,0.81,0.81
ACB,1235,1258,6.12,7.07,23,15.52,0.0,20.75,8,True,1.0,0.0,4.44,0.74,0.0,-4.95,-2.83,-3.25,5.23,5.23
ACB,1278,1288,7.01,6.98,10,-0.43,-1.57,2.14,5,False,0.88,-0.85,5.1,0.69,-0.72,-9.89,-6.59,-1.58,2.57,2.57
ACB,1301,1319,7.33,7.8,18,6.41,-0.41,10.1,10,True,1.0,0.0,7.16,0.78,5.77,-0.9,1.92,5.77,3.68,3.68
ACB,1325,1355,7.99,9.15,30,14.52,-0.5,20.15,13,True,0.88,-0.99,3.36,0.63,4.59,-2.4,2.51,3.72,5.63,5.63
ACB,1360,1362,9.38,9.34,2,-0.43,-0.43,2.03,2,False,0.76,-2.29,2.51,0.71,9.31,0.86,6.0,9.31,2.45,2.45
ACB,1363,1389,9.42,10.54,26,11.89,0.0,15.29,12,True,0.79,-1.87,4.2,0.69,6.45,-2.85,-1.04,6.45,3.4,3.4
ACB,1396,1405,10.75,10.47,9,-2.6,-2.6,5.58,4,False,0.83,-1.01,2.48,0.21,3.72,-8.31,-0.38,-2.01,8.19,8.19
ACB,1423,1434,11.67,11.93,11,2.23,0.0,6.86,8,True,1.0,0.0,9.17,0.78,6.79,0.75,5.36,5.03,4.63,4.63
ACB,1436,1445,12.29,12.38,9,0.73,0.0,3.66,6,True,0.92,-1.44,-1.44,0.65,5.01,-2.91,0.89,4.28,2.93,2.93
ACB,1450,1460,12.49,12.7,10,1.68,0.0,5.6,4,True,0.69,-1.96,0.89,0.58,2.36,-4.02,-1.34,1.81,3.92,3.92
ACB,1469,1495,13.0,15.08,26,16.0,-0.54,32.46,11,True,0.81,-1.44,6.64,0.44,10.88,5.64,9.95,10.88,16.46,16.46
ACB,1500,1501,16.58,16.27,1,-1.87,-1.87,0.0,1,False,0.82,-3.72,9.95,0.73,5.78,0.18,3.2,2.89,1.87,1.87
ACB,1502,1504,16.37,16.3,2,-0.43,-0.43,0.24,2,False,0.73,-4.94,2.38,0.71,9.2,2.58,5.58,9.2,0.67,0.67
ACB,1505,1511,16.72,16.74,6,0.12,0.0,2.93,2,True,0.83,-2.9,0.84,0.78,6.33,-11.05,2.39,-11.05,2.81,2.81
ACB,1514,1515,17.8,16.88,1,-5.17,-5.17,0.0,1,False,1.0,0.0,3.43,0.66,1.54,-11.79,-8.59,-5.81,5.17,5.17
ACB,1516,1517,17.14,16.98,1,-0.93,-0.93,0.0,1,False,0.65,-3.71,2.39,0.55,-2.77,-12.31,-9.54,-5.83,0.93,0.93
ACB,1534,1542,16.67,16.56,8,-0.66,-0.66,2.7,6,False,0.61,-6.35,8.67,0.73,1.09,-9.54,0.0,-9.54,3.36,3.36
ACB,1583,1585,15.29,15.15,2,-0.92,-0.92,0.0,1,False,1.0,0.0,3.52,0.81,0.0,-3.7,-1.72,-1.39,0.92,0.92
ACB,1596,1605,15.48,15.48,9,0.0,-0.9,2.58,5,False,1.0,0.0,4.45,0.69,7.11,-1.55,-1.55,6.46,2.58,2.58
ACB,1606,1608,15.64,15.55,2,-0.58,-0.58,0.13,2,False,0.81,-1.51,-0.45,0.74,6.62,-1.99,2.38,0.45,0.7,0.7
ACB,1611,1617,15.69,16.02,6,2.1,0.0,5.67,4,True,0.85,-1.2,0.32,0.58,-1.94,-5.43,-5.43,-2.25,3.57,3.57
ACB,1639,1643,15.85,15.8,4,-0.32,-0.32,2.08,2,False,1.0,0.0,3.32,0.6,0.19,-2.78,-1.77,-2.03,2.4,2.4
ACB,1656,1666,16.11,15.95,10,-0.99,-0.99,4.1,6,False,0.91,-0.43,4.88,0.42,2.01,-0.44,1.13,-0.31,5.09,5.09
ACB,1706,1708,15.78,15.73,2,-0.32,-0.32,0.44,2,False,0.86,-0.63,1.94,0.79,-2.23,-9.09,-3.69,-2.48,0.76,0.76
ACB,1742,1743,14.83,14.63,1,-1.35,-1.35,0.0,1,False,0.93,-1.0,-1.0,0.83,3.21,-8.27,-3.42,-7.86,1.35,1.35
ACB,1744,1746,15.07,14.77,2,-1.99,-1.99,0.2,2,False,1.0,0.0,3.29,0.85,-4.33,-9.14,-8.33,-5.55,2.19,2.19
ACB,1775,1776,14.45,14.27,1,-1.25,-1.25,0.0,1,False,1.0,0.0,2.48,0.73,2.73,-1.19,1.05,2.1,1.25,1.25
ACB,1781,1787,14.42,14.51,6,0.62,0.0,1.66,4,True,0.96,-0.21,1.05,0.83,1.59,-0.41,0.83,-0.41,1.04,1.04
ACB,1788,1789,14.63,14.57,1,-0.41,-0.41,0.0,1,False,0.95,-0.2,0.21,0.86,1.17,-0.82,0.41,0.0,0.41,0.41
ACB,1792,1793,14.63,14.57,1,-0.41,-0.41,0.0,1,False,0.95,-0.2,0.83,0.86,1.17,-1.24,-0.21,-1.24,0.41,0.41
ACB,1794,1796,14.63,14.57,2,-0.41,-0.41,0.75,2,False,0.95,-0.2,0.41,0.73,0.62,-1.44,-0.21,-0.82,1.16,1.16
ACB,1846,1848,13.16,12.52,2,-4.86,-4.86,0.0,1,False,1.0,0.0,10.03,0.78,-0.24,-10.54,-6.39,-1.44,4.86,4.86
ACB,1865,1875,13.04,13.19,10,1.15,-0.61,6.13,5,True,0.94,-0.91,7.95,0.75,3.11,-1.74,1.14,-1.74,4.98,4.98
ACB,1876,1881,13.51,13.22,5,-2.15,-2.15,0.67,2,False,0.88,-2.38,3.37,0.68,1.51,-2.87,-1.97,0.45,2.81,2.81
ACB,1892,1907,13.4,14.66,15,9.4,0.0,15.3,8,True,0.74,-1.47,3.88,0.7,-0.41,-4.64,-2.05,-0.82,5.9,5.9
ACB,1919,1921,15.12,14.57,2,-3.64,-3.64,0.0,1,False,0.78,-2.14,7.92,0.4,2.2,-2.4,1.17,0.62,3.64,3.64
ACB,1922,1923,14.89,14.42,1,-3.16,-3.16,0.0,1,False,0.62,-3.62,2.41,0.3,3.05,-1.39,-0.42,1.25,3.16,3.16
ACB,1926,1927,14.74,14.69,1,-0.34,-0.34,0.0,1,False,0.67,-2.51,1.17,0.62,1.16,-4.02,1.16,-2.65,0.34,0.34
ACB,1932,1933,14.86,14.6,1,-1.75,-1.75,0.0,1,False,0.77,-1.72,1.16,0.54,-0.41,-3.63,-2.26,-1.44,1.75,1.75
ACB,1949,1952,14.8,14.6,3,-1.35,-1.35,0.2,3,False,0.92,-0.4,3.28,0.67,0.62,-2.6,0.21,-2.6,1.55,1.55
ACB,1982,1984,14.86,14.71,2,-1.01,-1.01,0.0,1,False,1.0,0.0,1.36,0.79,4.21,-0.34,2.11,3.06,1.01,1.01
ACB,1988,1996,14.89,15.05,8,1.07,0.0,2.96,4,True,1.0,0.0,1.02,0.62,3.79,0.73,0.93,3.79,1.88,1.88
ACB,1999,2001,15.23,15.19,2,-0.26,-0.26,0.46,2,False,0.86,-0.65,0.46,0.79,3.03,0.0,2.83,1.91,0.72,0.72
ACB,2005,2009,15.37,15.37,4,0.0,0.0,1.82,4,False,1.0,0.0,0.46,0.56,0.72,-0.91,-0.91,0.46,1.82,1.82
ACB,2026,2028,15.65,15.55,2,-0.64,-0.64,0.0,1,False,1.0,0.0,1.36,0.76,10.1,0.19,5.85,3.34,0.64,0.64
ACB,2030,2038,16.11,16.07,8,-0.25,-0.43,6.27,3,False,1.0,0.0,4.07,0.41,0.68,-4.6,-0.87,-3.67,6.52,6.52
ACB,2100,2102,16.0,15.72,2,-1.75,-1.75,0.0,1,False,1.0,0.0,5.54,0.76,4.01,-1.53,1.34,-1.53,1.75,1.75
ACB,2104,2108,15.93,15.79,4,-0.88,-0.88,2.64,2,False,0.94,-0.44,2.71,0.64,0.89,-2.91,-2.91,-0.89,3.52,3.52
ACB,2127,2158,15.97,18.07,31,13.15,0.0,15.59,12,True,1.0,0.0,1.59,0.7,8.74,1.0,8.74,7.58,2.44,2.44
ACB,2159,2170,18.25,19.16,11,4.99,0.0,7.67,6,True,0.77,-1.14,0.77,0.69,2.56,-0.94,1.83,-0.94,2.68,2.68
ACB,2172,2178,19.37,19.37,6,0.0,0.0,1.45,4,False,0.82,-1.42,0.16,0.82,0.21,-3.1,0.21,-0.36,1.45,1.45
ACB,2189,2191,19.65,19.3,2,-1.78,-1.78,0.56,2,False,1.0,0.0,2.77,0.54,3.63,-1.3,3.47,-1.3,2.34,2.34
ACB,2192,2198,19.62,19.65,6,0.15,0.0,1.94,2,True,0.86,-0.71,4.14,0.72,0.0,-4.48,-3.21,-4.48,1.78,1.78
ACB,2221,2238,19.44,20.47,17,5.3,0.0,7.05,10,True,0.79,-1.07,0.73,0.77,1.22,-1.42,-1.42,0.2,1.75,1.75
ACB,2241,2242,20.55,20.39,1,-0.78,-0.78,0.0,1,False,0.81,-1.25,-0.24,0.69,1.62,-1.23,0.59,-1.23,0.78,0.78
ACB,2245,2251,20.72,20.51,6,-1.01,-1.01,0.0,3,False,0.92,-0.43,1.87,0.52,-1.02,-3.07,-3.07,-1.02,1.01,1.01
ACB,2270,2273,20.72,20.05,3,-3.23,-3.23,1.21,2,False,1.0,0.0,2.68,0.16,2.29,-3.34,0.65,-2.09,4.44,4.44
ACB,2296,2300,20.43,20.43,4,0.0,0.0,0.83,4,False,0.93,-0.39,1.9,0.86,4.89,-1.22,-1.22,4.89,0.83,0.83
ACB,2306,2317,20.47,21.47,11,4.89,0.0,6.11,4,True,0.87,-0.63,1.04,0.84,2.14,-1.16,1.96,1.77,1.22,1.22
ACB,2321,2326,21.93,21.51,5,-1.92,-1.92,0.0,1,False,1.0,0.0,1.72,0.71,1.58,-3.3,-1.35,-2.51,1.92,1.92
ACB,2327,2329,21.85,21.56,2,-1.33,-1.33,0.0,1,False,0.94,-0.36,-0.18,0.48,-1.58,-4.08,-2.55,-4.08,1.33,1.33
ACB,2362,2367,21.47,21.14,5,-1.54,-1.54,0.0,3,False,1.0,0.0,2.19,0.72,0.99,-1.99,-1.99,0.99,1.54,1.54
ACB,2377,2382,21.35,20.97,5,-1.78,-1.78,0.98,3,False,0.84,-0.56,3.04,0.3,-0.38,-1.76,-1.57,-0.57,2.76,2.76
ACB,2401,2426,21.31,21.81,25,2.35,0.0,4.5,10,True,0.9,-0.37,0.8,0.42,0.96,-0.41,0.55,-0.41,2.16,2.16
ACB,2431,2432,21.93,21.81,1,-0.55,-0.55,0.0,1,False,0.42,-1.53,0.55,0.22,0.96,-8.85,-0.6,-8.85,0.55,0.55
ACB,2433,2435,22.02,21.85,2,-0.77,-0.77,0.0,1,False,0.58,-1.12,0.59,0.29,-0.41,-16.66,-0.78,-5.95,0.77,0.77
ACB,2447,2457,21.26,21.1,10,-0.75,-0.75,1.6,5,False,0.8,-3.45,6.94,0.81,0.71,-0.71,-0.47,-0.24,2.35,2.35
ACB,2468,2475,21.3,21.25,7,-0.23,-0.47,0.7,3,False,0.54,-1.39,1.67,0.6,5.65,-0.24,0.24,5.65,0.94,0.94
ACB,2478,2479,21.3,21.3,1,0.0,0.0,0.0,0,False,0.7,-0.7,-0.23,0.7,7.98,0.0,5.4,7.98,0.0,0.0
ACB,2480,2490,21.3,22.75,10,6.81,0.0,7.98,2,True,0.7,-0.7,0.24,0.86,7.69,1.1,3.08,7.69,1.17,1.17
ACB,2491,2492,23.0,23.0,1,0.0,0.0,0.0,0,False,1.0,0.0,1.55,1.0,15.43,0.0,5.43,15.43,0.0,0.0
ACB,2494,2508,23.3,26.2,14,12.45,0.0,26.39,6,True,1.0,0.0,1.3,0.51,6.11,1.34,4.96,1.34,13.95,13.95
ACB,2509,2511,27.35,27.55,2,0.73,0.0,1.1,2,True,0.69,-7.13,-3.87,0.71,0.91,-4.9,-3.63,-4.17,0.37,0.37
ACB,2512,2515,27.8,27.15,3,-2.34,-2.34,0.0,3,False,0.74,-5.6,-0.18,0.62,-2.21,-6.63,-3.13,-6.63,2.34,2.34
ACB,2538,2542,26.75,26.3,4,-1.68,-1.68,0.75,2,False,0.97,-0.19,3.68,0.64,0.0,-5.7,-4.94,-3.42,2.43,2.43
ACG,278,301,30.45,35.13,23,15.37,0.0,23.35,10,True,0.61,-5.76,6.51,0.63,1.85,-6.89,-0.68,-5.49,7.98,7.98
ACG,304,306,35.78,34.89,2,-2.49,-2.49,0.0,1,False,0.73,-4.74,3.02,0.54,-3.47,-6.25,-4.84,-3.93,2.49,2.49
ACG,316,318,33.52,32.95,2,-1.7,-1.7,0.0,1,False,0.22,-7.79,0.96,0.08,0.12,-2.43,-1.21,-1.94,1.7,1.7
ACG,338,340,32.31,31.86,2,-1.39,-1.39,0.5,2,False,0.54,-2.06,1.03,0.26,11.3,0.13,3.42,9.26,1.89,1.89
ACG,345,374,32.95,37.21,29,12.93,0.0,15.63,12,True,1.0,0.0,3.42,0.76,11.31,-0.48,10.83,5.78,2.7,2.7
ACG,376,386,39.58,38.87,10,-1.79,-2.6,4.65,4,False,1.0,0.0,4.63,0.42,3.45,-0.93,1.13,-0.93,6.44,6.44
ACG,392,394,40.21,38.55,2,-4.13,-4.13,0.0,1,False,0.72,-2.92,3.34,0.35,1.17,-3.24,-0.7,-0.47,4.13,4.13
ACG,436,437,35.43,34.51,1,-2.6,-2.6,0.0,1,False,0.42,-5.34,3.48,0.15,9.27,-2.12,1.48,9.27,2.6,2.6
ACG,442,457,35.02,37.44,15,6.91,0.0,10.82,6,True,0.44,-4.37,1.48,0.73,-0.13,-2.56,-1.84,-2.56,3.91,3.91
ACG,491,494,36.98,36.43,3,-1.49,-1.49,0.0,1,False,1.0,0.0,5.21,0.84,9.03,0.77,3.13,9.03,1.49,1.49
ACG,495,522,36.84,43.81,27,18.92,-0.35,27.14,11,True,0.96,-0.38,2.42,0.66,3.81,-2.56,-0.11,0.64,8.22,8.22
ACG,524,525,45.48,44.78,1,-1.54,-1.54,0.0,1,False,0.82,-2.9,-2.9,0.73,0.74,-3.22,0.74,-0.71,1.54,1.54
ACG,618,619,39.12,38.75,1,-0.95,-0.95,0.0,1,False,1.0,0.0,1.32,0.73,-0.13,-2.94,-1.24,-2.32,0.95,0.95
ACG,640,644,39.08,38.6,4,-1.23,-1.23,1.07,4,False,1.0,0.0,2.22,0.52,4.53,2.33,3.45,2.46,2.3,2.3
ACG,645,650,39.74,39.5,5,-0.6,-0.6,1.53,4,False,1.0,0.0,1.69,0.65,1.32,-1.8,0.13,0.61,2.14,2.14
ACG,651,654,40.02,39.55,3,-1.17,-1.17,0.0,1,False,0.84,-0.82,-0.82,0.62,0.48,-1.92,-1.19,0.48,1.17,1.17
ACG,759,762,36.15,34.1,3,-5.67,-5.67,0.0,3,False,1.0,0.0,2.67,0.0,6.74,2.79,6.3,6.3,5.67,5.67
