entry_day,exit_day,holding_days,pnl_pct,max_profit_pct,exit_reason,exit_date,entry_wp,entry_dp,entry_rs,entry_vs,entry_bs,entry_hl,entry_od,entry_bb,entry_score,entry_date,entry_symbol,position_size,entry_trend,quick_reentry,breakout_entry,vshape_entry,entry_ret_5d,entry_drop20d,entry_dist_sma20,symbol,model
53,62,9,2.23,73.0,signal,2020-04-08,0.21276595744680868,0.45905707196029766,8.460812723229324,0.6358562523353954,1.0,2.0,0.12527662706271794,1.0,4,2020-03-25,AAV,0.6,weak,False,False,True,-2.18,-29.42,-15.02,AAV,v16
86,96,10,8.01,75.01,signal,2020-05-28,0.404761904761905,0.12135922330097088,14.406779661016941,1.0078303890574098,1.0,1.0,0.12773846143262818,0.5166666666666667,3,2020-05-14,AAV,0.6,weak,False,False,True,2.23,-9.25,0.29,AAV,v16
106,119,13,-6.85,103.61,signal,2020-06-30,0.5812499999999999,0.1350806451612903,2.327586206896548,1.3295787051355306,3.0,3.0,0.3211652236859044,0.75,5,2020-06-11,AAV,0.5,strong,False,False,False,1.85,-7.81,8.55,AAV,v16
143,157,14,25.06,86.19,signal,2020-08-24,0.41258741258741277,0.20843672456575676,12.296511627907009,1.25753864849857,2.0,2.0,0.11138591534156747,0.9833333333333333,5,2020-08-03,AAV,0.6,weak,False,False,True,4.4,-15.87,-7.82,AAV,v16
225,227,2,1.37,,end,2020-12-31,0.886904761904762,0.06114239742558325,-10.999151954359718,1.0227559373631403,1.0,2.0,-0.05617126477551104,0.9166666666666666,2,2020-12-29,AAV,0.48999999999999994,strong,False,False,False,2.73,-0.72,27.44,AAV,v16
1,18,17,0.9,192.45,signal,2020-02-04,0.6923076923076917,0.012048192771084348,4.090909090909058,1.2024532371368604,5.0,3.0,0.015899799350756937,0.025,4,2020-01-03,ACB,0.35,weak,False,False,False,0.0,0.0,0.0,ACB,v16
29,42,13,-11.46,100.55,signal,2020-03-09,0.8525641025641023,0.03030303030303036,7.708904457305351,1.3993713968816932,2.0,3.0,-0.0345119817429594,1.0,4,2020-02-19,ACB,0.5,strong,False,False,False,2.71,-1.17,7.71,ACB,v16
83,109,26,10.68,114.88,peak_protect_ema,2020-06-17,0.8145161290322578,0.03721682847896447,4.718570947084594,1.1024304972024102,3.0,3.0,0.040238966014484095,0.08333333333333333,4,2020-05-08,ACB,0.5,moderate,False,False,False,4.39,0.0,5.02,ACB,v16
131,140,9,-8.94,99.31,signal,2020-07-30,0.9333333333333336,0.0069832402234636624,30.43251693590411,1.0933059857060345,2.0,2.0,0.01999812212984034,0.2,2,2020-07-17,ACB,0.5,strong,False,False,False,3.32,0.0,4.56,ACB,v16
153,205,52,22.33,128.42,signal,2020-10-30,0.9066666666666663,0.018944519621109684,27.594565646316006,1.2506171205484,3.0,3.0,0.03395918541830205,0.8333333333333334,3,2020-08-18,ACB,0.5,strong,False,False,False,0.82,-0.81,6.91,ACB,v16
209,239,30,11.67,58.5,signal,2020-12-28,0.6203703703703702,0.043897216274089955,-2.5403883207351328,0.7270507917989932,2.0,3.0,-0.00882025638019003,0.21666666666666667,3,2020-11-05,ACB,0.7,strong,False,False,False,4.12,-2.71,1.36,ACB,v16
15,24,9,-3.63,46.17,signal,2020-02-12,0.7372372372372372,0.058823529411764705,-16.058920825141243,0.9611246392056236,1.0,3.0,-0.05627839930875838,0.9833333333333333,3,2020-01-30,BID,0.7,strong,False,False,False,-2.4,-5.04,4.32,BID,v16
90,106,16,7.05,111.02,signal,2020-06-12,0.8923444976076557,0.02008032128514053,1.9308055215796003,1.2396715144002697,2.0,2.0,0.003949367214168165,0.2833333333333333,4,2020-05-21,BID,0.5,moderate,False,False,False,2.99,0.0,7.2,BID,v16
132,141,9,-10.16,42.92,signal,2020-07-31,0.7316017316017326,0.026921406860616476,21.202361782071968,0.9686657163803598,1.0,2.0,-0.017670787628065517,0.13333333333333333,4,2020-07-20,BID,0.7,moderate,False,False,False,-1.2,-1.92,1.17,BID,v16
194,204,10,-8.51,44.56,signal,2020-10-29,0.7571428571428573,0.028511530398322837,21.83974358974367,1.6707457744827976,3.0,3.0,-0.013245497009579221,0.25,4,2020-10-15,BID,0.7,moderate,False,False,False,4.61,-1.53,3.14,BID,v16
226,249,23,16.78,,end,2020-12-31,0.7123893805309727,0.027612574341546396,-0.463467829880031,1.5443466962235788,2.0,3.0,-0.029636100005730637,0.65,4,2020-11-30,BID,0.7,moderate,False,False,False,1.47,-2.12,3.37,BID,v16
13,22,9,-2.01,3.16,signal,2020-02-10,0.5999999999999998,0.05172413793103453,9.142346634901713,0.5319132689584957,1.0,2.0,0.054902273299138715,0.4666666666666667,4,2020-01-21,DGC,1.0,moderate,False,False,False,0.87,0.0,2.07,DGC,v16
77,103,26,37.78,138.32,peak_protect_dist,2020-06-11,0.9126984126984128,0.029372496662216255,-4.761904761904745,1.118908962879165,0.0,1.0,0.4957779197960639,0.95,2,2020-04-29,DGC,0.5,strong,False,False,False,4.76,-1.06,12.64,DGC,v16
123,130,7,-6.22,0.71,stop_loss,2020-07-28,0.8124999999999999,0.02933333333333334,-1.3985781675635849,1.6417971072716397,4.0,3.0,0.924590938725671,0.016666666666666666,3,2020-07-09,DGC,1.0,strong,False,False,False,1.53,-1.66,2.2,DGC,v16
155,189,34,6.56,112.16,signal,2020-10-20,0.7508305647840532,0.05928853754940711,-1.7877739331026845,1.6143674496951872,1.0,2.0,0.7856253357221905,0.8333333333333334,3,2020-09-01,DGC,0.5,strong,False,False,False,0.16,-2.01,11.24,DGC,v16
208,238,30,12.17,,end,2020-12-31,0.9083665338645417,0.014973958333333362,4.706533776301114,1.1448451288000314,2.0,3.0,0.21498505349057923,0.7666666666666667,3,2020-11-19,DGC,0.5,strong,False,False,False,3.64,0.0,9.73,DGC,v16
31,42,11,-8.05,45.34,signal,2020-03-09,0.6338461538461545,0.06022267206477721,29.779068561352545,0.6078837614524197,0.0,2.0,0.0011777869278964542,0.6666666666666666,4,2020-02-21,FPT,0.7,moderate,False,False,False,0.36,-4.73,0.93,FPT,v16
81,106,25,1.88,103.02,signal,2020-06-11,0.9735849056603773,0.003663003663003678,2.364619834494036,0.7418764851645296,3.0,3.0,-0.026639441597060897,0.3333333333333333,2,2020-05-06,FPT,0.5,strong,False,False,False,4.31,0.0,6.3,FPT,v16
132,141,9,-6.14,42.29,signal,2020-07-30,0.7600000000000003,0.017681728880157142,12.883257918552083,1.2417312236275604,3.0,2.0,0.01590806792189855,0.2833333333333333,3,2020-07-17,FPT,0.7,strong,False,False,False,0.64,-1.12,1.67,FPT,v16
156,205,49,8.16,114.6,signal,2020-10-29,0.9174757281553391,0.00835791543756154,26.393344233117418,0.823142858414774,2.0,3.0,0.007946825656823697,0.8,2,2020-08-20,FPT,0.5,strong,False,False,False,0.25,0.0,3.12,FPT,v16
214,250,36,11.52,,end,2020-12-31,0.6505376344086028,0.028371890004364846,-15.561590000409403,0.6487658262188428,1.0,3.0,0.01078290027786688,0.38333333333333336,3,2020-11-11,FPT,0.7,strong,False,False,False,0.0,-1.84,0.87,FPT,v16
3,18,15,3.79,53.81,signal,2020-02-04,0.5774647887323938,0.03671970624235015,18.98922333704939,0.9339960533131872,0.0,1.0,-0.003025942073708914,0.6833333333333333,3,2020-01-07,HPG,0.7,weak,False,False,False,0.0,0.0,0.0,HPG,v16
87,108,21,11.48,115.92,signal,2020-06-16,0.8431372549019607,0.02962962962962966,-5.389378931979849,0.9628600480230054,1.0,2.0,-0.07910080491368014,0.38333333333333336,2,2020-05-15,HPG,0.5,strong,False,False,False,0.37,-2.53,6.44,HPG,v16
113,136,23,-0.54,48.82,trailing_stop,2020-07-24,0.6099290780141852,0.059076262083780764,6.96348581512153,0.7321000289289211,2.0,1.0,-0.03916325279957886,0.016666666666666666,3,2020-06-23,HPG,0.7,strong,False,False,False,3.1,-2.51,0.53,HPG,v16
151,245,94,71.95,,end,2020-12-31,0.8235294117647061,0.026574803149606255,15.236786070456375,0.8303110117224815,0.0,1.0,0.06185962968178374,0.7833333333333333,2,2020-08-14,HPG,0.48999999999999994,strong,False,False,False,-0.39,-1.65,4.17,HPG,v16
14,23,9,-5.38,40.39,signal,2020-02-11,0.8909090909090901,0.009216589861751228,10.996254681647969,1.3842379957063513,3.0,3.0,-0.02965350783172306,0.9666666666666667,3,2020-01-22,MBB,0.7,strong,False,False,False,4.33,-0.76,4.05,MBB,v16
93,108,15,2.19,50.66,signal,2020-06-12,0.8135593220338977,0.02191235059760963,7.53732122350975,1.0545696328123435,1.0,2.0,0.0478415315552463,0.43333333333333335,3,2020-05-22,MBB,0.7,strong,False,False,False,1.83,-1.95,3.84,MBB,v16
166,204,38,12.48,199.95,signal,2020-10-30,0.916666666666667,0.009451795841209797,-1.439232409381674,0.9884844354508948,1.0,2.0,0.014434460502230725,0.7833333333333333,1,2020-09-03,MBB,0.35,strong,False,False,False,1.73,0.0,5.22,MBB,v16
215,247,32,20.72,,end,2020-12-31,0.7428571428571433,0.028257456828885356,23.423423423423415,1.5671153989153213,2.0,3.0,-0.038543209230869874,0.3,5,2020-11-16,MBB,0.7,strong,False,False,False,4.43,-1.24,3.84,MBB,v16
2,11,9,0.11,100.69,signal,2020-01-17,0.5742574257425717,0.023255813953488552,3.55498721227616,1.2062373878784465,2.0,2.0,-0.02932176738638042,0.21666666666666667,5,2020-01-06,REE,0.5,weak,False,False,False,0.0,0.0,0.0,REE,v16
48,57,9,-8.36,68.15,signal,2020-03-30,0.46859903381642515,0.1382778126964173,7.317073170731703,1.4290258106969564,1.0,1.0,0.007810935582250905,0.9833333333333333,4,2020-03-17,REE,0.6,weak,False,False,True,-1.36,-12.0,-4.97,REE,v16
87,107,20,-1.92,189.56,signal,2020-06-12,0.7823529411764718,0.0221424296828245,20.283882783882838,1.1252691422537275,1.0,2.0,-0.01975413616210804,0.31666666666666665,4,2020-05-15,REE,0.35,moderate,False,False,False,2.58,-1.71,2.96,REE,v16
128,138,10,-3.66,2.11,signal,2020-07-27,0.9109589041095898,0.007424328954882866,2.9921547162927737,1.5055662829096375,3.0,2.0,-0.036398795847763926,0.55,3,2020-07-13,REE,1.0,strong,False,True,False,3.0,0.0,4.85,REE,v16
144,185,41,19.12,207.29,peak_protect_dist,2020-10-02,0.9007633587786266,0.007246376811594147,2.2609574333712246,1.074295176077277,3.0,3.0,-0.0492598823249733,0.4166666666666667,2,2020-08-04,REE,0.35,strong,False,False,False,4.36,0.0,3.32,REE,v16
190,241,51,12.17,115.51,signal,2020-12-21,0.9187817258883249,0.007158836689038038,3.831431280161439,0.9184358068113947,4.0,3.0,-0.04797668712752029,0.15,2,2020-10-09,REE,0.5,strong,False,False,False,4.59,0.0,3.69,REE,v16
11,20,9,-3.79,39.19,signal,2020-02-12,0.48437500000000033,0.05436573311367381,-11.742424242424228,1.359191550065088,2.0,2.0,-0.005025877073137518,0.48333333333333334,4,2020-01-30,SSI,0.7,moderate,False,False,False,1.0,-3.19,0.94,SSI,v16
56,71,15,13.33,78.12,signal,2020-04-28,0.38172043010752665,0.26436781609195414,24.48211875843453,0.9548600960778121,0.0,2.0,0.043224783717242254,0.9166666666666666,4,2020-04-03,SSI,0.6,weak,False,False,True,2.35,-20.62,-2.14,SSI,v16
77,115,38,13.42,119.34,signal,2020-07-01,0.7599999999999998,0.023346303501945546,6.462585034013593,1.0006043212058389,2.0,3.0,-0.002877933883730482,0.016666666666666666,3,2020-05-08,SSI,0.5,moderate,False,True,False,3.84,-1.53,3.14,SSI,v16
121,134,13,-4.8,48.21,signal,2020-07-28,0.7564102564102559,0.03145695364238417,10.313588850174227,0.7569411137974588,2.0,3.0,-0.01767639334940046,0.08333333333333333,3,2020-07-09,SSI,0.7,strong,False,False,False,4.68,-1.47,3.42,SSI,v16
153,196,43,14.64,120.0,signal,2020-10-27,0.9466666666666667,0.006578947368421058,8.379530916844374,0.8941867277934246,2.0,1.0,-0.02238110072550436,0.06666666666666667,1,2020-08-24,SSI,0.5,strong,False,False,False,3.58,0.0,4.49,SSI,v16
211,242,31,81.46,,end,2020-12-31,0.9733333333333327,0.0027063599458728637,27.192982456140356,1.150426484466596,2.0,1.0,-0.014033211202617794,0.08333333333333333,2,2020-11-17,SSI,0.5,strong,False,False,False,3.07,0.0,4.33,SSI,v16
2,11,9,1.47,44.4,signal,2020-01-17,0.4615384615384624,0.03856749311294765,-8.298985782429511,1.2306741528835632,2.0,3.0,1.5684383550748173,0.38333333333333336,4,2020-01-06,TCB,0.7,weak,False,False,False,0.0,0.0,0.0,TCB,v16
97,106,9,-3.57,102.43,signal,2020-06-16,0.8604651162790694,0.029732408325074403,-14.721965959381194,0.6225335187177545,2.0,3.0,0.009198765832784426,0.16666666666666666,2,2020-06-03,TCB,0.5,strong,False,False,False,2.23,-2.89,6.13,TCB,v16
160,186,26,2.39,111.47,signal,2020-10-07,0.8255033557046981,0.025844930417495006,-5.18773047267851,1.3018433507704352,1.0,1.0,0.214606712287833,0.75,2,2020-08-31,TCB,0.48999999999999994,strong,False,False,False,1.62,-1.37,5.73,TCB,v16
196,205,9,-7.4,101.22,signal,2020-11-03,0.7960526315789481,0.02762923351158634,5.413562805034715,1.8873085224972435,2.0,3.0,1.010488093482209,0.48333333333333334,4,2020-10-21,TCB,0.5,strong,False,False,False,3.99,-0.62,5.74,TCB,v16
217,247,30,34.66,,end,2020-12-31,0.564705882352942,0.06696832579185506,46.44813018306996,0.9155578348887459,1.0,4.0,0.8893201571881234,0.5166666666666667,4,2020-11-19,TCB,1.0,strong,False,False,False,4.94,-2.56,4.06,TCB,v16
55,73,18,13.06,85.41,signal,2020-04-22,0.36439169139465877,0.2945544554455446,17.763746116737764,1.231039006041597,1.0,1.0,0.10586775355327172,1.0,4,2020-03-26,VIC,0.6,weak,False,False,True,-7.76,-22.52,-11.89,VIC,v16
85,102,17,-1.02,43.98,signal,2020-06-04,0.7214137214137208,0.031083275342148074,25.338356759889813,1.3460177385971934,3.0,2.0,-0.031240085496072677,0.13333333333333333,5,2020-05-12,VIC,0.7,moderate,False,False,False,4.64,-0.51,2.61,VIC,v16
163,184,21,1.78,49.7,signal,2020-09-29,0.6816816816816815,0.026526526526526584,19.444444444444464,1.4806074489513803,3.0,3.0,-0.02509376141685725,0.3,5,2020-08-28,VIC,0.7,moderate,False,False,False,4.42,-1.19,2.13,VIC,v16
203,219,16,3.8,50.1,signal,2020-11-19,0.4969623329283112,0.0929710307657759,-2.73006142280677,1.8634964259852613,1.0,2.0,-0.012881732197568621,0.9833333333333333,4,2020-10-28,VIC,0.7,strong,False,False,False,2.98,-5.21,4.18,VIC,v16
236,249,13,-0.64,,end,2020-12-31,1.0,0.0,19.903457062618266,0.9995760241036828,3.0,2.0,-0.0306084383855953,0.05,2,2020-12-14,VIC,0.5,strong,False,False,False,2.93,0.0,3.4,VIC,v16
16,25,9,-3.85,40.16,signal,2020-02-13,0.6923076923076917,0.027972027972028,8.7301587301587,1.47347651407468,2.0,2.0,-0.025736742302631125,0.7166666666666667,5,2020-01-31,VND,0.7,moderate,False,False,False,1.78,-2.72,1.89,VND,v16
61,70,9,7.21,74.01,signal,2020-04-17,0.205479452054795,0.2612612612612611,-8.944793850454204,1.0946736514466329,2.0,4.0,0.09996862371199047,0.9833333333333333,3,2020-04-06,VND,0.6,weak,False,False,True,-0.45,-20.71,-7.77,VND,v16
96,109,13,-4.44,113.78,signal,2020-06-15,0.7592592592592595,0.05241935483870964,-0.24131274131278246,0.951795807397868,1.0,3.0,-0.0012741939708104943,0.8166666666666667,2,2020-05-27,VND,0.48999999999999994,strong,False,False,False,4.64,-3.12,8.11,VND,v16
119,129,10,1.17,44.11,signal,2020-07-13,0.5348837209302328,0.07812499999999989,-8.782489740082056,0.9571103703895177,1.0,2.0,-0.05188598135169775,0.18333333333333332,3,2020-06-29,VND,0.7,moderate,False,False,False,-0.39,-5.88,-0.93,VND,v16
168,204,36,26.53,74.04,peak_protect_dist,2020-10-27,0.6153846153846164,0.040816326530612096,-3.2258064516128684,0.969013160836451,0.0,2.0,-0.011843206770032713,0.35,3,2020-09-07,VND,0.7,moderate,False,False,False,0.0,-0.81,2.77,VND,v16
219,250,31,74.14,,end,2020-12-31,0.8870967741935486,0.020114942528735587,18.064616340478437,1.2020337544082844,2.0,3.0,-0.03740470717855961,0.75,4,2020-11-17,VND,0.5,strong,False,False,False,0.58,-0.29,7.46,VND,v16
53,72,19,5.98,75.49,signal,2020-04-22,0.3503800967519005,0.16740872662511128,11.060446524352471,1.4613492760155948,1.0,1.0,-0.07304028854916814,1.0,4,2020-03-25,VNM,0.6,weak,False,False,True,-3.16,-14.34,-6.33,VNM,v16
76,108,32,11.44,66.65,peak_protect_dist,2020-06-15,0.636544190665343,0.0596674274535376,-15.852337198092336,1.2330185714790673,3.0,3.0,0.04710539970725025,0.21666666666666667,4,2020-04-28,VNM,0.7,moderate,False,False,False,3.83,-2.23,2.25,VNM,v16
128,137,9,-3.23,45.27,signal,2020-07-24,0.6720554272517326,0.020005635390250798,-2.235910581014153,1.1078534787275907,1.0,0.0,-0.010139155124468145,0.016666666666666666,3,2020-07-13,VNM,0.7,strong,False,False,False,-1.46,-1.46,0.24,VNM,v16
148,198,50,13.29,119.27,signal,2020-10-21,0.7866972477064222,0.026274897584404565,6.6353567747268585,0.9524480727692402,1.0,3.0,-0.04530775738357266,0.7166666666666667,3,2020-08-10,VNM,0.48999999999999994,moderate,False,False,False,4.84,-2.56,1.8,VNM,v16
201,215,14,-2.81,42.1,signal,2020-11-13,0.7203539823008855,0.018969864329451292,30.310547112991003,1.1129080678954686,2.0,2.0,0.09078678479109352,0.05,4,2020-10-26,VNM,0.7,strong,False,False,False,2.6,0.0,2.55,VNM,v16
220,229,9,-1.27,0.0,signal,2020-12-03,0.7771639042357283,0.014475415719583606,40.259697295509014,1.4068582881076606,4.0,3.0,0.04978507196309889,0.31666666666666665,3,2020-11-20,VNM,1.0,strong,False,False,False,3.26,0.0,2.39,VNM,v16
236,240,4,-2.64,0.0,stop_loss,2020-12-18,0.9269230769230776,0.004446004446004393,5.321199245243555,1.204096972163814,3.0,4.0,0.10253107656029667,0.7,3,2020-12-14,VNM,1.0,strong,False,False,False,3.09,0.0,3.07,VNM,v16
2,13,11,9.81,133.45,trailing_stop,2021-01-21,0.8781512605042017,0.05576923076923077,0.009033423667574425,1.3673134364004025,2.0,3.0,7.253009576581562,1.0,4,2021-01-06,AAS,0.48999999999999994,weak,False,False,False,0.0,0.0,0.0,AAS,v16
32,46,14,9.83,113.54,signal,2021-03-16,0.5294117647058824,0.2969432314410481,44.10686897779027,0.7449090056224629,1.0,2.0,9.865918196134245,0.48333333333333334,4,2021-02-24,AAS,0.5,weak,False,False,True,6.51,-19.79,5.03,AAS,v16
68,77,9,-14.73,97.22,signal,2021-04-29,0.7593582887700534,0.07798960138648184,2.619047619047592,1.0687833237865678,0.0,1.0,0.13647700519101638,0.5666666666666667,2,2021-04-15,AAS,0.5,strong,False,False,False,-2.86,-5.56,5.82,AAS,v16
95,103,8,16.7,93.56,peak_protect_dist,2021-06-08,0.6017699115044246,0.08840864440078589,7.823129251700664,1.3489156332243177,3.0,3.0,0.31170933295677894,0.08333333333333333,5,2021-05-27,AAS,0.7,weak,False,False,False,3.46,-5.21,2.04,AAS,v16
156,188,32,20.0,125.91,signal,2021-10-11,0.568548387096774,0.1304878048780488,-21.372899244946026,1.361982566646627,2.0,2.0,-0.01429321283037013,0.2,4,2021-08-24,AAS,0.5,moderate,False,False,False,-0.73,-8.79,5.45,AAS,v16
198,231,33,34.48,150.81,peak_protect_dist,2021-12-10,0.6808510638297871,0.07957559681697615,5.038267383162349,0.9572510618157928,0.0,1.0,-0.04292378251361478,0.5833333333333334,3,2021-10-25,AAS,0.5,strong,False,False,False,-1.48,-1.48,7.97,AAS,v16
31,62,31,24.63,30.04,trailing_stop,2021-04-12,0.6920731707317074,0.09249084249084247,28.68037040222471,0.827624104982474,1.0,0.0,0.03166005284294447,0.31666666666666665,3,2021-02-26,AAV,1.0,moderate,False,False,False,3.12,-7.14,2.63,AAV,v16
86,101,15,3.92,61.15,signal,2021-06-09,0.5786163522012578,0.052466718872357085,13.91640866873066,1.1693024914520496,1.0,2.0,-0.038964031394196144,0.058333333333333334,5,2021-05-19,AAV,0.7,weak,False,False,False,4.07,-2.59,1.85,AAV,v16
155,183,28,61.8,133.75,peak_protect_dist,2021-10-13,0.8558558558558558,0.05581395348837215,-7.076678240740748,1.6450535931761936,1.0,2.0,-0.11108536605517516,1.0,3,2021-08-24,AAV,0.5,strong,False,False,False,4.12,0.0,23.33,AAV,v16
235,240,5,-4.08,,end,2021-12-31,0.3909531502423262,0.15860328144720234,21.61316464814731,1.26441461259569,1.0,2.0,-0.09691608510154262,0.43333333333333335,5,2021-12-24,AAV,0.6,weak,False,False,True,0.42,-8.89,-0.85,AAV,v16
5,14,9,-6.87,44.26,signal,2021-01-26,0.7636363636363633,0.03482142857142862,2.8862389193752307,0.9777842147055037,0.0,2.0,0.07453745525986288,0.6166666666666667,3,2021-01-13,ACB,0.7,moderate,False,False,False,4.19,-0.8,0.76,ACB,v16
34,51,17,-2.91,103.09,signal,2021-03-25,0.949404761904762,0.01373182552504038,8.496071829405196,1.253582954623484,3.0,3.0,-0.01355281254000007,1.0,3,2021-03-02,ACB,0.5,strong,False,False,False,4.12,-0.72,11.74,ACB,v16
58,67,9,-2.32,45.09,signal,2021-04-20,0.7770270270270271,0.02556158017041054,1.1712214166202202,1.0704575800160505,2.0,3.0,0.015432502496731615,0.21666666666666667,3,2021-04-07,ACB,0.7,strong,False,False,False,4.28,-0.69,3.53,ACB,v16
76,122,46,26.42,78.03,signal,2021-07-09,0.7234042553191499,0.029862174578866675,7.008450704225346,1.3820177586817257,3.0,3.0,-0.028745136535533504,0.23333333333333334,5,2021-05-06,ACB,0.7,strong,False,False,False,2.35,-1.36,1.98,ACB,v16
190,199,9,-1.06,186.33,signal,2021-10-28,0.6944444444444444,0.021854304635761594,18.35714285714286,1.007987303692825,0.0,2.0,-0.030154108711749627,0.31666666666666665,4,2021-10-15,ACB,0.35,weak,False,False,False,2.37,-1.24,1.35,ACB,v16
206,221,15,2.3,191.89,signal,2021-11-29,0.7870967741935484,0.021072796934865905,9.60728273525983,1.245115694681961,1.0,2.0,-0.03451587636971321,0.6,4,2021-11-08,ACB,0.35,moderate,False,False,False,2.09,-1.39,2.99,ACB,v16
3,11,8,-7.48,0.0,stop_loss,2021-01-19,0.7810383747178332,0.03455646597791232,1.5950979446106004,0.793543143486371,0.0,2.0,-0.032214197104003986,0.48333333333333334,3,2021-01-07,BID,1.0,weak,False,False,False,0.0,0.0,0.0,BID,v16
32,41,9,-2.79,106.66,signal,2021-03-09,0.6516464471403816,0.0813435855928773,32.075533661740586,1.0085372604545972,0.0,2.0,-0.018306760665437443,0.7333333333333333,4,2021-02-24,BID,0.48999999999999994,weak,False,False,False,2.28,-7.42,2.14,BID,v16
48,57,9,-4.57,100.15,signal,2021-03-31,0.924107142857142,0.006581494386372502,14.902189101071194,1.5585033651199545,3.0,1.0,-0.021651558441054645,0.05,2,2021-03-18,BID,0.5,moderate,False,True,False,3.94,0.0,4.03,BID,v16
62,71,9,-8.48,42.85,signal,2021-04-22,0.7454545454545456,0.03267211201866977,-4.930083457690806,1.3443391449458932,1.0,2.0,-0.004669574451123988,0.55,4,2021-04-08,BID,0.7,strong,False,False,False,4.3,-1.68,2.57,BID,v16
97,106,9,-6.46,102.27,signal,2021-06-14,0.8878143133462285,0.021052631578947305,-1.4303847332253383,1.2699442753579093,1.0,2.0,-0.08820069317483982,1.0,3,2021-06-01,BID,0.5,strong,False,False,False,2.76,-1.43,9.87,BID,v16
117,126,9,-10.44,43.78,signal,2021-07-12,0.5668604651162796,0.05534918276374436,19.201773835920214,0.8175222512939456,1.0,3.0,0.006881549611007537,0.35,4,2021-06-29,BID,0.7,strong,False,False,False,4.22,-4.3,2.13,BID,v16
191,200,9,-1.75,186.4,signal,2021-10-26,0.6201550387596881,0.021397379912663845,4.642857142857096,1.056126808284965,1.0,2.0,0.006730438958080729,0.05,4,2021-10-13,BID,0.35,weak,False,False,False,1.24,-0.87,0.82,BID,v16
218,230,12,-1.8,62.52,signal,2021-12-07,0.7626262626262623,0.036877206747744265,-8.34500466853413,1.043950913290885,1.0,2.0,-0.018501976416260276,0.7,2,2021-11-19,BID,0.63,strong,False,False,False,2.78,-0.2,4.73,BID,v16
7,18,11,-7.34,108.54,signal,2021-01-28,0.7792207792207786,0.02881355932203399,3.8252508361203184,0.9334880510198228,2.0,4.0,-0.04522844036325752,0.75,3,2021-01-13,DGC,0.48999999999999994,moderate,False,False,False,2.31,-1.34,0.79,DGC,v16
40,49,9,-1.54,106.15,signal,2021-03-23,0.9346938775510203,0.020025031289111407,-8.958942693099317,0.8025685870161059,0.0,2.0,-0.047161287199365645,0.9,2,2021-03-10,DGC,0.5,strong,False,False,False,3.01,-0.46,14.8,DGC,v16
83,125,42,21.04,128.47,peak_protect_dist,2021-07-12,0.8148148148148145,0.03228256741359671,-3.5495659226038043,1.3175976744447064,1.0,2.0,0.01883683467973396,0.65,3,2021-05-13,DGC,0.5,strong,False,False,False,3.13,-2.84,7.58,DGC,v16
140,199,59,57.37,142.54,peak_protect_dist,2021-10-29,0.9156214367160773,0.01965471447543166,1.4753294054815456,0.816533806430872,2.0,3.0,-0.009086281503506932,1.0,2,2021-08-02,DGC,0.5,strong,False,False,False,0.61,0.0,12.24,DGC,v16
206,225,19,-2.25,49.41,signal,2021-12-06,0.4108983799705444,0.06488240064882413,10.509348850468676,1.2973960779708784,2.0,2.0,0.0049438985330053295,0.05,5,2021-11-09,DGC,0.7,strong,False,False,False,2.05,-2.99,0.99,DGC,v16
232,241,9,-6.47,43.5,signal,2021-12-28,0.6726078799249535,0.0520274299344066,6.182204323696169,1.1027969487831457,0.0,2.0,-0.015078603813407622,0.7333333333333333,5,2021-12-15,DGC,0.7,strong,False,False,False,2.37,-3.36,3.47,DGC,v16
31,127,96,32.48,139.88,peak_protect_dist,2021-07-12,0.8287981859410433,0.046262254901960724,2.5936760513517925,0.9348250563977479,0.0,2.0,-0.08962821007204334,0.9833333333333333,3,2021-02-23,FPT,0.5,strong,False,False,False,1.21,-3.43,8.73,FPT,v16
140,149,9,2.9,4.71,trailing_stop,2021-08-11,0.8601398601398593,0.017053933063312817,13.032346544616466,1.323416613868072,2.0,2.0,-0.0494842676726428,0.6166666666666667,3,2021-07-29,FPT,1.0,strong,False,False,False,4.48,-0.32,4.8,FPT,v16
150,159,9,-0.98,44.85,signal,2021-08-25,0.6826923076923074,0.04903417533432397,-15.876332989336092,1.1077875603098688,0.0,2.0,0.01312478249445689,0.6666666666666666,4,2021-08-12,FPT,0.7,strong,True,False,False,-2.91,-4.09,1.05,FPT,v16
173,182,9,-1.58,101.21,signal,2021-09-29,0.8905109489051103,0.006240898689411216,20.225148683092605,0.8581613499671578,3.0,3.0,0.0014838772472911925,0.08333333333333333,2,2021-09-16,FPT,0.5,strong,False,False,False,1.61,-0.21,1.82,FPT,v16
190,199,9,-3.02,100.35,signal,2021-10-22,0.9630541871921185,0.002979145978152901,24.522215319481703,1.398968109857755,3.0,3.0,-0.035760303626594596,0.6,3,2021-10-11,FPT,0.5,strong,False,False,False,4.85,0.0,5.24,FPT,v16
223,229,6,-4.51,0.0,stop_loss,2021-12-03,0.739999999999999,0.017927501970055236,9.897240492649402,1.1689523527736254,1.0,2.0,-0.014899406378069094,0.48333333333333334,4,2021-11-25,FPT,1.0,strong,False,False,False,3.63,0.0,3.18,FPT,v16
15,17,2,-7.76,0.0,stop_loss,2021-01-27,0.6782608695652181,0.040173724212812074,-21.023081721771582,1.3215705078245907,2.0,2.0,0.07319476941771094,0.08333333333333333,4,2021-01-25,HPG,1.0,moderate,False,False,False,-2.02,-2.69,0.74,HPG,v16
21,54,33,14.06,82.85,signal,2021-03-26,0.41292134831460686,0.12243702401874633,-9.681870305512632,1.371525474617577,1.0,2.0,0.05312373421625313,0.75,4,2021-02-02,HPG,0.6,moderate,False,False,True,-4.26,-9.83,-4.43,HPG,v16
63,111,48,39.54,146.48,signal,2021-06-23,0.7915194346289754,0.027935606060606053,8.37357542978566,1.0979520191930092,1.0,4.0,0.01795535714791195,0.4666666666666667,3,2021-04-13,HPG,0.5,strong,False,False,False,3.33,-2.13,5.89,HPG,v16
140,155,15,1.07,50.59,signal,2021-08-24,0.5329512893982808,0.06016980435585083,20.981160715143467,0.8347382957705473,1.0,2.0,0.014834039297560355,0.15,4,2021-08-03,HPG,0.7,weak,False,False,False,2.27,-5.31,1.22,HPG,v16
167,203,36,9.27,72.81,signal,2021-11-02,0.7160493827160498,0.03159340659340653,-2.26197061896859,1.0549074763920063,0.0,1.0,-0.03408908398418983,0.55,2,2021-09-13,HPG,0.63,strong,False,False,False,-0.78,-2.15,2.37,HPG,v16
2,13,11,2.01,109.88,signal,2021-01-21,0.8662790697674426,0.02718676122931426,15.549315549315551,1.3878909182773098,2.0,4.0,0.0001497836530768848,0.95,4,2021-01-06,MBB,0.48999999999999994,weak,False,False,False,0.0,0.0,0.0,MBB,v16
32,53,21,1.99,112.26,signal,2021-03-25,0.8801843317972351,0.028792912513842726,21.78770949720669,1.3283224329461638,3.0,4.0,-0.030668208799397426,0.8833333333333333,4,2021-02-24,MBB,0.48999999999999994,moderate,False,False,False,4.63,-1.42,8.24,MBB,v16
65,75,10,-6.43,98.92,signal,2021-04-27,0.9213483146067413,0.013232514177693815,9.295291864099156,1.322096460443667,3.0,2.0,0.03731348078046706,0.45,3,2021-04-12,MBB,0.5,strong,False,False,False,4.13,-0.47,7.82,MBB,v16
81,122,41,26.87,31.22,trailing_stop,2021-07-06,0.7636363636363638,0.024597918637653718,14.10621147463258,1.2363072665511843,2.0,1.0,0.02611657356237236,0.23333333333333334,3,2021-05-07,MBB,1.0,strong,False,False,False,4.55,-0.56,2.7,MBB,v16
123,132,9,-10.58,11.13,signal,2021-07-20,0.6548672566371684,0.05539772727272723,-25.74433142614963,1.0501933344190049,0.0,1.0,0.0404729858905419,0.38333333333333336,2,2021-07-07,MBB,0.9,strong,True,False,False,-2.83,-3.1,1.99,MBB,v16
145,158,13,-3.51,48.15,signal,2021-08-25,0.5941422594142262,0.07249626307922263,27.51937984496122,1.0153855363603421,2.0,3.0,-0.017881528701466018,0.016666666666666666,4,2021-08-06,MBB,0.7,moderate,False,False,False,2.53,-1.18,3.46,MBB,v16
224,229,5,-7.73,0.0,stop_loss,2021-12-06,0.5192307692307688,0.05576208178438662,0.19298396088861125,1.4053516195380824,1.0,1.0,-0.016089383283967626,0.85,4,2021-11-29,MBB,1.0,strong,False,False,False,2.05,-3.58,2.75,MBB,v16
11,20,9,-5.12,107.07,signal,2021-02-01,0.7780487804878049,0.03238434163701068,1.2491651751129211,1.2873120185172395,2.0,2.0,-0.01281006951798673,0.8833333333333333,4,2021-01-19,REE,0.48999999999999994,moderate,False,False,False,-0.57,-2.06,1.62,REE,v16
33,42,9,-2.66,105.47,signal,2021-03-10,0.765193370165746,0.056628914057295116,3.549871347239403,0.8441387535212715,0.0,1.0,-0.004628119825283369,1.0,2,2021-02-25,REE,0.48999999999999994,strong,False,False,False,-5.36,-5.36,3.24,REE,v16
95,104,9,-6.25,100.31,signal,2021-06-09,0.8347676419965581,0.030466518565534662,-7.007428952962712,1.047227814353338,2.0,4.0,-0.033414780993765346,0.9,2,2021-05-27,REE,0.5,strong,False,False,False,1.38,0.0,5.99,REE,v16
112,122,10,-5.81,0.0,stop_loss,2021-07-05,0.6296296296296293,0.04843396835647401,22.282341999316586,1.1464971502573642,0.0,1.0,-0.03151833715848362,0.6833333333333333,4,2021-06-21,REE,1.0,strong,False,False,False,4.84,-3.01,1.47,REE,v16
153,179,26,15.21,62.84,signal,2021-09-24,0.8223350253807109,0.02324037184594951,6.388660549643461,1.2664011323611706,1.0,1.0,0.0025223852302761127,0.5833333333333334,3,2021-08-17,REE,0.7,strong,False,False,False,1.24,0.0,4.41,REE,v16
190,204,14,-0.55,102.36,signal,2021-11-08,0.9477124183006536,0.008305216714248645,-0.7949518356090408,0.7575995025504401,2.0,3.0,-0.062370046765815416,0.5333333333333333,1,2021-10-12,REE,0.5,strong,False,False,False,3.71,0.0,8.0,REE,v16
2,15,13,-0.94,112.86,signal,2021-01-25,0.9264990328820114,0.027576197387518202,1.065992140566422,0.7787714678431686,0.0,2.0,-0.15531797404684286,0.8166666666666667,3,2021-01-06,SSI,0.48999999999999994,weak,False,False,False,0.0,0.0,0.0,SSI,v16
36,47,11,-6.97,185.43,signal,2021-03-17,0.9546599496221658,0.012676056338028275,16.15689002913426,0.9940198126268159,2.0,2.0,-0.12380178111545376,0.4166666666666667,2,2021-03-02,SSI,0.35,strong,False,False,False,4.34,0.0,11.14,SSI,v16
63,72,9,-9.82,103.87,signal,2021-04-22,0.92156862745098,0.014025245441795306,9.74574431127322,1.3154507871644578,3.0,4.0,0.0007527064151012786,0.4,3,2021-04-08,SSI,0.5,strong,False,False,False,3.71,-0.42,6.4,SSI,v16
87,124,37,42.34,152.27,peak_protect_dist,2021-07-12,0.8325358851674636,0.02437325905292489,16.229896054196608,1.1484318275280094,1.0,3.0,0.039247149538734566,0.31666666666666665,4,2021-05-17,SSI,0.5,strong,False,False,False,2.13,0.0,5.44,SSI,v16
146,173,27,-1.72,104.37,signal,2021-09-24,0.9699646643109544,0.006630265210608352,9.207107130849096,1.1510432399172121,1.0,2.0,-0.035006021974353055,0.4666666666666667,3,2021-08-16,SSI,0.5,strong,False,False,False,4.7,0.0,13.59,SSI,v16
191,223,32,25.32,80.1,peak_protect_dist,2021-12-03,0.5051194539249149,0.05969534787978589,2.125073019782441,1.2239026136077846,2.0,2.0,0.002434745162532597,0.1,5,2021-10-20,SSI,0.7,weak,False,False,False,-1.7,-3.84,-0.85,SSI,v16
11,13,2,-6.39,0.0,stop_loss,2021-01-27,0.7815789473684215,0.049083382613837864,-23.471732661936365,1.1272598488183205,0.0,2.0,0.05087672617930113,0.6,3,2021-01-25,TCB,1.0,moderate,False,False,False,-1.11,-2.87,1.31,TCB,v16
28,50,22,0.76,107.55,signal,2021-03-26,0.8838582677165354,0.031943692474282616,24.1263092891243,0.9526163173850006,1.0,3.0,-0.04252294574131195,0.6,3,2021-02-24,TCB,0.5,strong,False,False,False,1.82,-1.76,9.06,TCB,v16
54,63,9,0.36,0.0,signal,2021-04-20,0.7096774193548391,0.02787816210634998,5.865675110388075,0.9343005441021209,3.0,4.0,0.08419306940577796,0.08333333333333333,4,2021-04-01,TCB,1.0,strong,False,False,False,4.2,-2.37,2.32,TCB,v16
77,95,18,5.87,111.63,signal,2021-06-09,0.8267716535433074,0.03881782090868985,1.0014461729836626,1.217713899622544,2.0,3.0,-0.05544759925861456,0.9666666666666667,4,2021-05-13,TCB,0.5,strong,False,False,False,1.89,-2.58,11.16,TCB,v16
114,123,9,-11.13,47.75,signal,2021-07-19,0.5209713024282566,0.08506468051744406,-1.8462261196366754,1.347739561013694,2.0,3.0,0.05395798620550152,0.5333333333333333,4,2021-07-06,TCB,0.7,strong,False,False,False,0.95,-6.9,3.38,TCB,v16
137,149,12,-5.39,47.17,signal,2021-08-24,0.5055679287305119,0.09072333469554567,26.430865288858506,0.820501906725441,2.0,3.0,0.011523187496144574,0.21666666666666667,4,2021-08-06,TCB,0.7,weak,False,False,False,1.37,-3.89,1.62,TCB,v16
184,193,9,-1.9,44.25,signal,2021-10-27,0.8215767634854773,0.017338709677419344,8.683270336043094,1.656745038398685,2.0,2.0,-0.021240625208475798,0.48333333333333334,3,2021-10-14,TCB,0.7,strong,False,False,False,5.0,-0.96,4.08,TCB,v16
199,219,20,-3.02,190.22,signal,2021-12-02,0.7899999999999991,0.016679904686259003,-2.4253928081830907,1.2412162184619782,4.0,3.0,0.015113020030710949,0.25,2,2021-11-04,TCB,0.35,strong,False,False,False,2.9,-0.75,1.99,TCB,v16
7,16,9,-8.65,43.0,signal,2021-01-26,0.5917602996254685,0.04414742810854596,4.769396745482453,1.2296002979875025,2.0,3.0,-0.014194832082391327,0.7,5,2021-01-13,VIC,0.7,weak,False,False,False,0.82,-2.89,-0.03,VIC,v16
21,40,19,0.08,70.78,signal,2021-03-08,0.570334928229665,0.09538984491183349,11.569939914076592,1.2108003043612556,1.0,2.0,-0.03548306226766566,0.9833333333333333,5,2021-02-02,VIC,0.6,weak,False,False,True,4.34,-7.43,-0.23,VIC,v16
53,75,22,20.01,20.41,signal,2021-05-06,0.8384754990925588,0.018137354799266366,26.213223663397663,1.2831155956806515,4.0,2.0,0.004194240352431558,0.18333333333333332,3,2021-03-25,VIC,1.0,strong,False,True,False,3.57,0.0,3.32,VIC,v16
143,153,10,-5.02,107.86,signal,2021-08-24,0.7925824175824177,0.030067702110712826,3.036416698388564,1.1119567569284396,0.0,2.0,-0.08687700817849318,0.75,4,2021-08-10,VIC,0.48999999999999994,moderate,False,False,False,-1.32,-1.32,5.29,VIC,v16
215,228,13,1.52,108.92,signal,2021-12-15,0.7857142857142857,0.015228426395939087,26.92857142857141,1.2992364702613255,5.0,3.0,0.017905407880735413,0.08333333333333333,3,2021-11-26,VIC,0.5,moderate,False,True,False,3.9,0.0,3.59,VIC,v16
29,41,12,2.33,5.73,trailing_stop,2021-03-09,0.6111111111111112,0.15053763440860213,12.16160180084119,0.8860970540440559,0.0,2.0,-0.04361202561252009,0.5333333333333333,4,2021-02-19,VND,1.0,weak,False,False,False,4.89,-9.85,4.97,VND,v16
42,54,12,0.17,18.2,signal,2021-03-26,0.7850467289719623,0.039655172413793176,-16.233766233766183,1.0471139248385866,2.0,2.0,-0.08616564503511112,0.05,2,2021-03-10,VND,0.9,strong,True,False,False,-0.51,-1.69,3.57,VND,v16
66,121,55,84.86,196.0,signal,2021-07-09,0.812227074235808,0.05810810810810807,2.6257100778455964,0.9162793921578398,0.0,2.0,0.10932681318790544,0.85,3,2021-04-20,VND,0.5,strong,False,False,False,-0.27,-3.14,12.0,VND,v16
143,157,14,-1.37,105.65,signal,2021-09-06,0.8747628083491461,0.03930911256700418,3.185035389282092,1.1463079689658597,0.0,2.0,-0.0745591037517627,0.7,4,2021-08-10,VND,0.5,strong,False,False,False,2.82,-1.35,14.26,VND,v16
168,177,9,-8.31,44.25,signal,2021-10-04,0.6398305084745759,0.04907621247113172,8.18479162428207,0.7127664544951402,1.0,2.0,0.09036133222884438,0.06666666666666667,4,2021-09-21,VND,0.7,strong,False,False,False,-0.35,-2.53,0.54,VND,v16
189,221,32,37.75,93.58,trailing_stop,2021-12-03,0.7762557077625577,0.0282420749279538,18.884978857450974,1.2629843101562452,3.0,3.0,0.024614314498002665,0.21666666666666667,4,2021-10-20,VND,0.7,moderate,False,False,False,3.34,-1.14,3.0,VND,v16
230,238,8,1.94,53.48,trailing_stop,2021-12-28,0.4548022598870056,0.07655692185640617,-11.833748680321818,0.857486276816814,0.0,2.0,0.03326773730557063,0.45,3,2021-12-16,VND,0.7,moderate,False,False,False,-3.63,-5.4,-1.26,VND,v16
7,16,9,-6.82,185.47,signal,2021-01-26,0.7354838709677405,0.023536165327210236,21.309896999552244,1.206513705275253,2.0,3.0,0.05857668884717619,1.0,5,2021-01-13,VNM,0.35,moderate,False,False,False,4.29,-1.54,2.01,VNM,v16
21,32,11,-0.56,69.87,signal,2021-02-24,0.49039057656540647,0.1015692573829235,-4.5806118469119,1.174679676512524,0.0,2.0,-0.037367513496603,1.0,4,2021-02-02,VNM,0.6,weak,False,False,True,-0.28,-8.51,-2.44,VNM,v16
61,70,9,-5.32,41.54,signal,2021-04-19,0.620632279534109,0.029529853645900807,10.619172791915418,1.1338987045022602,1.0,2.0,-0.0906268242735312,0.11666666666666667,5,2021-04-06,VNM,0.7,weak,False,False,False,2.32,-1.27,0.8,VNM,v16
156,165,9,-1.05,42.47,signal,2021-09-08,0.34027777777777807,0.04214729370008864,0.9783759160759615,1.0208899204899007,1.0,3.0,0.33322912103852553,0.5333333333333333,4,2021-08-20,VNM,0.7,weak,False,False,False,-2.33,-3.4,-0.56,VNM,v16
173,194,21,1.81,103.32,signal,2021-10-19,0.9160104986876622,0.004604979133688407,12.7015536138844,1.091561041735643,2.0,2.0,0.31331720348270736,0.016666666666666666,2,2021-09-20,VNM,0.5,moderate,False,True,False,1.71,-0.07,2.75,VNM,v16
22,54,32,12.3,61.05,peak_protect_ema,2022-03-28,0.5102040816326532,0.1844971172325432,14.399721485766307,1.010964457242102,1.0,3.0,-0.06657625170172607,0.5166666666666667,4,2022-02-10,AAS,0.7,moderate,False,False,False,3.38,-9.77,3.63,AAS,v16
93,105,12,0.88,70.96,signal,2022-06-10,0.287531806615776,0.412675018422992,-1.1525096195628635,0.7912389407811584,0.0,2.0,0.03341421288206534,0.8666666666666667,3,2022-05-25,AAS,0.6,weak,False,False,True,-3.62,-23.33,-7.73,AAS,v16
142,151,9,-4.27,102.5,signal,2022-08-16,0.765193370165746,0.07124895222129084,-26.508768645072706,2.2471973939980296,2.0,3.0,-0.05845352816189967,0.4666666666666667,3,2022-08-03,AAS,0.5,moderate,False,False,False,2.93,-5.39,8.33,AAS,v16
194,203,9,-7.1,66.07,signal,2022-10-31,0.3028391167192428,0.30779944289693606,13.06084096781774,1.0730621885531584,2.0,3.0,0.02083589535418227,0.9166666666666666,4,2022-10-18,AAS,0.6,weak,False,False,True,12.36,-22.55,-6.74,AAS,v16
217,231,14,22.25,94.01,trailing_stop,2022-12-12,0.2906976744186045,0.6340956340956343,-2.9479929544822454,1.9442605502735564,1.0,2.0,0.1903744484391181,0.9833333333333333,4,2022-11-18,AAS,0.6,weak,False,False,True,0.0,-27.89,-13.91,AAS,v16
236,245,9,-14.05,95.52,signal,2022-12-30,0.5621118012422359,0.23305785123966946,-9.77685004662203,0.8373199649641591,1.0,2.0,0.07173246579632245,0.2833333333333333,3,2022-12-19,AAS,0.5,moderate,False,False,False,2.89,-3.66,6.55,AAS,v16
2,11,9,-13.05,40.47,signal,2022-01-19,0.70516717325228,0.040980143641740546,1.370890987627213,0.7349046925033421,1.0,2.0,-0.2412231662290821,0.03333333333333333,4,2022-01-06,AAV,0.7,weak,False,False,False,0.0,0.0,0.0,AAV,v16
28,38,10,-2.03,106.6,signal,2022-03-04,0.7580419580419581,0.07160596026490068,-2.4462365591398196,1.0025050391511479,0.0,2.0,0.08266937278665829,0.9333333333333333,2,2022-02-18,AAV,0.48999999999999994,strong,False,False,False,1.21,-0.78,7.54,AAV,v16
116,125,9,-1.16,65.8,signal,2022-07-08,0.4327666151468315,0.42674418604651165,34.41238564391274,1.1999917340369666,2.0,3.0,-0.17005912464778294,0.95,5,2022-06-27,AAV,0.6,weak,False,False,True,30.9,-27.61,-4.75,AAV,v16
146,157,11,-4.17,106.4,signal,2022-08-24,0.7986577181208049,0.031250000000000076,-4.199952542909166,1.1907934789477852,1.0,2.0,0.07253169143209279,0.06666666666666667,3,2022-08-09,AAV,0.5,strong,False,False,False,0.31,0.0,6.0,AAV,v16
217,228,11,38.89,116.32,trailing_stop,2022-12-07,0.3225806451612903,0.5833333333333334,11.282051282051285,1.4939088906271887,1.0,2.0,-0.16272661849853443,0.9666666666666667,5,2022-11-18,AAV,0.6,weak,False,False,True,5.88,-30.77,-15.19,AAV,v16
22,31,9,-2.64,43.34,signal,2022-02-23,0.8786127167630072,0.012597480503899057,7.20247993929317,1.7322109159418553,3.0,3.0,-0.03424060904921118,1.0,3,2022-02-10,ACB,0.7,strong,False,False,False,1.83,-0.6,4.67,ACB,v16
59,69,10,-3.36,188.57,signal,2022-04-20,0.5076923076923076,0.020671834625323016,12.76531687490592,1.39276325009109,3.0,3.0,0.012637737728771206,0.03333333333333333,5,2022-04-05,ACB,0.35,moderate,False,False,False,2.04,-1.46,0.51,ACB,v16
134,156,22,1.89,189.29,signal,2022-08-23,0.5975609756097562,0.023125437981779965,0.631832313709701,1.1956450046103007,2.0,3.0,-0.013196806183576085,0.05,5,2022-07-22,ACB,0.35,moderate,False,False,False,1.42,-1.25,0.92,ACB,v16
191,200,9,3.5,73.98,signal,2022-10-26,0.40720221606648177,0.18290598290598298,20.057720057720076,1.644666897521293,1.0,2.0,0.07948406272361005,0.9833333333333333,5,2022-10-13,ACB,0.6,weak,False,False,True,-0.17,-13.78,-5.99,ACB,v16
229,243,14,-0.84,46.98,signal,2022-12-26,0.7206703910614525,0.07651109410864575,6.15021097046413,1.146670838623818,1.0,3.0,-0.07479160810506354,0.6333333333333333,5,2022-12-06,ACB,0.7,moderate,False,False,False,0.69,-5.56,4.66,ACB,v16
2,24,22,17.78,127.75,peak_protect_dist,2022-02-14,0.8432432432432427,0.02104499274310602,16.28619967603023,1.4602522554703528,1.0,2.0,-0.06214911132208105,0.7333333333333333,4,2022-01-06,BID,0.5,weak,False,False,False,0.0,0.0,0.0,BID,v16
60,69,9,-12.36,43.4,signal,2022-04-19,0.6207951070336385,0.03949044585987268,-1.0445636119279982,1.1403618649965206,1.0,2.0,-0.004752933514216448,0.15,4,2022-04-05,BID,0.7,weak,False,False,False,2.11,-2.39,1.17,BID,v16
115,126,11,16.66,79.29,signal,2022-07-12,0.3259999999999998,0.14891736632788338,12.810414675725639,1.0738783526085596,1.0,3.0,0.0831363518132575,0.8666666666666667,4,2022-06-24,BID,0.6,weak,False,False,True,-1.27,-12.73,-5.2,BID,v16
152,161,9,-0.48,42.47,signal,2022-08-30,0.8177874186550977,0.02895553257497414,6.805141891979005,1.064885634841901,0.0,2.0,-0.027170175905837007,0.5666666666666667,3,2022-08-17,BID,0.7,strong,False,False,False,4.17,-2.45,4.95,BID,v16
182,191,9,-4.27,62.89,signal,2022-10-13,0.1939799331103679,0.19601464009760067,4.871888459011586,0.9787222133784561,1.0,3.0,0.04262048647806084,0.7833333333333333,4,2022-09-30,BID,0.6,weak,False,False,True,-2.42,-15.35,-5.1,BID,v16
226,236,10,0.0,105.91,signal,2022-12-15,0.6935897435897436,0.0844821491693178,-6.606414475896251,1.0845494802976239,0.0,2.0,-0.06852557376694535,0.95,3,2022-12-01,BID,0.5,strong,False,False,False,2.65,-5.1,6.44,BID,v16
42,70,28,32.22,139.13,peak_protect_dist,2022-04-22,0.7374274661508707,0.0773173857325928,-28.43044731504216,1.1809147056827327,1.0,3.0,0.02729685909433527,0.95,4,2022-03-14,DGC,0.5,strong,False,False,False,-5.21,-5.21,9.1,DGC,v16
93,102,9,-0.22,52.01,signal,2022-07-07,0.5488748241912799,0.15365269461077843,6.3377619190674395,0.9846246826233622,0.0,2.0,-0.15116987778491894,0.5,4,2022-05-27,DGC,0.7,weak,False,False,False,0.47,-11.16,-0.57,DGC,v16
171,180,9,-1.01,70.9,signal,2022-10-27,0.42244224422442234,0.23309160870208676,20.211609694329574,1.081429817503074,2.0,4.0,0.042916800367069574,0.9,4,2022-10-14,DGC,0.6,weak,False,False,True,18.56,-17.13,-0.71,DGC,v16
29,44,15,-1.81,102.28,signal,2022-03-14,0.9506903353057199,0.005267593763168985,19.60367239341877,0.84428718976572,2.0,3.0,-0.026291964794590783,0.8833333333333333,2,2022-02-21,FPT,0.5,strong,False,False,False,2.75,0.0,4.3,FPT,v16
49,72,23,16.58,22.35,peak_protect_dist,2022-04-22,0.8086956521739121,0.013644821170146862,14.372144283975828,1.1778736274122317,2.0,4.0,0.005582937104997625,0.4,3,2022-03-21,FPT,1.0,strong,False,False,False,3.8,-0.21,2.16,FPT,v16
103,113,10,-11.02,100.41,signal,2022-06-22,0.8963893249607535,0.022614356690080526,7.412411001293108,1.132915719008904,0.0,2.0,-0.09199953402620956,0.9666666666666667,4,2022-06-08,FPT,0.5,strong,False,False,False,2.85,-0.53,9.86,FPT,v16
151,166,15,-4.41,99.93,signal,2022-09-07,0.9694117647058818,0.0023792093704246443,5.63421016388935,1.0439409636528334,2.0,2.0,-0.02913136747945028,0.16666666666666666,2,2022-08-15,FPT,0.5,strong,False,True,False,3.37,0.0,4.15,FPT,v16
217,231,14,8.72,71.41,signal,2022-12-13,0.5917566241413148,0.09422423556058898,-7.722899195354373,1.5307956107591905,1.0,1.0,0.02558088403420385,0.6833333333333333,3,2022-11-17,FPT,0.6,weak,False,False,True,-2.73,-6.32,-2.58,FPT,v16
28,46,18,-1.78,108.78,signal,2022-03-16,0.844827586206896,0.026696329254727567,18.510324483775804,0.790156054737983,1.0,3.0,-0.05123428151451996,0.75,3,2022-02-18,HPG,0.5,moderate,False,False,False,-0.22,-0.55,5.35,HPG,v16
149,162,13,-1.52,47.81,signal,2022-08-30,0.7035573122529646,0.04230118443316413,7.152731759705638,1.2359466939631367,2.0,3.0,0.0035427552364785675,0.4166666666666667,5,2022-08-11,HPG,0.7,moderate,False,False,False,-1.06,-2.9,3.05,HPG,v16
191,200,9,-8.61,71.0,signal,2022-10-25,0.24084778420038538,0.2780522230063514,12.680892813343092,1.3948114470186102,2.0,3.0,-0.02872085357272211,1.0,5,2022-10-12,HPG,0.6,weak,False,False,True,-2.61,-20.75,-10.56,HPG,v16
218,244,26,13.2,100.65,signal,2022-12-26,0.5643340857787811,0.1687062937062937,23.19947487239891,1.153991122895291,2.0,3.0,-0.031189450500690465,0.8833333333333333,5,2022-11-18,HPG,0.6,weak,False,False,True,22.75,-13.2,3.4,HPG,v16
7,36,29,11.66,16.07,signal,2022-03-03,0.6764705882352946,0.04110612855007466,11.169049621530696,1.5229745400515136,1.0,2.0,-0.014220264162594618,0.65,5,2022-01-14,MBB,1.0,moderate,False,False,False,3.64,-0.22,3.02,MBB,v16
116,132,16,3.41,70.24,signal,2022-07-20,0.4526315789473685,0.13991031390134534,14.774414055066288,0.8850244160473473,2.0,3.0,0.015282579504305054,0.9333333333333333,4,2022-06-28,MBB,0.6,weak,False,False,True,10.07,-11.65,-2.92,MBB,v16
148,162,14,1.3,190.59,signal,2022-09-07,0.875968992248062,0.013008130081300823,3.845519062551631,0.9374232046426929,1.0,1.0,-0.0012023317911553782,0.4,1,2022-08-16,MBB,0.35,strong,False,False,False,1.15,-0.4,4.41,MBB,v16
189,198,9,-1.66,65.42,signal,2022-10-27,0.30448717948717974,0.225103734439834,17.290747421643488,1.3105382378781307,2.0,3.0,0.0947873940361032,0.95,5,2022-10-14,MBB,0.6,weak,False,False,True,5.01,-16.61,-7.12,MBB,v16
199,208,9,-10.46,68.75,signal,2022-11-10,0.49377593360995903,0.12761506276150614,19.444444444444457,1.1000046697393178,1.0,4.0,0.007832077112922614,0.6333333333333333,5,2022-10-28,MBB,0.6,weak,False,False,True,9.63,-8.08,1.81,MBB,v16
213,226,13,15.29,79.96,signal,2022-12-08,0.47872340425531895,0.17294117647058832,-11.18010503552673,1.1951470283469574,0.0,1.0,0.1186406225502902,0.75,3,2022-11-17,MBB,0.6,weak,False,False,True,-0.7,-12.82,-5.42,MBB,v16
232,241,9,-7.37,97.79,signal,2022-12-29,0.8720379146919433,0.026522593320235717,-7.834868887313959,0.9543387608156373,0.0,2.0,0.01796719931021699,0.43333333333333335,2,2022-12-16,MBB,0.5,strong,False,False,False,3.25,-0.78,9.59,MBB,v16
2,11,9,-7.58,42.06,signal,2022-01-19,0.5267175572519085,0.04999999999999998,1.6178361965712682,0.7109762292077902,1.0,1.0,0.02728970507285918,0.18333333333333332,3,2022-01-06,REE,0.7,weak,False,False,False,0.0,0.0,0.0,REE,v16
26,43,17,-0.13,104.89,signal,2022-03-11,1.0,0.0,7.87659692218331,0.9789083097353775,1.0,1.0,-0.07899940519202894,0.8166666666666667,1,2022-02-16,REE,0.5,strong,False,False,False,3.72,0.0,8.19,REE,v16
57,70,13,-0.97,108.69,signal,2022-04-20,0.7966101694915247,0.03311867525299,17.89115349772584,1.4369829683698296,1.0,2.0,-0.05149795328311206,1.0,4,2022-03-31,REE,0.5,strong,False,False,False,2.5,0.0,9.02,REE,v16
100,114,14,-8.29,106.92,signal,2022-06-23,0.8734638142922166,0.048289039430258834,11.166387061715312,0.8791126489466077,0.0,2.0,-0.15724937712988843,1.0,3,2022-06-03,REE,0.5,strong,False,False,False,3.8,-2.62,16.11,REE,v16
146,155,9,3.48,47.63,signal,2022-08-22,0.5996409335727115,0.04480610809724727,-8.234989481366974,1.2926910862766963,2.0,2.0,-0.02098518225618573,0.016666666666666666,4,2022-08-09,REE,0.7,weak,False,False,False,2.3,-1.95,1.95,REE,v16
162,175,13,-2.68,100.6,signal,2022-09-21,0.9110707803992737,0.00919324577861167,2.6866973404792986,0.9384069468886133,2.0,1.0,0.020601699055316856,0.03333333333333333,1,2022-08-31,REE,0.5,strong,False,False,False,1.29,0.0,4.0,REE,v16
197,206,9,-4.68,45.48,signal,2022-11-03,0.6874074074074075,0.043149284253578724,15.507127480715013,0.9821412141942285,1.0,1.0,-0.06553990556455924,0.5333333333333333,3,2022-10-21,REE,0.7,weak,False,False,False,2.19,-2.71,2.77,REE,v16
2,11,9,-12.88,42.35,signal,2022-01-19,0.5994897959183675,0.050191815856777504,20.446829244070948,0.9567529670019878,1.0,3.0,-0.033327926806018426,0.4166666666666667,4,2022-01-06,SSI,0.7,weak,False,False,False,0.0,0.0,0.0,SSI,v16
40,44,4,-8.08,0.0,hard_stop,2022-03-14,0.7534246575342459,0.025414754677020913,11.326663201663209,1.5219329917023834,3.0,2.0,0.03495320537214881,0.08333333333333333,4,2022-03-08,SSI,1.0,moderate,False,False,False,2.16,0.0,3.55,SSI,v16
87,98,11,1.37,69.52,signal,2022-06-01,0.2741398446170922,0.37222538417757534,15.875655563996048,1.3358836128125353,1.0,1.0,0.10617523822132248,0.8833333333333333,4,2022-05-17,SSI,0.6,weak,False,False,True,4.46,-22.26,-7.71,SSI,v16
149,160,11,-3.21,103.2,signal,2022-08-30,0.8918918918918922,0.024227740763173744,6.8064289875058535,0.8582327075625683,1.0,3.0,-0.035648921045897744,0.6833333333333333,3,2022-08-15,SSI,0.5,strong,False,False,False,0.36,-0.6,10.63,SSI,v16
229,240,11,-0.78,111.02,signal,2022-12-22,0.7836812144212523,0.08878504672897201,-18.65844784807709,1.2638774163264919,1.0,1.0,-0.09894132778256669,1.0,2,2022-12-07,SSI,0.48999999999999994,strong,False,False,False,0.0,-7.49,13.84,SSI,v16
2,11,9,-2.08,44.18,signal,2022-01-19,0.6648648648648646,0.026304624522698387,12.497122070267494,1.1594710382268345,1.0,2.0,-0.027276474850340446,0.2833333333333333,5,2022-01-06,TCB,0.7,weak,False,False,False,0.0,0.0,0.0,TCB,v16
20,30,10,-3.55,186.19,signal,2022-02-23,0.8013029315960915,0.02409162717219587,5.123478671865776,1.1597100481788254,1.0,3.0,-0.01931187333148747,0.9333333333333333,4,2022-02-09,TCB,0.35,moderate,False,False,False,3.26,-0.35,6.18,TCB,v16
58,67,9,-9.64,186.52,signal,2022-04-18,0.5833333333333334,0.019189765458422145,14.128391082460226,1.2890090895238167,4.0,4.0,0.00252618307853411,0.08333333333333333,4,2022-04-04,TCB,0.35,moderate,False,False,False,1.74,-1.3,0.85,TCB,v16
122,131,9,-4.0,0.56,signal,2022-07-19,0.7854671280276825,0.03490990990990976,9.895265470644631,1.0502103265650145,1.0,3.0,-0.047040508785317535,0.4166666666666667,3,2022-07-06,TCB,1.0,weak,False,False,False,2.3,-0.95,4.74,TCB,v16
138,155,17,3.75,5.33,trailing_stop,2022-08-22,0.6904761904761907,0.02951191827468783,-9.11896148116616,0.7777077728928498,1.0,1.0,-0.008723360656334184,0.016666666666666666,2,2022-07-28,TCB,1.0,moderate,False,False,False,1.21,-1.34,1.79,TCB,v16
158,167,9,-4.76,100.04,signal,2022-09-09,0.9186991869918688,0.005353319057815922,-0.250710345980238,0.7639414859172172,2.0,2.0,-0.014558356763683753,0.016666666666666666,1,2022-08-25,TCB,0.5,strong,False,False,False,1.14,0.0,1.92,TCB,v16
202,211,9,-6.76,72.66,signal,2022-11-10,0.34957983193277303,0.33564614050303565,25.46908539351709,0.9646942839224457,1.0,3.0,0.028995067517953582,0.8,4,2022-10-28,TCB,0.6,weak,False,False,True,6.56,-19.99,-3.82,TCB,v16
233,242,9,-11.41,99.29,signal,2022-12-28,0.9642857142857142,0.010043041606886698,1.3631002703238693,0.8612753306274336,1.0,1.0,-0.04900736702474173,0.7,1,2022-12-15,TCB,0.5,strong,False,False,False,4.65,0.0,18.15,TCB,v16
4,13,9,-6.65,41.65,signal,2022-01-21,0.6639344262295076,0.04007820136852403,25.147913503324794,1.2714134323626647,2.0,3.0,-0.044429890374988124,0.48333333333333334,5,2022-01-10,VIC,0.7,moderate,False,False,False,0.0,-2.11,0.29,VIC,v16
185,194,9,-2.5,67.43,signal,2022-10-19,0.5882352941176467,0.08166666666666676,10.199895251396647,1.4294632783206236,2.0,2.0,0.08105925671762454,1.0,5,2022-10-05,VIC,0.6,weak,False,False,True,4.35,-6.83,-1.93,VIC,v16
231,240,9,-18.88,35.99,signal,2022-12-22,0.6869158878504671,0.0988200589970502,-14.86775419702252,1.5175436372405342,1.0,2.0,0.0108640912841233,0.7833333333333333,4,2022-12-09,VIC,0.7,strong,False,False,False,-1.45,-4.78,4.65,VIC,v16
2,11,9,-17.87,41.45,signal,2022-01-19,0.5449591280653948,0.06282919488337102,10.201764480245465,0.8777815355516725,2.0,3.0,0.0003151598197303762,0.16666666666666666,4,2022-01-06,VND,0.7,weak,False,False,False,0.0,0.0,0.0,VND,v16
30,54,24,5.65,107.26,signal,2022-04-26,0.8517179023508136,0.034081463009143824,14.855903633684875,0.9117483249604609,0.0,2.0,-0.015523054889578218,0.5166666666666667,3,2022-02-22,VND,0.5,moderate,False,False,False,4.56,-2.12,6.71,VND,v16
78,87,9,-21.7,43.39,signal,2022-06-15,0.5258467023172905,0.1300097751710655,28.770777398361275,0.9648762091088567,0.0,2.0,0.115493856907068,0.4,4,2022-06-02,VND,0.7,weak,False,False,False,2.25,-12.56,1.96,VND,v16
95,104,9,-0.26,71.29,signal,2022-07-08,0.3194748358862144,0.4105610561056106,18.346490111195976,1.4664005704795953,3.0,3.0,0.040645356824586226,1.0,5,2022-06-27,VND,0.6,weak,False,False,True,16.81,-27.13,-12.39,VND,v16
128,138,10,-2.46,103.33,signal,2022-08-31,0.8714285714285717,0.029475982532751046,6.344086021505305,0.9855960559943823,0.0,2.0,0.007776122754058423,0.6333333333333333,3,2022-08-17,VND,0.5,strong,False,False,False,0.22,-1.13,10.36,VND,v16
181,190,9,-18.17,65.56,signal,2022-11-15,0.2695473251028808,0.35642570281124486,17.31457059657577,1.1077992757997766,2.0,3.0,-0.035415718219508396,0.8166666666666667,5,2022-11-02,VND,0.6,weak,False,False,True,13.57,-20.95,-8.39,VND,v16
212,221,9,-11.31,101.14,signal,2022-12-28,0.9280155642023344,0.028265851795263638,-0.5179036764615574,1.130113521488576,0.0,1.0,0.08902310526597534,0.9166666666666666,2,2022-12-15,VND,0.5,strong,False,False,False,3.89,0.0,19.04,VND,v16
97,107,10,-7.81,104.52,signal,2022-06-14,0.7066848567530697,0.037646646821922584,14.628986649225318,1.0275740248631768,0.0,2.0,-0.038142658318006575,0.7666666666666667,4,2022-05-31,VNM,0.48999999999999994,weak,False,False,False,4.06,-1.79,2.7,VNM,v16
119,140,21,4.33,47.97,signal,2022-07-29,0.747560975609756,0.03599374021909234,4.955690601786408,1.1475741608908592,0.0,2.0,-0.08090699397182091,0.6333333333333333,5,2022-06-30,VNM,0.7,moderate,False,False,False,2.13,-2.03,3.44,VNM,v16
160,172,12,-3.11,44.12,signal,2022-09-15,0.8146964856230026,0.018305191731103104,16.209973172750367,1.1943554064243165,1.0,2.0,0.3702498929311384,0.5333333333333333,3,2022-08-26,VNM,0.7,strong,False,False,False,3.77,-1.29,4.53,VNM,v16
201,216,15,-3.18,105.13,signal,2022-11-17,1.0,0.0,5.353381349143319,0.8994235483409367,2.0,3.0,0.2545928707531824,1.0,2,2022-10-27,VNM,0.5,strong,False,False,False,2.47,0.0,7.01,VNM,v16
223,232,9,-2.08,46.95,signal,2022-12-09,0.8230088495575215,0.02079310856973126,4.185625611059322,0.9273681817122923,2.0,4.0,0.23181977741889453,0.4,3,2022-11-28,VNM,0.7,strong,False,False,False,4.88,-0.85,3.01,VNM,v16
3,20,17,0.99,51.35,signal,2023-02-07,0.6108374384236454,0.1305785123966942,21.028037383177562,1.2241880254125392,4.0,3.0,-0.07791160132894677,0.16666666666666666,5,2023-01-06,AAS,0.7,weak,False,False,False,0.0,0.0,0.0,AAS,v16
46,49,3,-7.8,0.0,stop_loss,2023-03-20,0.4687499999999993,0.0883882149046795,7.215550328092128,1.3767678881353012,2.0,1.0,-0.009006702301103994,0.4166666666666667,4,2023-03-15,AAS,1.0,weak,False,True,False,3.04,-7.23,0.84,AAS,v16
70,79,9,-6.77,100.89,signal,2023-05-05,0.8742857142857144,0.03240058910161999,-3.517035641387949,0.9909633029764512,0.0,2.0,-0.03421973221113772,0.85,2,2023-04-19,AAS,0.5,strong,False,False,False,3.51,0.0,11.21,AAS,v16
91,123,32,37.66,51.36,peak_protect_dist,2023-07-06,0.46470588235294114,0.1298145506419401,12.65543969218757,1.4606668470947772,1.0,2.0,-0.0854128819729675,0.5833333333333334,5,2023-05-23,AAS,1.0,strong,False,False,False,-0.85,-0.85,4.21,AAS,v16
170,179,9,-23.62,97.87,signal,2023-09-26,0.906474820143885,0.022827041264266882,9.134777783139484,1.152925935450336,0.0,2.0,-0.11074562190003064,0.85,4,2023-09-13,AAS,0.5,strong,False,False,False,4.78,0.0,13.74,AAS,v16
206,222,16,12.3,84.04,signal,2023-11-24,0.4126984126984126,0.19786096256684496,7.397026081424968,0.8719471906442287,1.0,1.0,0.07847739697918985,0.7666666666666667,3,2023-11-02,AAS,0.6,weak,False,False,True,6.25,-14.02,-5.02,AAS,v16
17,26,9,-12.24,102.19,signal,2023-02-15,0.5384615384615387,0.12244897959183665,1.8421052631579187,2.194219747452991,2.0,2.0,0.5734497325212748,0.11666666666666667,5,2023-02-02,AAV,0.5,moderate,False,False,False,2.08,-7.55,5.38,AAV,v16
29,38,9,-13.33,66.77,signal,2023-03-03,0.2857142857142859,0.2222222222222222,-2.5691699604743334,0.8329937252367424,0.0,2.0,-0.21968954780480654,0.31666666666666665,3,2023-02-20,AAV,0.6,weak,False,False,True,7.14,-15.09,-2.91,AAV,v16
79,104,25,28.89,89.09,peak_protect_ema,2023-06-19,0.5714285714285718,0.06666666666666662,11.688311688311721,1.6630561893428086,4.0,3.0,0.13046849402070756,0.225,5,2023-05-11,AAV,0.7,moderate,False,False,False,4.65,-2.17,3.57,AAV,v16
108,117,9,-11.11,95.38,signal,2023-07-06,0.6111111111111109,0.11111111111111115,3.030303030303024,0.7849912793233909,0.0,2.0,-0.02237356018226521,0.55,4,2023-06-23,AAV,0.5,strong,False,False,False,1.61,-8.7,5.35,AAV,v16
125,147,22,8.2,60.74,signal,2023-08-17,0.7272727272727267,0.049180327868852576,6.926406926406926,1.2147921474012098,1.0,2.0,0.34956069837230463,0.425,5,2023-07-18,AAV,0.7,moderate,False,False,False,0.0,-3.17,3.04,AAV,v16
8,21,13,2.05,51.95,signal,2023-02-08,0.7840909090909096,0.026836158192090325,12.83023980490448,1.3080146687405556,2.0,2.0,-0.0831552747332902,0.2833333333333333,4,2023-01-13,ACB,0.7,moderate,False,False,False,4.35,-1.39,3.14,ACB,v16
98,119,21,3.22,5.1,trailing_stop,2023-06-29,0.8421052631578957,0.008059100067159115,0.4166666666667993,2.1299331510791255,3.0,2.0,0.06244790166837093,0.016666666666666666,3,2023-05-31,ACB,1.0,strong,False,False,False,1.02,0.0,1.54,ACB,v16
136,146,10,4.92,9.39,trailing_stop,2023-08-08,0.8000000000000015,0.008945686900958389,24.180900204103644,1.1901610733879586,2.0,2.0,0.0030837493289581526,0.03333333333333333,3,2023-07-25,ACB,1.0,strong,False,True,False,1.36,0.0,1.36,ACB,v16
147,156,9,-4.91,42.31,signal,2023-08-22,0.5384615384615387,0.05159705159705159,-18.52242126214732,1.6327354041991173,1.0,2.0,-0.04443359968871214,0.9833333333333333,4,2023-08-09,ACB,0.7,strong,True,False,False,0.43,-4.91,2.65,ACB,v16
166,176,10,-2.18,42.31,signal,2023-09-21,0.6500000000000008,0.03049159925326686,22.727272727272677,0.8427707723959209,2.0,3.0,-0.019984355189767405,0.6166666666666667,4,2023-09-07,ACB,0.7,strong,False,False,False,3.81,-1.29,1.75,ACB,v16
215,224,9,-5.82,100.33,signal,2023-11-28,0.9050279329608948,0.010416666666666553,13.534639416494471,1.7847541184018174,2.0,2.0,-0.023420681280464935,0.85,3,2023-11-15,ACB,0.5,strong,False,False,False,2.0,0.0,5.44,ACB,v16
237,247,10,5.01,,end,2023-12-29,0.840909090909092,0.008766437069505247,27.348993288590627,0.8710583101057678,2.0,2.0,-0.005864542886751131,0.03333333333333333,2,2023-12-15,ACB,0.5,strong,False,False,False,1.59,0.0,2.1,ACB,v16
2,16,14,5.01,55.54,trailing_stop,2023-02-01,0.6647887323943659,0.04025710419485796,-13.937150998084107,1.058201602957967,1.0,2.0,-0.056060190604534106,0.18333333333333332,3,2023-01-05,BID,0.7,weak,False,False,False,0.0,0.0,0.0,BID,v16
17,31,14,4.28,9.36,trailing_stop,2023-02-22,0.5689655172413797,0.07987220447284334,-19.84912612657469,1.0461152702921253,0.0,0.0,-0.012929682759908866,0.6833333333333333,2,2023-02-02,BID,1.0,moderate,True,False,False,-6.09,-6.09,0.62,BID,v16
32,43,11,3.51,5.36,trailing_stop,2023-03-10,0.6587926509186343,0.03934624697336575,6.043791562426492,0.8397405075313724,1.0,2.0,-0.027825117307600875,0.2,4,2023-02-23,BID,1.0,strong,True,False,False,1.23,-3.48,2.34,BID,v16
44,53,9,-1.49,44.14,signal,2023-03-24,0.6381766381766375,0.037865235539654235,-11.012658227848107,1.1594758524728024,0.0,2.0,-0.0458353195125044,0.4666666666666667,4,2023-03-13,BID,0.7,strong,True,False,False,0.96,-3.65,1.1,BID,v16
137,150,13,-0.96,104.26,signal,2023-08-11,0.8846153846153848,0.010526315789473667,13.614750473975278,0.8969155984569344,2.0,2.0,-0.002882821421773582,0.9333333333333333,2,2023-07-25,BID,0.5,strong,False,False,False,0.97,0.0,3.15,BID,v16
218,248,30,14.01,,end,2023-12-29,0.7212276214833754,0.035036965605914606,0.873545141566737,1.3298982956879077,2.0,3.0,-0.0321065003516933,0.6333333333333333,5,2023-11-17,BID,0.7,moderate,False,False,False,1.63,-2.84,2.53,BID,v16
13,22,9,-6.43,45.13,signal,2023-02-09,0.6328571428571428,0.04917719096823575,6.197295138374109,1.0596394966075777,1.0,2.0,-0.02245420816756089,0.016666666666666666,4,2023-01-27,DGC,0.7,moderate,False,False,False,3.69,-3.13,1.21,DGC,v16
43,52,9,-3.8,0.0,signal,2023-03-23,0.5880398671096353,0.05323030693281813,-2.2164383561643675,1.0431448809458526,2.0,2.0,0.07871685551519954,0.21666666666666667,3,2023-03-10,DGC,1.0,weak,False,True,False,4.56,-3.84,1.4,DGC,v16
67,76,9,-5.86,99.6,signal,2023-04-26,1.0,0.0,23.18700317591569,1.3025704816299912,3.0,3.0,0.12178697768990218,0.4,3,2023-04-13,DGC,0.5,moderate,False,True,False,4.8,0.0,6.77,DGC,v16
97,154,57,31.05,139.24,peak_protect_dist,2023-08-18,0.9744318181818192,0.0018529956763433458,15.542770135857559,1.3829959813100137,3.0,2.0,0.03440599102808212,0.23333333333333334,3,2023-05-30,DGC,0.5,moderate,False,True,False,4.65,0.0,4.91,DGC,v16
168,194,26,-0.77,109.6,signal,2023-10-17,0.8851517637407706,0.03411721700986976,9.184623235282999,0.889035292932615,1.0,3.0,-0.12060482415849218,1.0,3,2023-09-11,DGC,0.5,strong,False,False,False,3.89,-1.62,13.25,DGC,v16
217,238,21,0.53,105.22,signal,2023-12-18,0.8527262507026417,0.031101614434947824,16.041145326008056,0.8424291248316444,0.0,2.0,-0.021887395135779322,0.6166666666666667,3,2023-11-17,DGC,0.5,moderate,False,False,False,0.32,-2.6,5.18,DGC,v16
246,247,1,0.43,,end,2023-12-29,0.7009493670886079,0.02155811566100149,1.4627015486585009,0.9315541727629036,2.0,3.0,-0.020809371877703764,0.1,4,2023-12-28,DGC,0.7,strong,False,False,False,3.29,-0.92,1.18,DGC,v16
57,69,12,-1.97,99.79,signal,2023-04-19,1.0,0.0,10.31247466969279,1.130520809242665,4.0,4.0,-0.027892665468641234,0.11666666666666667,3,2023-04-03,FPT,0.5,moderate,False,True,False,2.28,0.0,2.28,FPT,v16
91,174,83,33.56,219.8,signal,2023-09-27,0.9038961038961046,0.0071608283336558436,-3.261211821330477,1.1061358600739188,1.0,2.0,-0.025677383536717346,1.0,2,2023-05-29,FPT,0.35,strong,False,False,False,0.72,-0.12,3.65,FPT,v16
211,240,29,5.6,,end,2023-12-29,0.7499999999999987,0.030780780780780954,13.170336890262831,0.9325578280181327,0.0,2.0,-0.06419608097772525,0.48333333333333334,4,2023-11-17,FPT,0.7,moderate,False,False,False,-0.54,-2.15,1.63,FPT,v16
3,22,19,6.19,56.64,signal,2023-02-09,0.5555555555555551,0.09523809523809539,1.271386357428419,0.7401815033921868,2.0,3.0,-0.06041072768163848,0.11666666666666667,4,2023-01-06,HPG,0.7,weak,False,False,False,0.0,0.0,0.0,HPG,v16
30,39,9,-5.56,42.5,signal,2023-03-06,0.6428571428571426,0.04889975550122254,12.409262112651973,0.7610680338027084,2.0,3.0,-0.02990362946990098,0.016666666666666666,4,2023-02-21,HPG,0.7,strong,False,False,False,4.8,-2.27,2.36,HPG,v16
44,53,9,-3.32,1.0,signal,2023-03-24,0.5185185185185186,0.05694618272841052,-3.4260582466860328,1.091600486970598,1.0,2.0,0.022345224303649103,0.016666666666666666,3,2023-03-13,HPG,1.0,strong,False,False,False,3.43,-3.68,0.7,HPG,v16
62,71,9,-1.87,41.75,signal,2023-04-20,0.6580645161290317,0.03300124533001253,29.293413173652674,1.0513524893541804,1.0,2.0,0.09603800670617824,0.13333333333333333,4,2023-04-07,HPG,0.7,moderate,False,False,False,1.9,-1.41,2.05,HPG,v16
76,92,16,-1.82,188.99,signal,2023-05-24,0.816,0.013990267639902701,7.307692307692363,0.993176278630959,3.0,3.0,-0.0068973583832736,0.25,2,2023-04-27,HPG,0.35,strong,False,False,False,4.31,-1.38,3.52,HPG,v16
108,138,30,16.24,118.49,signal,2023-08-02,0.9508928571428574,0.006138392857142825,3.088720843540358,0.9429340914475435,1.0,2.0,0.20163884352891442,1.0,2,2023-06-20,HPG,0.5,strong,False,False,False,3.76,0.0,7.16,HPG,v16
213,233,20,1.1,48.39,signal,2023-12-15,0.7512690355329946,0.04880478087649405,8.753679627131092,1.3215376058888237,1.0,2.0,-0.040296582391908836,1.0,4,2023-11-17,HPG,0.7,strong,False,False,False,0.0,-2.57,4.96,HPG,v16
240,243,3,0.52,,end,2023-12-29,0.75,0.016144349477682805,0.500061736016761,0.7769622121707694,3.0,3.0,-0.054280577644127324,0.03333333333333333,2,2023-12-26,HPG,0.5,strong,False,False,False,2.18,-0.52,1.98,HPG,v16
4,16,12,1.92,49.97,signal,2023-02-03,0.6029411764705886,0.054600606673407395,4.875870184741487,0.848976439814203,2.0,3.0,-0.021930926174691633,0.05,4,2023-01-09,MBB,0.7,moderate,False,False,False,0.0,0.0,0.69,MBB,v16
103,151,48,9.26,112.08,signal,2023-08-17,0.9051724137931024,0.00998185117967343,5.144423360742124,1.3467022638930137,3.0,1.0,-0.0431898089931246,1.0,2,2023-06-12,MBB,0.5,strong,False,False,False,2.7,-0.54,6.12,MBB,v16
209,218,9,-0.61,45.96,signal,2023-11-23,0.6868686868686864,0.02695652173913048,14.048114048114023,1.2623795421264763,1.0,2.0,-0.02920927406712682,0.4166666666666667,5,2023-11-10,MBB,0.7,moderate,False,False,False,3.51,-1.88,1.55,MBB,v16
244,244,0,0.0,,end,2023-12-29,0.8059701492537328,0.010915197313182115,9.736308316430083,1.0995105253013828,2.0,2.0,-0.012395424739991785,0.2,2,2023-12-29,MBB,0.5,strong,False,False,False,1.88,0.0,2.35,MBB,v16
62,71,9,-2.44,43.93,signal,2023-04-19,0.6816976127320963,0.027567195037904793,16.546926263860016,1.3629899067964266,4.0,3.0,-0.02489462856311652,0.21666666666666667,5,2023-04-06,REE,0.7,moderate,False,False,False,2.96,-1.16,1.87,REE,v16
97,136,39,5.88,112.06,signal,2023-07-24,0.7170731707317077,0.0262384076000904,-9.321534206123587,1.0937972329796002,0.0,1.0,-0.03566947609275187,0.95,2,2023-05-30,REE,0.48999999999999994,strong,False,False,False,-2.23,-2.23,3.36,REE,v16
139,148,9,-4.31,44.26,signal,2023-08-09,0.7854785478547855,0.013410356921807275,16.164322485561307,1.120273901627034,3.0,4.0,-0.013307106317336784,0.11666666666666667,3,2023-07-27,REE,0.7,strong,False,False,False,3.86,-1.18,2.36,REE,v16
218,238,20,-2.24,45.17,signal,2023-12-15,0.7229080932784632,0.048210023866348525,18.48490722303481,0.7575934644437361,0.0,1.0,-0.08070569599067288,0.7666666666666667,3,2023-11-17,REE,0.7,weak,False,False,False,1.04,-2.67,2.92,REE,v16
8,19,11,4.14,55.27,signal,2023-02-06,0.4537037037037039,0.1381733021077283,18.717585046254143,0.7207367936765665,1.0,2.0,-0.049660062006685796,0.03333333333333333,4,2023-01-13,SSI,0.7,moderate,False,False,False,1.59,-0.54,0.57,SSI,v16
31,40,9,0.47,44.94,signal,2023-03-07,0.31174089068825955,0.1319875776397515,11.501772051273576,1.0591768661946355,2.0,3.0,-0.019080548548775576,0.25,4,2023-02-22,SSI,0.7,weak,False,False,False,1.1,-10.62,-2.9,SSI,v16
55,68,13,1.95,108.72,signal,2023-04-14,0.8156682027649776,0.028818443804034477,0.19471921489214594,1.11318683939805,2.0,3.0,-0.0275869315774194,0.26666666666666666,4,2023-03-28,SSI,0.5,strong,False,False,False,4.05,-0.93,5.33,SSI,v16
83,90,7,1.8,3.33,trailing_stop,2023-05-19,0.7185628742514966,0.03131245836109265,21.24860079373154,0.9628494772803277,2.0,4.0,0.002294302324683216,0.058333333333333334,4,2023-05-10,SSI,1.0,strong,False,False,False,4.38,-0.46,3.66,SSI,v16
93,130,37,28.18,69.0,peak_protect_dist,2023-07-20,0.6907216494845362,0.03960396039603958,2.4042504395688553,1.107626141772584,0.0,2.0,-0.04832391974434687,0.3,5,2023-05-24,SSI,0.7,strong,False,False,False,1.13,-2.32,2.05,SSI,v16
136,146,10,-5.38,100.06,signal,2023-08-11,0.9635761589403975,0.005332040717401815,-0.9589947089948083,0.7893631544856896,3.0,3.0,-0.025738423749434063,0.65,1,2023-07-28,SSI,0.5,strong,False,False,False,3.46,0.0,6.28,SSI,v16
161,175,14,-8.99,195.21,signal,2023-09-25,0.9122401847575052,0.016428880242109926,10.213338162531684,0.9088873277262471,1.0,2.0,-0.10616406607293961,1.0,2,2023-09-05,SSI,0.35,strong,False,False,False,3.58,-0.43,9.75,SSI,v16
189,191,2,-6.27,0.0,stop_loss,2023-10-17,0.5313725490196078,0.10270734851740441,22.583707224464426,0.7520136468472338,0.0,2.0,-0.06315330508341004,0.6333333333333333,4,2023-10-13,SSI,1.0,strong,False,False,False,1.84,-7.95,1.72,SSI,v16
217,234,17,-3.37,102.48,signal,2023-12-15,0.9940711462450591,0.0013146362839614872,15.169847593000014,0.8659290107770451,2.0,1.0,0.01691556375372409,0.7666666666666667,1,2023-11-22,SSI,0.5,strong,False,False,False,2.98,0.0,9.24,SSI,v16
9,16,7,0.38,4.67,trailing_stop,2023-02-01,0.5120967741935482,0.09118311981914098,38.89170234642368,0.6233519758365539,1.0,2.0,-0.06777491830588546,0.016666666666666666,4,2023-01-16,TCB,1.0,moderate,False,False,False,1.22,0.0,1.51,TCB,v16
55,79,24,5.46,111.37,signal,2023-05-04,0.8421052631578942,0.01152959262106075,11.323751290399443,1.2799390103098085,4.0,3.0,-0.03702271345545066,0.08333333333333333,3,2023-03-28,TCB,0.5,moderate,False,True,False,4.5,-0.91,2.57,TCB,v16
91,120,29,6.04,109.3,signal,2023-06-30,0.9509803921568621,0.003469812630118023,-3.055095450818939,1.3416144939289323,3.0,1.0,-0.014673864941328423,0.1,1,2023-05-22,TCB,0.5,strong,False,False,False,2.05,0.0,3.71,TCB,v16
137,154,17,3.54,5.37,trailing_stop,2023-08-17,0.8861788617886175,0.008843967150979189,34.6490039300719,1.3584319509113636,3.0,3.0,-0.019359624842193626,0.35,3,2023-07-25,TCB,1.0,strong,False,True,False,3.74,0.0,4.15,TCB,v16
165,174,9,-2.54,102.32,signal,2023-09-18,0.8957055214723937,0.010284331518451189,13.13835710876598,0.7893476672935085,2.0,4.0,-0.024690371593735876,0.5666666666666667,2,2023-09-05,TCB,0.5,strong,False,False,False,3.96,-0.9,3.26,TCB,v16
208,221,13,-0.14,69.38,signal,2023-11-22,0.670411985018727,0.06010928961748627,19.411375661375658,1.6219629737110683,2.0,3.0,-0.008879332459108063,0.9833333333333333,5,2023-11-03,TCB,0.6,weak,False,False,True,4.87,-4.94,0.69,TCB,v16
91,100,9,0.77,45.23,signal,2023-06-08,0.3695652173913049,0.055769230769230745,3.9949270767279614,0.8464822373196058,0.0,2.0,0.015215985845510982,0.4666666666666667,4,2023-05-26,VIC,0.7,moderate,False,False,False,-0.95,-4.41,0.11,VIC,v16
232,244,12,1.59,,end,2023-12-29,0.6874999999999998,0.03416856492027335,39.2524781562138,1.0424390078480688,3.0,3.0,-0.0023003150650800636,0.016666666666666666,4,2023-12-13,VIC,0.7,weak,False,False,False,2.57,-2.66,2.76,VIC,v16
8,19,11,1.71,55.18,signal,2023-02-06,0.4859813084112147,0.1344743276283619,23.72448979591838,0.7475296671762365,2.0,3.0,0.008978017631656954,0.016666666666666666,4,2023-01-13,VND,0.7,moderate,False,False,False,4.16,0.0,2.51,VND,v16
49,67,18,5.92,55.61,signal,2023-04-13,0.4611650485436897,0.09390862944162431,15.303093068213201,1.214925777056332,2.0,2.0,-0.028150794510425816,0.016666666666666666,5,2023-03-20,VND,0.7,moderate,False,False,False,-1.01,-5.29,0.33,VND,v16
91,124,33,11.39,121.51,peak_protect_dist,2023-07-06,0.8587570621468926,0.018740629685157422,11.70382363930753,1.6106002914815887,2.0,2.0,0.16673128150024916,0.31666666666666665,3,2023-05-22,VND,0.5,strong,False,False,False,4.55,0.0,6.46,VND,v16
137,155,18,5.85,56.67,trailing_stop,2023-08-18,0.6177606177606176,0.06362467866323909,6.735167384819356,0.805679159615611,0.0,2.0,0.025381410768799503,0.35,4,2023-07-25,VND,0.7,strong,False,False,False,2.71,-3.59,2.1,VND,v16
156,176,20,10.27,79.23,peak_protect_dist,2023-09-22,0.5135135135135133,0.08551068883610459,-16.597658145614496,1.073335336928749,1.0,1.0,0.021270335857379773,0.21666666666666667,2,2023-08-21,VND,0.63,strong,True,False,False,-4.43,-4.91,0.77,VND,v16
214,235,21,6.34,108.7,signal,2023-12-15,0.8398058252427184,0.03909952606635072,12.555274060265148,1.0914541069449801,1.0,3.0,-0.06022518519398358,0.45,3,2023-11-15,VND,0.5,weak,False,False,False,4.84,0.0,7.76,VND,v16
3,15,12,-3.38,187.91,signal,2023-01-31,0.7256097560975597,0.02016731401254868,19.19471347861173,0.7086578588047509,3.0,4.0,0.05556073957233382,0.05,4,2023-01-06,VNM,0.35,weak,False,False,False,0.0,0.0,0.0,VNM,v16
115,174,59,15.89,114.54,signal,2023-09-22,0.9014925373134332,0.005692599620493329,20.975344452501822,1.3765205419924857,3.0,2.0,-0.05398838117092219,0.26666666666666666,3,2023-06-23,VNM,0.5,weak,False,True,False,4.54,0.0,3.86,VNM,v16
6,15,9,-2.33,185.99,signal,2024-01-23,0.6666666666666656,0.023255813953488497,4.545454545454547,1.488688363947961,3.0,1.0,-0.012127214967114754,0.03333333333333333,4,2024-01-10,AAS,0.35,weak,False,False,False,0.0,-1.15,-0.33,AAS,v16
39,50,11,-2.2,103.51,signal,2024-03-20,0.8333333333333326,0.021978021978022098,8.571428571428669,1.7665128494641582,2.0,2.0,0.0156915153985608,1.0,4,2024-03-05,AAS,0.5,strong,False,False,False,4.6,-1.09,6.87,AAS,v16
85,94,9,1.18,44.1,signal,2024-06-03,0.5454545454545453,0.058823529411764705,19.871794871794798,0.798732846225632,1.0,1.0,-0.01162812980896091,0.3,3,2024-05-15,AAS,0.7,weak,False,False,False,1.19,-5.56,1.98,AAS,v16
148,161,13,-2.7,68.13,signal,2024-09-06,0.5000000000000006,0.10810810810810796,17.676767676767703,0.6164065439137382,0.0,1.0,-0.022780910825786815,0.85,3,2024-08-16,AAS,0.6,weak,False,False,True,5.71,-5.13,2.42,AAS,v16
179,188,9,-6.58,41.61,signal,2024-10-15,0.7499999999999997,0.026315789473684237,13.333333333333307,1.227375960866527,2.0,2.0,-0.02036936158699188,0.38333333333333336,5,2024-10-02,AAS,0.7,moderate,False,False,False,2.7,-1.3,3.61,AAS,v16
205,214,9,1.59,69.93,signal,2024-12-18,0.6428571428571427,0.07936507936507936,21.15384615384611,1.3825727813035156,2.0,1.0,0.02187461566777273,0.9333333333333333,4,2024-12-05,AAS,0.6,weak,False,False,True,1.61,-13.7,-6.87,AAS,v16
133,142,9,-9.38,98.59,signal,2024-08-09,0.8333333333333338,0.03124999999999989,-4.8695652173912904,1.1206787869589347,1.0,2.0,0.5742058875214524,0.3,3,2024-07-29,AAV,0.5,moderate,False,False,False,4.92,0.0,9.4,AAV,v16
154,174,20,0.0,108.01,signal,2024-09-26,0.6153846153846156,0.078125,19.40789473684211,1.6024363313583847,1.0,2.0,0.5016254583558326,0.6833333333333333,5,2024-08-27,AAV,0.5,moderate,False,False,False,4.92,-4.48,6.4,AAV,v16
218,235,17,7.35,106.79,signal,2024-12-31,0.9090909090909086,0.014705882352941256,9.523809523809518,1.444991140697026,4.0,3.0,0.1292341174966805,0.45,3,2024-11-29,AAV,0.5,strong,False,False,False,3.03,0.0,6.75,AAV,v16
8,43,35,5.69,114.78,signal,2024-03-11,0.7469879518072293,0.035472972972972916,-17.42295998027771,1.4241676849497462,2.0,3.0,0.0005717965015954452,0.9166666666666666,4,2024-01-15,ACB,0.48999999999999994,moderate,False,False,False,-0.17,-1.93,0.45,ACB,v16
52,63,11,-3.59,44.15,signal,2024-04-08,0.6606060606060611,0.028340080971659853,6.114866999431342,1.2247132092306445,3.0,4.0,-0.017651683200630246,0.26666666666666666,5,2024-03-22,ACB,0.7,strong,False,False,False,2.97,0.0,2.4,ACB,v16
87,100,13,3.23,4.94,trailing_stop,2024-06-04,0.927007299270072,0.005042864346949139,20.115369748148964,1.2210408068711043,3.0,3.0,0.0011034436462751401,0.4,3,2024-05-16,ACB,1.0,strong,False,False,False,2.37,0.0,3.59,ACB,v16
101,114,13,-0.98,106.12,signal,2024-06-24,0.5595854922279785,0.04178957718780735,-15.087165087165125,1.0521702263433164,0.0,1.0,0.0036614658560444532,0.9,2,2024-06-05,ACB,0.48999999999999994,strong,True,False,False,-0.93,-2.26,1.36,ACB,v16
175,194,19,-3.47,44.28,signal,2024-10-24,0.7812500000000008,0.019408502772643166,6.176863325053532,1.6665895393572008,2.0,2.0,-0.01587374937775051,1.0,3,2024-09-27,ACB,0.7,strong,False,False,False,4.44,-0.37,4.47,ACB,v16
2,23,21,7.43,56.93,signal,2024-02-02,0.7310513447432762,0.030829596412556094,-2.126265634306165,1.2565864441303418,2.0,3.0,-0.05888866492990594,0.31666666666666665,4,2024-01-04,BID,0.7,weak,False,False,False,0.0,0.0,0.0,BID,v16
31,58,27,4.72,195.21,signal,2024-03-29,0.848993288590603,0.011067388096409319,2.1314783827785533,1.063042560832053,2.0,1.0,-0.022538807043688925,0.016666666666666666,1,2024-02-21,BID,0.35,strong,False,False,False,1.62,-0.2,2.14,BID,v16
91,100,9,-5.41,185.58,signal,2024-06-03,0.7452830188679238,0.019818938096403286,8.301782820097223,1.2857645326732698,4.0,3.0,-0.0013377339145230769,0.016666666666666666,4,2024-05-21,BID,0.35,moderate,False,False,False,3.97,-0.97,1.25,BID,v16
160,169,9,-3.39,98.96,signal,2024-09-10,0.8252427184466021,0.021935169388252462,17.46973365617435,1.4903598283732817,2.0,3.0,-0.04159342178776876,0.8333333333333334,4,2024-08-26,BID,0.5,strong,False,False,False,4.8,-0.8,5.22,BID,v16
180,189,9,-2.2,0.2,signal,2024-10-08,0.8070866141732275,0.011989234157083485,17.77147339675713,1.232589313013368,3.0,2.0,-0.019130708617254036,0.016666666666666666,3,2024-09-25,BID,1.0,strong,False,True,False,1.95,0.0,2.21,BID,v16
247,249,2,-4.08,,end,2024-12-31,0.7398373983739835,0.016528925619834725,9.625358140209606,1.4715713634797065,4.0,3.0,0.009491360167851525,0.23333333333333334,4,2024-12-27,BID,0.35,moderate,False,False,False,2.0,0.0,1.82,BID,v16
36,62,26,4.37,118.38,signal,2024-04-09,0.8712951684937068,0.030317521040550896,-8.416230730702864,1.0666764912185183,0.0,2.0,-0.07422491929188997,1.0,2,2024-03-04,DGC,0.48999999999999994,strong,False,False,False,4.77,-1.66,12.94,DGC,v16
80,99,19,-1.44,102.41,signal,2024-06-05,0.7414024117909784,0.04974226804123704,18.59124752587003,1.3504440930766055,2.0,3.0,-0.026806571326808373,0.55,5,2024-05-09,DGC,0.5,moderate,False,False,False,3.83,0.0,6.78,DGC,v16
109,118,9,-3.82,45.73,signal,2024-07-02,0.6746104491292385,0.029689721502049106,24.702040705719405,1.2809198685967809,1.0,2.0,-0.0020140180435292213,0.3,5,2024-06-19,DGC,0.7,strong,False,False,False,4.06,-1.39,2.89,DGC,v16
163,176,13,1.58,44.51,signal,2024-09-24,0.7566980448950037,0.03168316831683168,7.572763381286762,1.2481651026258394,3.0,4.0,0.029327822883650143,0.5,4,2024-09-05,DGC,0.7,moderate,False,False,False,3.74,-1.3,3.13,DGC,v16
241,246,5,-1.6,,end,2024-12-31,1.0,0.0,6.493847522732722,1.1558801567901793,2.0,3.0,0.007825451240607389,0.85,3,2024-12-24,DGC,1.0,strong,False,False,False,2.15,0.0,4.36,DGC,v16
27,62,35,9.62,112.59,signal,2024-04-04,0.8681055155875305,0.014452765733806258,0.34843205574928504,1.250813915300511,4.0,3.0,-0.04063022382592493,1.0,3,2024-02-15,FPT,0.5,strong,False,False,False,4.1,-0.86,6.28,FPT,v16
84,116,32,14.92,205.46,peak_protect_dist,2024-06-25,0.9245283018867928,0.013768645040158477,8.759352952928893,0.873079718784757,3.0,3.0,-0.10640689242987181,1.0,2,2024-05-10,FPT,0.35,strong,False,False,False,4.05,-0.23,9.34,FPT,v16
127,136,9,-6.35,42.93,signal,2024-07-23,0.5648648648648648,0.04253258189503345,-0.6708913073426146,0.9469618332954746,1.0,2.0,-0.01646318883712936,0.35,3,2024-07-10,FPT,0.7,strong,False,False,False,2.3,-4.01,1.17,FPT,v16
176,200,24,-0.73,104.97,signal,2024-10-23,0.9028571428571419,0.004451427075150608,8.923838495970465,0.9836082539928528,4.0,3.0,0.018031002167448407,0.06666666666666667,2,2024-09-19,FPT,0.5,strong,False,False,False,2.19,0.0,1.92,FPT,v16
213,222,9,-3.18,99.8,signal,2024-11-22,0.8327868852459022,0.008703071672354915,38.78001902949573,1.0810853182027342,3.0,4.0,0.0007216226773678024,0.13333333333333333,2,2024-11-11,FPT,0.5,strong,False,True,False,4.14,0.0,2.28,FPT,v16
231,247,16,3.74,,end,2024-12-31,0.8121348314606739,0.03332270408163271,18.764437701287505,0.9199874313548926,1.0,3.0,-0.034341844039558964,1.0,3,2024-12-09,FPT,0.5,strong,False,False,False,3.38,-1.67,6.81,FPT,v16
26,50,24,5.86,10.64,signal,2024-03-19,0.6942148760330572,0.017346460384435117,8.46824408468234,0.7063155954207816,3.0,3.0,0.04078635044225801,0.15,3,2024-02-07,HPG,1.0,strong,False,False,False,1.47,-0.7,0.94,HPG,v16
89,115,26,-0.08,103.27,signal,2024-06-24,0.9431137724550905,0.00793650793650784,10.337628087140459,1.1751436860844566,1.0,2.0,0.018836937853577804,1.0,3,2024-05-17,HPG,0.5,strong,False,False,False,3.77,0.0,7.42,HPG,v16
185,201,16,0.55,47.47,signal,2024-10-24,0.6914893617021284,0.02645985401459846,1.5480895915679156,1.3408097751089405,1.0,2.0,0.12704215152123535,0.7,5,2024-10-02,HPG,0.7,moderate,False,False,False,0.41,-1.66,2.75,HPG,v16
214,223,9,-4.36,41.26,signal,2024-11-25,0.7739726027397273,0.014397905759162229,30.052017654476806,1.4985767582021667,3.0,3.0,-0.0015663597771501427,0.36666666666666664,3,2024-11-12,HPG,0.7,strong,False,False,False,3.8,-0.69,2.4,HPG,v16
17,41,24,6.19,71.73,signal,2024-03-12,0.7649769585253458,0.03671706263498918,-9.653128254425994,0.7208798793516984,0.0,2.0,0.0017173289286645209,0.7,2,2024-01-31,MBB,0.63,strong,False,False,False,-0.71,-1.84,2.33,MBB,v16
55,67,12,-7.23,42.54,signal,2024-04-17,0.7571428571428572,0.032075471698113193,15.0670245093863,0.6149984083785592,1.0,2.0,-0.025824950813118863,0.48333333333333334,3,2024-04-01,MBB,0.7,strong,False,False,False,0.82,-2.33,2.51,MBB,v16
123,138,15,4.73,9.01,trailing_stop,2024-07-31,0.6198347107438021,0.03024326101249172,14.023203592814404,0.7806998172593361,1.0,2.0,-0.020094703125937582,0.2,4,2024-07-10,MBB,1.0,strong,False,False,False,1.74,-1.04,1.72,MBB,v16
152,163,11,-1.01,2.46,signal,2024-09-06,0.6934306569343065,0.026531901452937455,2.153787662769716,0.7628032963127565,1.0,3.0,-0.02994395024995582,0.4666666666666667,4,2024-08-20,MBB,1.0,strong,False,False,False,2.79,-1.0,2.14,MBB,v16
173,182,9,1.86,0.25,signal,2024-10-07,0.7297297297297289,0.0185758513931889,8.725894456245598,1.0728591618540928,3.0,3.0,-0.01286976237245245,0.05,3,2024-09-20,MBB,1.0,strong,False,True,False,3.53,-0.43,1.88,MBB,v16
223,237,14,0.45,45.42,signal,2024-12-23,0.4435483870967747,0.0441458733205374,9.113874216725165,0.6546039737547968,0.0,2.0,-0.031057943089610157,0.4,4,2024-12-03,MBB,0.7,weak,False,False,False,-0.64,-3.64,-0.33,MBB,v16
242,243,1,1.17,,end,2024-12-31,0.6734693877551025,0.01976528721432985,8.695255474452644,1.7223065263345916,3.0,3.0,-0.009675548404850097,0.3,4,2024-12-30,MBB,0.35,moderate,False,False,False,3.12,-0.98,2.15,MBB,v16
30,62,32,6.97,52.22,signal,2024-04-04,0.7925072046109497,0.016949152542373024,13.437800472960575,1.4896451721787547,3.0,4.0,-0.02644769168551724,0.8666666666666667,3,2024-02-20,REE,0.7,strong,False,False,False,4.63,-0.68,3.84,REE,v16
83,144,61,22.48,127.51,signal,2024-08-02,0.8470097357440898,0.022703818369452927,7.5090979481223314,1.7362907112922406,1.0,2.0,-0.07119730725007811,0.9833333333333333,4,2024-05-09,REE,0.5,strong,False,False,False,2.8,-0.59,6.38,REE,v16
232,249,17,0.16,,end,2024-12-31,0.8815331010452961,0.011881880132797479,8.320628236774546,1.0641458178935772,1.0,2.0,-0.025367525265478665,0.9,2,2024-12-06,REE,0.35,strong,False,False,False,0.88,-0.88,2.8,REE,v16
21,61,40,6.96,13.46,signal,2024-04-05,0.6886227544910178,0.021793797150041892,2.20237234196442,0.8301184166392466,1.0,2.0,0.02878500437073015,0.016666666666666666,4,2024-01-31,SSI,1.0,strong,False,False,False,1.19,0.0,1.6,SSI,v16
152,164,12,1.19,47.02,signal,2024-09-05,0.5687830687830687,0.07186948853615516,18.321705229379802,0.978022926507513,1.0,3.0,-0.03884528874590859,0.8166666666666667,4,2024-08-16,SSI,0.7,weak,False,True,False,4.47,-5.62,3.21,SSI,v16
184,193,9,-2.19,60.1,signal,2024-10-22,0.6847457627118644,0.03835051546391752,-17.813226985709605,0.7980053428077667,0.0,1.0,-0.011585881009986688,0.6,2,2024-10-09,SSI,0.63,strong,False,False,False,-1.1,-1.82,3.46,SSI,v16
16,35,19,16.48,115.73,peak_protect_dist,2024-03-08,0.8061224489795906,0.022850270595309835,-19.296122379822755,0.6603734594213687,0.0,2.0,-0.024229818552199772,0.3333333333333333,2,2024-01-30,TCB,0.5,strong,False,False,False,-0.72,-0.72,2.32,TCB,v16
52,62,10,-4.53,99.71,signal,2024-04-16,0.8863636363636365,0.02221235006663705,10.569899340084554,1.132554928514231,0.0,2.0,-0.12859314516982745,0.8666666666666667,4,2024-04-02,TCB,0.5,strong,False,False,False,3.68,-0.71,9.25,TCB,v16
71,85,14,-0.53,103.68,signal,2024-05-23,0.8910505836575872,0.012296881862099304,14.506965162623253,0.7499803965017378,3.0,2.0,-0.03716854199753508,0.16666666666666666,2,2024-05-03,TCB,0.5,strong,False,False,False,4.35,0.0,4.72,TCB,v16
95,106,11,2.1,3.34,trailing_stop,2024-06-21,0.6903225806451612,0.020530367835757075,-0.7384909500169954,1.0285057466191883,2.0,2.0,-0.0004950063082660508,0.1,3,2024-06-06,TCB,1.0,strong,False,False,False,2.54,-0.81,1.87,TCB,v16
153,162,9,-1.99,44.46,signal,2024-09-13,0.6940298507462686,0.037154508382419585,26.153241887727447,1.046681444262401,2.0,4.0,0.05299211965416961,0.8166666666666667,4,2024-08-27,TCB,0.7,moderate,False,False,False,3.66,-3.58,3.02,TCB,v16
170,179,9,3.54,3.54,trailing_stop,2024-10-09,0.9282051282051297,0.0060370849504095304,11.153308480894673,1.2466581362341043,4.0,3.0,0.023020456554070576,0.36666666666666664,3,2024-09-25,TCB,1.0,strong,False,True,False,3.48,0.0,4.39,TCB,v16
186,195,9,-2.27,57.81,signal,2024-10-31,0.6054054054054054,0.030646515533165424,-12.854746260310314,0.6475660807104222,1.0,1.0,-0.008654100585011537,0.016666666666666666,2,2024-10-18,TCB,0.63,strong,False,False,False,0.0,-0.79,1.12,TCB,v16
28,43,15,0.91,107.07,signal,2024-03-11,0.9230769230769234,0.004094631483166508,36.52719376852552,1.2547770755169454,5.0,4.0,0.0015136351741085532,0.16666666666666666,3,2024-02-16,VIC,0.5,moderate,False,True,False,4.42,0.0,2.6,VIC,v16
50,69,19,-8.39,46.64,signal,2024-04-19,0.6403940886699507,0.03139784946236561,26.069435447705416,1.3624806494072976,1.0,2.0,0.013794084192796638,0.6166666666666667,5,2024-03-20,VIC,0.7,strong,False,False,False,3.33,-2.31,2.41,VIC,v16
85,94,9,-5.05,100.36,signal,2024-05-29,0.7999999999999994,0.03079555175363569,50.71833519273239,0.9888678358679451,0.0,2.0,0.03915998070581139,0.5666666666666667,3,2024-05-16,VIC,0.5,moderate,False,False,False,3.0,-0.51,5.0,VIC,v16
194,203,9,-0.57,42.36,signal,2024-11-06,0.38918918918918904,0.053758325404376736,20.064412238325254,1.1303209490252335,2.0,3.0,0.03623105566883653,0.21666666666666667,5,2024-10-24,VIC,0.7,weak,False,False,False,1.2,-2.69,0.57,VIC,v16
2,11,9,-1.53,42.92,signal,2024-01-17,0.625,0.029411764705882307,16.666666666666657,1.0829732206170855,1.0,2.0,-0.015576239122665788,0.016666666666666666,4,2024-01-04,VND,0.7,weak,False,False,False,0.0,0.0,0.0,VND,v16
29,56,27,1.53,48.87,signal,2024-03-27,0.7398843930635822,0.02380952380952396,9.638221485777215,1.6543658935353542,2.0,3.0,-0.03350877510142652,0.5666666666666667,5,2024-02-19,VND,0.7,strong,False,False,False,3.39,-1.1,3.72,VND,v16
91,100,9,-3.62,42.24,signal,2024-06-03,0.7754491017964071,0.04246885617214043,-5.79881209094696,1.226781428151454,2.0,3.0,-0.02921341006332881,0.6166666666666667,3,2024-05-21,VND,0.7,weak,False,False,False,3.58,-2.05,3.38,VND,v16
177,185,8,0.69,3.03,trailing_stop,2024-10-02,0.654135338345864,0.03163686382393403,26.730619652579655,1.1413656388661846,2.0,3.0,-0.018689992890530045,0.08333333333333333,5,2024-09-20,VND,1.0,weak,False,True,False,4.91,-1.22,1.85,VND,v16
186,197,11,0.35,45.58,signal,2024-10-18,0.43870967741935446,0.060627177700348506,0.8675134828271354,1.5812963319681814,1.0,2.0,0.05082500911561044,0.43333333333333335,5,2024-10-03,VND,0.7,strong,True,False,False,-1.64,-4.21,0.26,VND,v16
25,45,20,3.56,193.88,signal,2024-03-12,0.44827586206896564,0.016262917160765725,11.71881692140137,1.2716794922784713,4.0,3.0,0.008083819986047656,0.016666666666666666,4,2024-02-06,VNM,0.35,moderate,False,False,False,1.04,-1.02,0.29,VNM,v16
88,97,9,-1.94,186.01,signal,2024-05-30,0.7283950617283954,0.02227096338788595,1.2462889658585112,0.9286279720569255,1.0,3.0,0.06625757963303115,0.6,4,2024-05-17,VNM,0.35,moderate,False,False,False,0.77,-1.32,2.31,VNM,v16
101,108,7,-3.35,0.0,stop_loss,2024-06-14,0.8202898550724647,0.010232711668592133,9.219534459151099,1.3460652285080312,4.0,3.0,0.08347186360378692,0.11666666666666667,3,2024-06-05,VNM,1.0,strong,False,True,False,3.31,0.0,3.09,VNM,v16
142,172,30,5.62,52.37,signal,2024-09-18,0.6229508196721313,0.03746538524189603,16.01915923283672,2.1805246703070993,1.0,2.0,0.34574815294687183,1.0,5,2024-08-05,VNM,0.7,strong,False,False,False,3.28,-3.08,3.42,VNM,v16
24,38,14,2.33,48.79,signal,2025-03-05,0.6363636363636359,0.046511627906976785,-3.3816425120773133,1.4555592728894837,1.0,2.0,-0.024292688530799363,0.3333333333333333,4,2025-02-13,AAS,0.7,moderate,False,False,False,1.18,-2.27,2.32,AAS,v16
97,106,9,-5.32,96.96,signal,2025-06-17,0.9500000000000002,0.010638297872340387,-8.912037037037024,0.7239141288067898,1.0,2.0,-0.020005548270151753,0.5333333333333333,1,2025-06-04,AAS,0.5,strong,False,False,False,4.44,0.0,9.56,AAS,v16
122,158,36,97.83,212.27,peak_protect_dist,2025-09-03,0.8749999999999983,0.01086956521739146,5.4901960784313815,2.6169795725587437,3.0,1.0,-0.016537747142969447,0.1,2,2025-07-09,AAS,0.5,strong,False,False,False,2.22,0.0,3.49,AAS,v16
29,38,9,-4.17,41.53,signal,2025-03-04,0.7142857142857141,0.0277777777777778,23.63636363636364,1.5859666102105008,4.0,3.0,0.1181204798678081,0.08333333333333333,5,2025-02-19,AAV,0.7,moderate,False,False,False,2.86,-1.37,2.71,AAV,v16
67,94,27,31.67,116.59,peak_protect_dist,2025-05-27,0.31578947368421045,0.21666666666666665,8.771929824561411,2.118794881927317,2.0,0.0,0.24544221576074407,1.0,4,2025-04-15,AAV,0.6,weak,False,False,True,1.69,-15.49,-6.9,AAV,v16
127,136,9,-2.94,5.88,signal,2025-07-24,0.6250000000000001,0.044117647058823505,17.619047619047656,1.132401713192509,1.0,2.0,0.08918535520513504,0.016666666666666666,5,2025-07-11,AAV,1.0,weak,False,True,False,4.62,-4.23,2.41,AAV,v16
183,192,9,0.0,3.39,signal,2025-10-14,0.6666666666666676,0.03389830508474564,23.636363636363605,1.1131806789701526,1.0,0.0,0.009802059063408614,0.06666666666666667,4,2025-10-01,AAV,1.0,weak,False,True,False,3.51,-1.67,2.61,AAV,v16
219,232,13,-4.35,104.58,signal,2025-12-10,0.8571428571428577,0.028985507246376708,3.5294117647059124,1.0658397932816537,1.0,3.0,0.0885807914120667,0.7833333333333333,3,2025-11-21,AAV,0.5,strong,False,False,False,4.55,-1.43,8.07,AAV,v16
17,45,28,4.01,6.2,signal,2025-03-13,0.4587155963302753,0.028135431568907958,10.561403508771853,0.9576016483313929,0.0,2.0,-0.009189264545598451,0.5,4,2025-02-03,ACB,1.0,moderate,False,False,False,0.38,-1.96,0.43,ACB,v16
107,137,30,15.94,122.37,signal,2025-09-10,0.8974358974358961,0.008733624454148596,4.761904761904788,1.1200531000853833,2.0,2.0,0.04037060543938534,0.8333333333333334,3,2025-07-22,ACB,0.5,strong,False,False,False,2.0,0.0,5.42,ACB,v16
21,39,18,0.37,1.87,zombie_exit,2025-03-05,0.8832684824902707,0.007490636704119957,3.8111852750808026,1.3144483631949433,4.0,4.0,0.010831874210218147,0.23333333333333334,3,2025-02-07,BID,1.0,strong,False,False,False,1.24,0.0,2.13,BID,v16
64,74,10,1.38,71.37,signal,2025-05-27,0.7156626506024084,0.0333239197966678,20.88980336109607,1.196663980546134,2.0,3.0,0.010883776717523268,0.55,5,2025-05-13,BID,0.6,weak,False,False,True,-7.47,-11.39,-6.61,BID,v16
104,118,14,-0.27,4.13,trailing_stop,2025-07-29,1.0,0.0,1.2598260140445632,1.4296774496513251,4.0,3.0,0.024403130581263144,0.36666666666666664,3,2025-07-08,BID,1.0,strong,False,False,False,2.46,0.0,3.96,BID,v16
119,126,7,4.19,6.18,trailing_stop,2025-08-08,0.5346260387811634,0.04458598726114649,-27.296042855308443,1.2537816506255834,1.0,2.0,0.04409288796153442,0.5166666666666667,4,2025-07-30,BID,1.0,strong,True,False,False,-1.54,-3.31,0.24,BID,v16
129,146,17,-1.71,105.46,signal,2025-09-09,0.8770833333333328,0.014425427872860719,4.8010217113665306,1.2710427364793146,3.0,2.0,-0.0108372578060809,1.0,3,2025-08-13,BID,0.5,strong,False,False,False,4.68,-0.34,6.11,BID,v16
219,227,8,3.18,,end,2025-12-31,0.552631578947371,0.022546419098143082,13.806725118026797,1.1427592923574172,1.0,2.0,-0.0011306691823176197,0.1,5,2025-12-19,BID,0.35,weak,False,False,False,1.89,-1.82,0.51,BID,v16
37,46,9,-5.56,99.01,signal,2025-03-14,0.751964085297418,0.02035928143712582,31.587944699150462,1.3181251406846892,2.0,4.0,0.01938059540585066,0.38333333333333336,4,2025-03-03,DGC,0.5,moderate,False,False,False,3.47,0.0,3.31,DGC,v16
99,120,21,2.98,190.76,signal,2025-07-30,0.8884057971014498,0.015930485155684203,6.387697281732457,1.0500206347147023,1.0,2.0,-0.011286969070274665,0.6166666666666667,2,2025-07-01,DGC,0.35,strong,False,False,False,4.55,-0.79,5.94,DGC,v16
197,206,9,0.21,43.55,signal,2025-12-02,0.5076305220883528,0.0662344678552135,-1.3465446237833376,1.9277923090326212,1.0,1.0,-0.06163134210153813,0.6833333333333333,3,2025-11-19,DGC,0.7,moderate,False,False,False,3.32,-3.4,1.96,DGC,v16
64,73,9,-0.41,65.74,signal,2025-05-27,0.95039539899353,0.006766696087084414,41.292469453151654,1.0288661132082257,3.0,4.0,0.04638460721419785,0.5,2,2025-05-13,FPT,0.6,weak,False,False,True,-2.06,-12.46,-2.61,FPT,v16
101,121,20,0.45,105.36,signal,2025-08-01,0.9045848822800502,0.007303424072844503,6.904790744205052,1.2463720612941735,4.0,3.0,0.010271531656883257,0.2833333333333333,3,2025-07-04,FPT,0.5,moderate,False,True,False,4.44,0.0,4.43,FPT,v16
153,162,9,-9.32,42.92,signal,2025-10-01,0.5338567222767417,0.04659603688444183,-14.012062420250913,1.2470146422772193,3.0,3.0,0.10825370940198482,0.25,4,2025-09-18,FPT,0.7,weak,False,False,False,0.98,-2.37,0.85,FPT,v16
33,49,16,-0.92,46.36,signal,2025-03-19,0.7261410788381752,0.028795811518324457,2.9616988183448427,1.3389106598306615,1.0,2.0,0.03599081206593038,0.7,5,2025-02-25,HPG,0.7,strong,False,False,False,3.62,-0.69,3.87,HPG,v16
84,117,33,16.12,200.81,peak_protect_dist,2025-07-29,0.6399999999999982,0.024736601007787573,14.747695672550932,1.113345913980671,2.0,3.0,0.051208562059558815,0.23333333333333334,5,2025-06-10,HPG,0.35,moderate,False,False,False,0.74,-0.41,1.5,HPG,v16
128,157,29,2.49,108.35,signal,2025-09-25,0.7701149425287357,0.03558718861209964,4.656862745098053,1.2767283643549663,2.0,3.0,0.14155679565447804,0.7833333333333333,4,2025-08-13,HPG,0.5,strong,False,False,False,3.69,-1.4,5.99,HPG,v16
196,203,7,-3.8,0.0,stop_loss,2025-11-28,0.6875000000000002,0.02717391304347826,2.2384751773049985,1.0436127735965912,2.0,3.0,0.06117478852501418,0.13333333333333333,4,2025-11-19,HPG,1.0,moderate,False,False,False,2.22,0.0,3.38,HPG,v16
20,47,27,5.78,8.43,trailing_stop,2025-03-18,0.8200000000000003,0.015919811320754693,14.037433155080294,1.129342352018284,2.0,3.0,-0.03290761794867257,0.8666666666666667,3,2025-02-06,MBB,1.0,strong,False,False,False,1.8,0.0,3.8,MBB,v16
48,61,13,-12.35,107.37,signal,2025-04-08,0.47590361445783075,0.04860335195530732,-18.552036199095177,1.0457826978395037,0.0,0.0,-0.01289040186702695,0.8833333333333333,2,2025-03-19,MBB,0.48999999999999994,strong,True,False,False,-3.03,-3.03,0.88,MBB,v16
63,81,18,-1.41,69.01,signal,2025-06-06,1.0,0.0,17.668063226052276,0.8835030822183289,3.0,2.0,-0.005513638067029092,0.18333333333333332,2,2025-05-13,MBB,0.6,moderate,False,False,True,0.6,-0.38,3.43,MBB,v16
87,94,7,2.02,3.18,trailing_stop,2025-06-25,0.7094017094017091,0.01804670912951167,21.190044617958776,1.10323039515255,4.0,4.0,0.009192195956778282,0.11666666666666667,4,2025-06-16,MBB,1.0,strong,False,False,False,3.52,0.0,2.05,MBB,v16
95,118,23,3.65,11.01,trailing_stop,2025-07-29,0.7803468208092492,0.019547325102880608,15.748730964466972,1.3447048118376148,2.0,2.0,0.015056283573866097,0.5,3,2025-06-26,MBB,1.0,strong,True,False,False,3.18,0.0,3.94,MBB,v16
119,154,35,31.75,29.67,peak_protect_dist,2025-10-17,0.5200000000000008,0.052503646086533705,-18.663723635344404,1.4408292928357886,1.0,1.0,0.023401502853436472,0.9333333333333333,3,2025-07-30,MBB,1.0,strong,True,False,False,0.0,-4.68,1.51,MBB,v16
201,207,6,0.8,,end,2025-12-31,0.7142857142857146,0.03585657370517922,-4.150197628458486,0.6664046926337182,2.0,3.0,-0.01178760605136781,0.5666666666666667,3,2025-12-23,MBB,0.7,strong,False,False,False,2.66,-2.33,2.77,MBB,v16
22,47,25,7.45,56.61,signal,2025-03-17,0.8397435897435896,0.008866820358219542,5.372858407540527,1.1741894487418858,3.0,3.0,-4.251071206877108e-05,0.23333333333333334,3,2025-02-10,REE,0.7,strong,False,False,False,2.3,-0.14,1.85,REE,v16
84,101,17,0.57,104.16,signal,2025-07-03,0.7480136208853575,0.03390866045517029,9.273473951278227,1.3835186438670979,1.0,2.0,-0.05073281612345543,0.6,5,2025-06-10,REE,0.5,strong,False,False,False,4.94,-1.92,5.04,REE,v16
117,126,9,-4.01,42.63,signal,2025-08-07,0.7164750957854426,0.021577489429945907,24.046274897833385,1.0638579452562476,0.0,2.0,0.020463287202979366,0.3,4,2025-07-25,REE,0.7,strong,False,False,False,1.75,0.0,2.53,REE,v16
28,53,25,5.37,106.84,signal,2025-03-26,0.7906976744186048,0.012085944494180823,3.925517365755354,1.009929709478229,2.0,2.0,0.013661177580435536,0.05,2,2025-02-18,SSI,0.5,strong,False,False,False,1.82,-0.58,1.36,SSI,v16
74,83,9,-1.47,46.3,signal,2025-06-10,0.5753424657534242,0.029453681710213824,7.684893784421746,1.1106437982249988,1.0,2.0,-0.00037704712166798833,0.13333333333333333,5,2025-05-28,SSI,0.7,weak,False,False,False,1.49,-10.43,-0.99,SSI,v16
98,148,50,65.01,95.38,signal,2025-09-19,0.6666666666666661,0.02854511970534075,12.316715542521962,0.9759707954404956,0.0,2.0,0.04628811377546477,0.6,4,2025-07-01,SSI,0.7,moderate,False,False,False,0.6,-1.0,2.13,SSI,v16
165,174,9,-15.13,44.02,signal,2025-10-27,0.6234234234234239,0.05595716198125827,3.566165080449757,1.2570985627888067,2.0,2.0,-0.03036343520987908,0.18333333333333332,5,2025-10-14,SSI,0.7,strong,False,False,False,0.51,-0.85,4.09,SSI,v16
13,62,49,-1.06,58.39,signal,2025-04-08,0.602339181286548,0.0288379983036473,-0.975819367944105,0.8561577163541634,0.0,2.0,0.0014554454481048203,0.5833333333333334,3,2025-01-21,TCB,0.7,moderate,False,False,False,2.57,-0.8,1.32,TCB,v16
69,113,44,12.46,114.4,peak_protect_dist,2025-07-29,0.7996715927750412,0.04153898535921004,-4.184706183888778,1.2361769128303994,1.0,2.0,-0.04488982944509887,0.9666666666666667,3,2025-05-23,TCB,0.5,strong,False,False,False,2.37,-2.59,8.06,TCB,v16
123,143,20,2.64,110.22,signal,2025-09-11,0.7558139534883713,0.03430438333787109,5.970532844039816,0.9379634027681883,0.0,2.0,-0.027243110989271152,0.6333333333333333,3,2025-08-12,TCB,0.5,strong,False,False,False,1.89,-1.82,5.16,TCB,v16
158,172,14,-2.19,49.23,signal,2025-10-22,0.7189189189189193,0.026769626769626746,15.658641353343647,0.6834887161658832,3.0,3.0,-0.00576395263861984,0.18333333333333332,4,2025-10-02,TCB,0.7,strong,False,False,False,2.51,0.0,2.92,TCB,v16
203,212,9,-4.9,184.55,signal,2025-12-18,0.6862745098039224,0.02305475504322758,-7.74199677020993,1.193421592769633,1.0,2.0,-0.006760359575004555,0.26666666666666666,4,2025-12-05,TCB,0.35,weak,False,False,False,2.81,-1.98,1.28,TCB,v16
30,80,50,108.74,137.46,signal,2025-06-13,0.7971014492753619,0.006835937500000028,13.561614194525525,1.1462511697935043,1.0,2.0,0.007233824888897615,0.4666666666666667,3,2025-02-20,VIC,0.5,moderate,False,True,False,1.79,0.0,1.66,VIC,v16
95,110,15,24.16,74.54,peak_protect_ema,2025-07-25,0.6280487804878053,0.06637649619151245,4.093340234644572,0.5942275463662127,1.0,1.0,0.21859662978061628,0.016666666666666666,3,2025-07-04,VIC,0.7,strong,False,False,False,-3.77,-4.07,0.51,VIC,v16
126,174,48,61.59,111.48,peak_protect_dist,2025-10-31,0.6454545454545456,0.06598984771573602,9.985029940119759,0.9486728494848715,1.0,2.0,0.43579764148635597,0.05,4,2025-08-18,VIC,0.7,strong,False,False,False,2.34,-0.25,3.18,VIC,v16
211,211,0,0.0,,end,2025-12-31,0.8464912280701754,0.04127358490566038,-5.860759493670898,1.2647304780680602,2.0,2.0,-0.09667416015902612,0.31666666666666665,3,2025-12-31,VIC,0.5,strong,False,False,False,-0.12,-0.18,11.16,VIC,v16
27,60,33,12.99,120.72,peak_protect_ema,2025-04-03,0.9040404040404034,0.014960629921259945,0.9209744503862112,1.0875628437880909,2.0,3.0,-0.0007670254540487753,0.8666666666666667,2,2025-02-17,VND,0.5,strong,False,False,False,4.01,0.0,6.82,VND,v16
65,76,11,2.97,5.87,trailing_stop,2025-05-29,0.5271739130434786,0.058664868509777424,12.227961724108717,0.7104518888074352,1.0,2.0,0.03080805812325743,0.016666666666666666,4,2025-05-14,VND,1.0,strong,False,False,False,3.34,-3.76,1.73,VND,v16
77,139,62,51.12,101.86,signal,2025-08-26,0.6080402010050255,0.05124835742444148,-2.0596764838563857,1.4562347486016216,2.0,2.0,0.02063772240476567,0.23333333333333334,4,2025-05-30,VND,0.7,strong,True,False,False,1.0,-3.06,3.26,VND,v16
166,176,10,-6.6,68.25,signal,2025-10-20,0.5,0.07234042553191486,16.10896017699112,0.8394341424089866,1.0,2.0,-0.05343662956706254,0.08333333333333333,4,2025-10-06,VND,0.6,weak,False,False,True,6.09,-4.47,1.69,VND,v16
224,228,4,-2.75,,end,2025-12-31,0.8225806451612901,0.027500000000000035,0.5940594059405697,1.4217648801217702,3.0,3.0,-0.03381586525726102,0.7333333333333333,4,2025-12-25,VND,0.48999999999999994,moderate,False,False,False,3.36,-1.96,5.37,VND,v16
80,91,11,-1.4,99.12,signal,2025-06-19,0.7269841269841271,0.015823367065317378,3.0350618781499534,1.1023945073875747,2.0,2.0,-0.03599911737555544,0.25,4,2025-06-04,VNM,0.5,moderate,False,True,False,3.07,0.0,2.9,VNM,v16
98,123,25,4.13,52.67,signal,2025-08-04,0.8246073298429315,0.012093862815884508,17.64921703415692,1.2419662775236173,2.0,2.0,0.08740422990942084,0.48333333333333334,3,2025-06-30,VNM,0.7,strong,False,False,False,3.75,0.0,3.23,VNM,v16
154,176,22,-9.47,43.74,signal,2025-10-20,0.6625850340136056,0.04082304526748966,6.841929315220064,1.543261492716893,2.0,3.0,0.08824982050865464,0.95,5,2025-09-18,VNM,0.7,strong,False,False,False,3.92,-2.3,3.85,VNM,v16
197,216,19,2.14,111.33,signal,2025-12-15,0.6578947368421058,0.042833607907742904,-1.0388437217705189,1.7284634426560594,2.0,3.0,0.12605649219047613,1.0,4,2025-11-18,VNM,0.48999999999999994,moderate,False,False,False,3.06,-3.34,3.86,VNM,v16
