entry_day,exit_day,holding_days,pnl_pct,exit_reason,exit_date,entry_wp,entry_dp,entry_rs,entry_vs,entry_bs,entry_hl,entry_od,entry_bb,entry_score,entry_date,entry_symbol,position_size,entry_trend,quick_reentry,breakout_entry,vshape_entry,entry_ret_5d,entry_drop20d,entry_dist_sma20,symbol,max_profit_pct
31,36,5,21.46,end,2020-12-31,0.6808510638297871,0.11363636363636369,25.637755102040835,1.3774123869823383,3.0,3.0,0.34930900922273267,0.9666666666666667,5,2020-12-24,AAS,0.5,strong,False,False,False,24.92,-7.91,14.6,AAS,
53,62,9,2.23,signal,2020-04-08,0.21276595744680868,0.45905707196029766,8.460812723229324,0.6358562523353954,1.0,2.0,0.12527662706271794,1.0,4,2020-03-25,AAV,0.6,weak,False,False,True,-2.18,-29.42,-15.02,AAV,73.0
86,121,35,16.26,signal,2020-07-02,0.404761904761905,0.12135922330097088,14.406779661016941,1.0078303890574098,1.0,1.0,0.12773846143262818,0.5166666666666667,3,2020-05-14,AAV,0.6,weak,False,False,True,2.23,-9.25,0.29,AAV,96.62
143,183,40,50.12,signal,2020-10-28,0.41258741258741277,0.20843672456575676,12.296511627907009,1.25753864849857,2.0,2.0,0.11138591534156747,0.9833333333333333,5,2020-08-03,AAV,0.6,weak,False,False,True,4.4,-15.87,-7.82,AAV,136.61
208,227,19,61.33,end,2020-12-31,1.0,0.0,21.54640588584747,1.5877800545291358,4.0,3.0,0.07143547034556558,0.75,3,2020-12-04,AAV,0.5,strong,False,False,False,20.71,0.0,24.82,AAV,
1,18,17,0.9,signal,2020-02-04,0.6923076923076917,0.012048192771084348,4.090909090909058,1.2024532371368604,5.0,3.0,0.015899799350756937,0.025,4,2020-01-03,ACB,0.35,weak,False,False,False,0.0,0.0,0.0,ACB,192.45
25,42,17,-8.7,signal,2020-03-09,0.9482758620689659,0.008152173913043424,1.5148974229974002,1.2586965233340885,4.0,3.0,-0.08566257877162245,1.0,3,2020-02-13,ACB,0.5,strong,False,False,False,6.2,-0.41,7.37,ACB,104.49
83,109,26,10.68,peak_protect_ema,2020-06-17,0.8145161290322578,0.03721682847896447,4.718570947084594,1.1024304972024102,3.0,3.0,0.040238966014484095,0.08333333333333333,4,2020-05-08,ACB,0.5,moderate,False,False,False,4.39,0.0,5.02,ACB,114.88
132,141,9,-8.2,signal,2020-07-31,0.8133333333333338,0.019801980198019757,25.742574257425723,1.1477142755472483,3.0,3.0,0.020716342843986137,0.23333333333333334,3,2020-07-20,ACB,0.7,strong,False,False,False,2.46,-1.26,3.17,ACB,43.35
152,205,53,21.34,signal,2020-10-30,0.9861111111111114,0.0026845637583892044,31.915024630541858,1.7845540259417294,4.0,3.0,0.05274631442398153,0.8333333333333334,3,2020-08-17,ACB,0.5,strong,False,False,False,8.44,0.0,8.0,ACB,127.5
208,240,32,8.57,signal,2020-12-29,0.8392857142857144,0.018808777429467054,4.2019643953345565,0.7077673437887996,3.0,4.0,0.016804675634845487,0.3333333333333333,2,2020-11-04,ACB,0.5,strong,False,False,False,7.17,-0.31,4.21,ACB,112.98
15,24,9,-3.63,signal,2020-02-12,0.7372372372372372,0.058823529411764705,-16.058920825141243,0.9611246392056236,1.0,3.0,-0.05627839930875838,0.9833333333333333,3,2020-01-30,BID,0.7,strong,False,False,False,-2.4,-5.04,4.32,BID,46.17
90,110,20,2.01,signal,2020-06-18,0.8923444976076557,0.02008032128514053,1.9308055215796003,1.2396715144002697,2.0,2.0,0.003949367214168165,0.2833333333333333,4,2020-05-21,BID,0.5,moderate,False,False,False,2.99,0.0,7.2,BID,111.02
165,186,21,-4.04,signal,2020-10-05,0.9512195121951229,0.0050505050505049425,15.251914169581255,2.0007110821003895,4.0,3.0,-0.07296901248419582,0.55,3,2020-09-04,BID,0.5,strong,False,False,False,7.66,-0.25,6.53,BID,98.55
194,204,10,-8.51,signal,2020-10-29,0.7571428571428573,0.028511530398322837,21.83974358974367,1.6707457744827976,3.0,3.0,-0.013245497009579221,0.25,4,2020-10-15,BID,0.7,moderate,False,False,False,4.61,-1.53,3.14,BID,44.56
226,249,23,16.78,end,2020-12-31,0.7123893805309727,0.027612574341546396,-0.463467829880031,1.5443466962235788,2.0,3.0,-0.029636100005730637,0.65,4,2020-11-30,BID,0.7,moderate,False,False,False,1.47,-2.12,3.37,BID,
13,22,9,-2.01,signal,2020-02-10,0.5999999999999998,0.05172413793103453,9.142346634901713,0.5319132689584957,1.0,2.0,0.054902273299138715,0.4666666666666667,4,2020-01-21,DGC,1.0,moderate,False,False,False,0.87,0.0,2.07,DGC,3.16
74,103,29,36.33,peak_protect_dist,2020-06-11,0.9450980392156864,0.018494055482166403,16.98045302202128,2.094454388132683,3.0,2.0,0.4046680494796724,1.0,3,2020-04-24,DGC,0.5,strong,False,False,False,10.67,0.0,18.75,DGC,137.06
123,130,7,-6.22,stop_loss,2020-07-28,0.8124999999999999,0.02933333333333334,-1.3985781675635849,1.6417971072716397,4.0,3.0,0.924590938725671,0.016666666666666666,3,2020-07-09,DGC,1.0,strong,False,False,False,1.53,-1.66,2.2,DGC,0.71
152,189,37,5.48,signal,2020-10-20,0.8449999999999998,0.04851330203442888,4.214505301461756,2.5701299817257954,3.0,3.0,1.395820197900745,0.7666666666666667,4,2020-08-27,DGC,0.5,strong,False,False,False,16.5,-1.01,16.29,DGC,111.08
203,238,35,16.26,end,2020-12-31,1.0,0.0,32.758740048459686,1.6464710195092171,4.0,4.0,0.22921150609452845,0.55,3,2020-11-09,DGC,0.5,strong,False,False,False,10.19,0.0,8.71,DGC,
31,42,11,-8.05,signal,2020-03-09,0.6338461538461545,0.06022267206477721,29.779068561352545,0.6078837614524197,0.0,2.0,0.0011777869278964542,0.6666666666666666,4,2020-02-21,FPT,0.7,moderate,False,False,False,0.36,-4.73,0.93,FPT,45.34
81,108,27,1.88,signal,2020-06-15,0.9735849056603773,0.003663003663003678,2.364619834494036,0.7418764851645296,3.0,3.0,-0.026639441597060897,0.3333333333333333,2,2020-05-06,FPT,0.5,strong,False,False,False,4.31,0.0,6.3,FPT,103.02
132,141,9,-6.14,signal,2020-07-30,0.7600000000000003,0.017681728880157142,12.883257918552083,1.2417312236275604,3.0,2.0,0.01590806792189855,0.2833333333333333,3,2020-07-17,FPT,0.7,strong,False,False,False,0.64,-1.12,1.67,FPT,42.29
159,205,46,4.17,signal,2020-10-29,0.9847328244274812,0.0018939393939393534,6.351655416264876,1.4952748213702602,4.0,4.0,0.02120722889482675,0.8666666666666667,3,2020-08-25,FPT,0.5,strong,False,False,False,4.3,0.0,5.66,FPT,110.59
214,250,36,11.52,end,2020-12-31,0.6505376344086028,0.028371890004364846,-15.561590000409403,0.6487658262188428,1.0,3.0,0.01078290027786688,0.38333333333333336,3,2020-11-11,FPT,0.7,strong,False,False,False,0.0,-1.84,0.87,FPT,
3,18,15,3.79,signal,2020-02-04,0.5774647887323938,0.03671970624235015,18.98922333704939,0.9339960533131872,0.0,1.0,-0.003025942073708914,0.6833333333333333,3,2020-01-07,HPG,0.7,weak,False,False,False,0.0,0.0,0.0,HPG,53.81
81,108,27,10.93,signal,2020-06-16,1.0,0.0,1.0918465349037234,1.007430700433573,3.0,3.0,0.06424718838956706,0.5166666666666667,2,2020-05-07,HPG,0.5,strong,False,False,False,10.3,0.0,14.27,HPG,115.43
113,136,23,-0.54,trailing_stop,2020-07-24,0.6099290780141852,0.059076262083780764,6.96348581512153,0.7321000289289211,2.0,1.0,-0.03916325279957886,0.016666666666666666,3,2020-06-23,HPG,0.7,strong,False,False,False,3.1,-2.51,0.53,HPG,48.82
144,245,101,71.95,end,2020-12-31,0.9264705882352944,0.009842519685039335,16.680814940577264,1.1218443208950946,3.0,3.0,0.029785022955326423,0.65,3,2020-08-05,HPG,0.5,strong,False,False,False,10.8,0.0,6.2,HPG,
14,23,9,-5.38,signal,2020-02-11,0.8909090909090901,0.009216589861751228,10.996254681647969,1.3842379957063513,3.0,3.0,-0.02965350783172306,0.9666666666666667,3,2020-01-22,MBB,0.7,strong,False,False,False,4.33,-0.76,4.05,MBB,40.39
96,112,16,0.0,signal,2020-06-18,0.7656250000000007,0.029821073558648003,-10.1035196687371,1.133358981650302,0.0,1.0,0.006346062692226696,0.35,2,2020-05-27,MBB,0.63,strong,False,False,False,0.0,-1.76,2.72,MBB,66.32
161,204,43,14.42,signal,2020-10-30,0.8518518518518519,0.023076923076923096,6.659012629161907,1.6199919505491729,2.0,4.0,0.002563839804864715,0.85,4,2020-08-26,MBB,0.35,moderate,False,False,False,4.84,-0.95,6.27,MBB,201.76
207,247,40,24.64,end,2020-12-31,0.6491228070175438,0.032414910858995165,13.001869158878513,0.7275554735160535,3.0,4.0,0.017826873925052035,0.25,4,2020-11-04,MBB,0.6,strong,False,False,False,5.11,-2.06,2.35,MBB,
2,17,15,-8.11,signal,2020-02-03,0.5742574257425717,0.023255813953488552,3.55498721227616,1.2062373878784465,2.0,2.0,-0.02932176738638042,0.21666666666666667,5,2020-01-06,REE,0.5,weak,False,False,False,0.0,0.0,0.0,REE,102.5
48,57,9,-8.36,signal,2020-03-30,0.46859903381642515,0.1382778126964173,7.317073170731703,1.4290258106969564,1.0,1.0,0.007810935582250905,0.9833333333333333,4,2020-03-17,REE,0.6,weak,False,False,True,-1.36,-12.0,-4.97,REE,68.15
87,109,22,-2.21,signal,2020-06-16,0.7823529411764718,0.0221424296828245,20.283882783882838,1.1252691422537275,1.0,2.0,-0.01975413616210804,0.31666666666666665,4,2020-05-15,REE,0.35,moderate,False,False,False,2.58,-1.71,2.96,REE,189.56
128,185,57,22.04,peak_protect_dist,2020-10-02,0.9109589041095898,0.007424328954882866,2.9921547162927737,1.5055662829096375,3.0,2.0,-0.036398795847763926,0.55,3,2020-07-13,REE,1.0,strong,False,True,False,3.0,0.0,4.85,REE,25.48
190,249,59,16.55,end,2020-12-31,0.9187817258883249,0.007158836689038038,3.831431280161439,0.9184358068113947,4.0,3.0,-0.04797668712752029,0.15,2,2020-10-09,REE,0.5,strong,False,False,False,4.59,0.0,3.69,REE,
11,20,9,-3.79,signal,2020-02-12,0.48437500000000033,0.05436573311367381,-11.742424242424228,1.359191550065088,2.0,2.0,-0.005025877073137518,0.48333333333333334,4,2020-01-30,SSI,0.7,moderate,False,False,False,1.0,-3.19,0.94,SSI,39.19
56,101,45,30.57,peak_protect_dist,2020-06-11,0.38172043010752665,0.26436781609195414,24.48211875843453,0.9548600960778121,0.0,2.0,0.043224783717242254,0.9166666666666666,4,2020-04-03,SSI,0.6,weak,False,False,True,2.35,-20.62,-2.14,SSI,96.18
119,134,15,-2.87,signal,2020-07-28,0.6025641025641021,0.05236486486486495,16.4021164021164,0.6356749923198786,2.0,4.0,-0.00811312969788014,0.06666666666666667,4,2020-07-07,SSI,0.7,strong,False,False,False,4.96,-3.43,1.58,SSI,50.31
155,197,42,10.98,signal,2020-10-28,0.896103896103896,0.013114754098360668,0.7177033492823313,1.206121618912377,3.0,2.0,0.0023344459903566483,0.05,3,2020-08-26,SSI,0.7,strong,False,False,False,3.57,0.0,3.99,SSI,62.69
210,242,32,87.03,end,2020-12-31,0.6623376623376624,0.03626220362622033,18.65079365079366,1.2159441829045698,2.0,1.0,-0.007926794862722124,0.06666666666666667,4,2020-11-16,SSI,0.7,strong,False,False,False,1.13,-2.71,1.24,SSI,
2,17,15,-6.98,signal,2020-02-03,0.4615384615384624,0.03856749311294765,-8.298985782429511,1.2306741528835632,2.0,3.0,1.5684383550748173,0.38333333333333336,4,2020-01-06,TCB,0.7,weak,False,False,False,0.0,0.0,0.0,TCB,47.88
30,39,9,-4.05,signal,2020-03-04,0.805405405405405,0.032432432432432545,31.08734611189034,1.2301581410305178,2.0,2.0,0.01848996253735191,1.0,4,2020-02-20,TCB,0.48999999999999994,moderate,False,False,False,3.93,-2.89,3.04,TCB,102.52
83,106,23,0.52,signal,2020-06-16,0.9433962264150939,0.012396694214876136,42.09067730850236,1.8902720706948748,4.0,4.0,1.2322037080662849,0.7166666666666667,3,2020-05-14,TCB,0.5,strong,False,False,False,19.07,0.0,17.69,TCB,107.45
159,188,29,-1.08,signal,2020-10-09,0.9314285714285708,0.01176470588235304,5.019423430791193,1.4039392042024903,3.0,2.0,0.34115430546146147,0.7833333333333333,3,2020-08-28,TCB,0.5,strong,False,False,False,6.14,0.0,7.93,TCB,105.96
193,204,11,-5.51,signal,2020-11-02,0.560975609756097,0.05046728971962626,14.285714285714292,2.3784024822409986,2.0,2.0,-0.36805896741883665,0.2,5,2020-10-16,TCB,0.6,strong,False,False,False,6.05,-0.83,1.68,TCB,72.72
217,247,30,34.66,end,2020-12-31,0.564705882352942,0.06696832579185506,46.44813018306996,0.9155578348887459,1.0,4.0,0.8893201571881234,0.5166666666666667,4,2020-11-19,TCB,1.0,strong,False,False,False,4.94,-2.56,4.06,TCB,
55,76,21,12.46,signal,2020-04-27,0.36439169139465877,0.2945544554455446,17.763746116737764,1.231039006041597,1.0,1.0,0.10586775355327172,1.0,4,2020-03-26,VIC,0.6,weak,False,False,True,-7.76,-22.52,-11.89,VIC,85.41
85,104,19,-1.02,signal,2020-06-08,0.7214137214137208,0.031083275342148074,25.338356759889813,1.3460177385971934,3.0,2.0,-0.031240085496072677,0.13333333333333333,5,2020-05-12,VIC,0.7,moderate,False,False,False,4.64,-0.51,2.61,VIC,43.98
163,184,21,1.78,signal,2020-09-29,0.6816816816816815,0.026526526526526584,19.444444444444464,1.4806074489513803,3.0,3.0,-0.02509376141685725,0.3,5,2020-08-28,VIC,0.7,moderate,False,False,False,4.42,-1.19,2.13,VIC,49.7
200,221,21,-0.19,signal,2020-11-23,0.9352750809061491,0.008654262224145361,15.548049982728699,1.4428710132833698,4.0,3.0,-0.0656488825924643,1.0,3,2020-10-23,VIC,0.5,strong,False,False,False,9.47,0.0,9.99,VIC,103.57
236,249,13,-0.64,end,2020-12-31,1.0,0.0,19.903457062618266,0.9995760241036828,3.0,2.0,-0.0306084383855953,0.05,2,2020-12-14,VIC,0.5,strong,False,False,False,2.93,0.0,3.4,VIC,
16,25,9,-3.85,signal,2020-02-13,0.6923076923076917,0.027972027972028,8.7301587301587,1.47347651407468,2.0,2.0,-0.025736742302631125,0.7166666666666667,5,2020-01-31,VND,0.7,moderate,False,False,False,1.78,-2.72,1.89,VND,40.16
61,70,9,7.21,signal,2020-04-17,0.205479452054795,0.2612612612612611,-8.944793850454204,1.0946736514466329,2.0,4.0,0.09996862371199047,0.9833333333333333,3,2020-04-06,VND,0.6,weak,False,False,True,-0.45,-20.71,-7.77,VND,74.01
96,138,42,-2.42,signal,2020-07-24,0.7592592592592595,0.05241935483870964,-0.24131274131278246,0.951795807397868,1.0,3.0,-0.0012741939708104943,0.8166666666666667,2,2020-05-27,VND,0.48999999999999994,strong,False,False,False,4.64,-3.12,8.11,VND,113.78
174,204,30,20.16,peak_protect_dist,2020-10-27,1.0,0.0,4.5400238948625855,0.9298177130688132,3.0,3.0,-0.02352778354727717,0.6666666666666666,2,2020-09-15,VND,0.5,strong,False,False,False,3.61,0.0,5.8,VND,124.63
214,250,36,75.14,end,2020-12-31,1.0,0.0,24.367816091954033,1.1628667814880886,3.0,3.0,-0.04949792890174065,0.55,3,2020-11-10,VND,0.5,strong,False,False,False,11.61,0.0,9.05,VND,
53,108,55,21.75,peak_protect_dist,2020-06-15,0.3503800967519005,0.16740872662511128,11.060446524352471,1.4613492760155948,1.0,1.0,-0.07304028854916814,1.0,4,2020-03-25,VNM,0.6,weak,False,False,True,-3.16,-14.34,-6.33,VNM,100.9
148,199,51,13.6,signal,2020-10-22,0.7866972477064222,0.026274897584404565,6.6353567747268585,0.9524480727692402,1.0,3.0,-0.04530775738357266,0.7166666666666667,3,2020-08-10,VNM,0.48999999999999994,moderate,False,False,False,4.84,-2.56,1.8,VNM,119.27
220,244,24,-1.99,signal,2020-12-24,0.7771639042357283,0.014475415719583606,40.259697295509014,1.4068582881076606,4.0,3.0,0.04978507196309889,0.31666666666666665,3,2020-11-20,VNM,1.0,strong,False,False,False,3.26,0.0,2.39,VNM,2.25
2,13,11,9.81,trailing_stop,2021-01-21,0.8781512605042017,0.05576923076923077,0.009033423667574425,1.3673134364004025,2.0,3.0,7.253009576581562,1.0,4,2021-01-06,AAS,0.48999999999999994,weak,False,False,False,0.0,0.0,0.0,AAS,133.45
32,54,22,3.71,signal,2021-03-26,0.5294117647058824,0.2969432314410481,44.10686897779027,0.7449090056224629,1.0,2.0,9.865918196134245,0.48333333333333334,4,2021-02-24,AAS,0.5,weak,False,False,True,6.51,-19.79,5.03,AAS,113.57
68,77,9,-14.73,signal,2021-04-29,0.7593582887700534,0.07798960138648184,2.619047619047592,1.0687833237865678,0.0,1.0,0.13647700519101638,0.5666666666666667,2,2021-04-15,AAS,0.5,strong,False,False,False,-2.86,-5.56,5.82,AAS,97.22
95,103,8,16.7,peak_protect_dist,2021-06-08,0.6017699115044246,0.08840864440078589,7.823129251700664,1.3489156332243177,3.0,3.0,0.31170933295677894,0.08333333333333333,5,2021-05-27,AAS,0.7,weak,False,False,False,3.46,-5.21,2.04,AAS,93.56
108,123,15,5.15,trailing_stop,2021-07-06,0.831521739130435,0.08179419525065952,6.99035415671613,1.2092342679218504,3.0,3.0,0.41519502304332057,0.8666666666666667,4,2021-06-15,AAS,0.5,strong,False,False,False,27.61,-2.82,22.3,AAS,126.97
155,186,31,11.35,peak_protect_ema,2021-10-07,0.8923076923076926,0.03114571746384865,-6.577373834010999,1.2725081646122027,4.0,3.0,-0.066569789238449,0.26666666666666666,3,2021-08-23,AAS,0.5,strong,False,False,False,7.41,0.0,16.72,AAS,115.99
193,231,38,32.49,peak_protect_dist,2021-12-10,0.7411347517730495,0.06358885017421606,22.09869748669972,1.411007120365957,3.0,3.0,-0.10121641024725452,0.25,5,2021-10-18,AAS,0.5,strong,False,False,False,16.67,0.0,12.03,AAS,148.99
31,62,31,24.63,trailing_stop,2021-04-12,0.6920731707317074,0.09249084249084247,28.68037040222471,0.827624104982474,1.0,0.0,0.03166005284294447,0.31666666666666665,3,2021-02-26,AAV,1.0,moderate,False,False,False,3.12,-7.14,2.63,AAV,30.04
86,104,18,1.33,signal,2021-06-14,0.5786163522012578,0.052466718872357085,13.91640866873066,1.1693024914520496,1.0,2.0,-0.038964031394196144,0.058333333333333334,5,2021-05-19,AAV,0.7,weak,False,False,False,4.07,-2.59,1.85,AAV,61.15
150,183,33,68.46,peak_protect_dist,2021-10-13,1.0,0.0,1.2087897336769373,1.5237953821905508,3.0,2.0,-0.1203478581452393,1.0,3,2021-08-17,AAV,0.5,strong,False,False,False,20.41,0.0,29.1,AAV,138.69
235,240,5,-4.08,end,2021-12-31,0.3909531502423262,0.15860328144720234,21.61316464814731,1.26441461259569,1.0,2.0,-0.09691608510154262,0.43333333333333335,5,2021-12-24,AAV,0.6,weak,False,False,True,0.42,-8.89,-0.85,AAV,
5,14,9,-6.87,signal,2021-01-26,0.7636363636363633,0.03482142857142862,2.8862389193752307,0.9777842147055037,0.0,2.0,0.07453745525986288,0.6166666666666667,3,2021-01-13,ACB,0.7,moderate,False,False,False,4.19,-0.8,0.76,ACB,44.26
33,52,19,-2.41,signal,2021-03-26,0.9761904761904762,0.006415396952686453,14.349542449197656,1.3478757865134885,3.0,3.0,-0.030584834429119856,1.0,3,2021-03-01,ACB,0.5,strong,False,False,False,5.14,0.0,13.55,ACB,102.36
56,68,12,-4.02,signal,2021-04-22,0.8728813559322031,0.011811023622047273,13.394713394713385,0.839127640879703,4.0,4.0,-0.0182735422455629,0.16666666666666666,2,2021-04-01,ACB,0.5,strong,False,False,False,5.66,-0.31,2.59,ACB,103.69
74,123,49,18.79,peak_protect_dist,2021-07-12,0.6953124999999998,0.030162412993039487,10.890229267984601,1.121892424081536,3.0,3.0,-0.040032103977608216,0.15,5,2021-05-04,ACB,1.0,strong,False,False,False,3.19,-1.97,1.4,ACB,37.66
218,227,9,-6.82,signal,2021-12-07,0.973118279569892,0.003015681544028994,0.25940337224383825,1.2605563228395529,3.0,4.0,-0.023993619324199647,0.5666666666666667,3,2021-11-24,ACB,0.5,strong,False,False,False,6.15,0.0,5.94,ACB,99.55
3,11,8,-7.48,stop_loss,2021-01-19,0.7810383747178332,0.03455646597791232,1.5950979446106004,0.793543143486371,0.0,2.0,-0.032214197104003986,0.48333333333333334,3,2021-01-07,BID,1.0,weak,False,False,False,0.0,0.0,0.0,BID,0.0
32,41,9,-2.79,signal,2021-03-09,0.6516464471403816,0.0813435855928773,32.075533661740586,1.0085372604545972,0.0,2.0,-0.018306760665437443,0.7333333333333333,4,2021-02-24,BID,0.48999999999999994,weak,False,False,False,2.28,-7.42,2.14,BID,106.66
51,69,18,-1.59,signal,2021-04-19,0.5739130434782601,0.03907496012759173,4.7090054647422335,1.6019998478898723,2.0,2.0,-0.029246369051434754,0.1,5,2021-03-23,BID,0.7,moderate,False,False,False,3.04,-2.9,0.83,BID,47.21
96,106,10,-7.8,signal,2021-06-14,0.9881188118811877,0.0021466905187836234,4.053240600881253,1.389665038138701,3.0,2.0,-0.07856130209341873,1.0,3,2021-05-31,BID,0.5,strong,False,False,False,5.87,0.0,12.33,BID,100.82
117,127,10,-9.58,signal,2021-07-13,0.5668604651162796,0.05534918276374436,19.201773835920214,0.8175222512939456,1.0,3.0,0.006881549611007537,0.35,4,2021-06-29,BID,0.7,strong,False,False,False,4.22,-4.3,2.13,BID,43.78
218,230,12,-1.8,signal,2021-12-07,0.7626262626262623,0.036877206747744265,-8.34500466853413,1.043950913290885,1.0,2.0,-0.018501976416260276,0.7,2,2021-11-19,BID,0.63,strong,False,False,False,2.78,-0.2,4.73,BID,62.52
7,19,12,-5.31,signal,2021-01-29,0.7792207792207786,0.02881355932203399,3.8252508361203184,0.9334880510198228,2.0,4.0,-0.04522844036325752,0.75,3,2021-01-13,DGC,0.48999999999999994,moderate,False,False,False,2.31,-1.34,0.79,DGC,108.54
32,50,18,3.24,signal,2021-03-24,0.9642857142857147,0.010492700729926864,30.708471778276113,1.0575826437422287,3.0,3.0,-0.06263319642218854,1.0,2,2021-02-26,DGC,0.5,strong,False,False,False,9.44,-0.77,18.24,DGC,115.74
69,125,56,35.21,peak_protect_dist,2021-07-12,0.6111111111111107,0.044548154433602064,5.936390420790175,1.0493742889647326,3.0,3.0,-0.010922912418950959,0.03333333333333333,4,2021-04-20,DGC,0.7,strong,False,False,False,2.66,-2.52,1.22,DGC,85.72
134,199,65,65.36,peak_protect_dist,2021-10-29,1.0,0.0,10.93454724867577,1.4273626970427586,4.0,3.0,0.015690648005824093,0.4666666666666667,3,2021-07-23,DGC,0.5,strong,False,False,False,12.57,0.0,11.63,DGC,148.76
206,225,19,-2.25,signal,2021-12-06,0.4108983799705444,0.06488240064882413,10.509348850468676,1.2973960779708784,2.0,2.0,0.0049438985330053295,0.05,5,2021-11-09,DGC,0.7,strong,False,False,False,2.05,-2.99,0.99,DGC,49.41
230,239,9,-10.68,signal,2021-12-24,0.8911819887429646,0.016712289295490516,16.07848448579302,1.0005257396985185,3.0,4.0,-0.025841600306710635,0.7,2,2021-12-13,DGC,0.5,strong,False,False,False,15.18,0.0,7.96,DGC,97.97
23,54,31,4.98,signal,2021-03-26,0.9524564183835181,0.009572431397575007,20.148085950917903,1.2204280698241523,4.0,4.0,-0.04286933883519067,0.8166666666666667,3,2021-02-04,FPT,0.5,strong,False,False,False,23.73,0.0,10.97,FPT,111.84
61,72,11,0.76,trailing_stop,2021-04-22,0.6986754966887424,0.026515151515151415,-9.962018184250311,0.8250973786714391,2.0,3.0,-0.027816289682362196,0.08333333333333333,3,2021-04-06,FPT,1.0,strong,False,False,False,2.97,-2.0,1.35,FPT,4.43
73,85,12,1.2,trailing_stop,2021-05-13,0.8173719376391982,0.02285395763656634,-7.966507177033456,1.296435325617816,2.0,2.0,-0.0038860027762111157,0.26666666666666666,3,2021-04-23,FPT,1.0,strong,True,False,False,3.76,0.0,3.8,FPT,3.37
86,127,41,17.95,peak_protect_dist,2021-07-12,0.7692307692307686,0.021276595744680885,10.954178599323036,1.0509757394755144,0.0,2.0,-0.009460938158771762,0.4666666666666667,3,2021-05-14,FPT,1.0,strong,True,False,False,2.17,-1.16,2.9,FPT,27.0
137,159,22,-0.87,signal,2021-08-25,0.8863636363636366,0.013812154696132567,21.77475427451722,1.2987415185439901,4.0,4.0,-0.013138423980907782,0.5166666666666667,3,2021-07-26,FPT,0.5,strong,False,False,False,10.63,0.0,5.92,FPT,104.51
173,182,9,-1.58,signal,2021-09-29,0.8905109489051103,0.006240898689411216,20.225148683092605,0.8581613499671578,3.0,3.0,0.0014838772472911925,0.08333333333333333,2,2021-09-16,FPT,0.5,strong,False,False,False,1.61,-0.21,1.82,FPT,101.21
189,205,16,-3.13,signal,2021-11-01,0.9261083743842372,0.005976095617529823,22.309136117802986,1.4202605077517458,3.0,3.0,-0.04067576949457011,0.36666666666666664,3,2021-10-08,FPT,0.5,strong,False,True,False,6.47,0.0,5.27,FPT,100.65
223,229,6,-4.51,stop_loss,2021-12-03,0.739999999999999,0.017927501970055236,9.897240492649402,1.1689523527736254,1.0,2.0,-0.014899406378069094,0.48333333333333334,4,2021-11-25,FPT,1.0,strong,False,False,False,3.63,0.0,3.18,FPT,0.0
15,17,2,-7.76,stop_loss,2021-01-27,0.6782608695652181,0.040173724212812074,-21.023081721771582,1.3215705078245907,2.0,2.0,0.07319476941771094,0.08333333333333333,4,2021-01-25,HPG,1.0,moderate,False,False,False,-2.02,-2.69,0.74,HPG,0.0
21,107,86,72.64,signal,2021-06-17,0.41292134831460686,0.12243702401874633,-9.681870305512632,1.371525474617577,1.0,2.0,0.05312373421625313,0.75,4,2021-02-02,HPG,0.6,moderate,False,False,True,-4.26,-9.83,-4.43,HPG,142.25
140,155,15,1.07,signal,2021-08-24,0.5329512893982808,0.06016980435585083,20.981160715143467,0.8347382957705473,1.0,2.0,0.014834039297560355,0.15,4,2021-08-03,HPG,0.7,weak,False,False,False,2.27,-5.31,1.22,HPG,50.59
162,205,43,9.98,signal,2021-11-04,0.9550561797752818,0.004088586030664308,14.902213882049224,0.9976740306757387,4.0,4.0,-0.010128329686376211,0.1,2,2021-09-06,HPG,0.5,strong,False,False,False,7.31,0.0,4.37,HPG,113.26
2,16,14,1.18,signal,2021-01-26,0.8662790697674426,0.02718676122931426,15.549315549315551,1.3878909182773098,2.0,4.0,0.0001497836530768848,0.95,4,2021-01-06,MBB,0.48999999999999994,weak,False,False,False,0.0,0.0,0.0,MBB,109.88
32,54,22,1.77,signal,2021-03-26,0.8801843317972351,0.028792912513842726,21.78770949720669,1.3283224329461638,3.0,4.0,-0.030668208799397426,0.8833333333333333,4,2021-02-24,MBB,0.48999999999999994,moderate,False,False,False,4.63,-1.42,8.24,MBB,112.26
58,76,18,3.59,signal,2021-04-28,0.9425287356321832,0.0051229508196722045,6.776745786033693,0.9670031615370134,4.0,4.0,-0.044002840792807967,0.016666666666666666,2,2021-04-01,MBB,0.5,strong,False,False,False,5.97,0.0,3.3,MBB,108.94
82,128,46,17.3,signal,2021-07-14,0.9448275862068964,0.007207207207207214,23.797449474233694,1.3792155860618942,3.0,2.0,-0.021846011236507798,0.35,3,2021-05-10,MBB,0.5,strong,False,False,False,9.36,0.0,7.61,MBB,124.33
152,161,9,-8.95,signal,2021-08-30,0.8800000000000002,0.019176136363636333,17.762894842063204,1.214986592282858,3.0,2.0,0.005065891097048428,0.26666666666666666,3,2021-08-17,MBB,0.5,strong,False,False,False,5.23,0.0,7.26,MBB,99.87
222,231,9,-8.1,signal,2021-12-08,0.8397435897435896,0.01792114695340502,25.959346504559257,1.5725548564537164,3.0,3.0,-0.031830805239882354,0.8166666666666667,3,2021-11-25,MBB,0.5,strong,False,False,False,9.24,0.0,7.16,MBB,98.21
11,20,9,-5.12,signal,2021-02-01,0.7780487804878049,0.03238434163701068,1.2491651751129211,1.2873120185172395,2.0,2.0,-0.01281006951798673,0.8833333333333333,4,2021-01-19,REE,0.48999999999999994,moderate,False,False,False,-0.57,-2.06,1.62,REE,107.07
26,41,15,-3.53,signal,2021-03-09,1.0,0.0,9.738459738459731,1.4542263622403349,3.0,2.0,-0.03475217644804072,0.55,3,2021-02-09,REE,0.5,strong,False,False,False,6.57,0.0,7.4,REE,104.69
90,103,13,-4.12,signal,2021-06-08,0.9888143176733779,0.0016087516087516316,11.14149154819718,0.9961792601249607,2.0,2.0,-0.020937081527924936,0.85,2,2021-05-20,REE,0.5,strong,False,True,False,6.18,0.0,8.09,REE,101.7
112,122,10,-5.81,stop_loss,2021-07-05,0.6296296296296293,0.04843396835647401,22.282341999316586,1.1464971502573642,0.0,1.0,-0.03151833715848362,0.6833333333333333,4,2021-06-21,REE,1.0,strong,False,False,False,4.84,-3.01,1.47,REE,0.0
154,181,27,6.61,signal,2021-09-28,1.0,0.0,14.587323301413633,1.7002159365160014,2.0,1.0,-0.02173613700811433,0.7666666666666667,2,2021-08-18,REE,0.5,strong,False,False,False,7.26,0.0,10.77,REE,112.57
186,204,18,3.15,signal,2021-11-08,0.9546436285097191,0.005652759084791409,11.799552822578157,1.1238374642732922,4.0,4.0,-0.008629179508505572,0.26666666666666666,3,2021-10-05,REE,0.5,strong,False,False,False,8.21,0.0,6.03,REE,103.23
2,16,14,-5.95,signal,2021-01-26,0.9264990328820114,0.027576197387518202,1.065992140566422,0.7787714678431686,0.0,2.0,-0.15531797404684286,0.8166666666666667,3,2021-01-06,SSI,0.48999999999999994,weak,False,False,False,0.0,0.0,0.0,SSI,112.86
38,48,10,-0.44,signal,2021-03-18,0.7909319899244333,0.061254612546125464,-8.479066423317292,1.0130588815897077,1.0,2.0,-0.06842686804287545,0.2833333333333333,2,2021-03-04,SSI,0.63,strong,False,False,False,0.0,-4.58,4.27,SSI,60.31
60,74,14,-9.45,signal,2021-04-26,0.9190283400809712,0.014104372355430259,28.108518307721518,1.3050959442385186,3.0,4.0,0.02337106073276793,0.3,3,2021-04-05,SSI,0.5,strong,False,False,False,11.48,0.0,6.68,SSI,104.44
87,124,37,42.34,peak_protect_dist,2021-07-12,0.8325358851674636,0.02437325905292489,16.229896054196608,1.1484318275280094,1.0,3.0,0.039247149538734566,0.31666666666666665,4,2021-05-17,SSI,0.5,strong,False,False,False,2.13,0.0,5.44,SSI,152.27
139,155,16,11.27,peak_protect_ema,2021-08-27,0.6881720430107529,0.051078819903126384,12.033333333333317,0.9661933519111223,3.0,4.0,-0.014413026799861076,0.016666666666666666,4,2021-08-02,SSI,0.6,strong,False,False,False,8.25,0.0,4.95,SSI,77.04
191,223,32,25.32,peak_protect_dist,2021-12-03,0.5051194539249149,0.05969534787978589,2.125073019782441,1.2239026136077846,2.0,2.0,0.002434745162532597,0.1,5,2021-10-20,SSI,0.7,weak,False,False,False,-1.7,-3.84,-0.85,SSI,80.1
11,13,2,-6.39,stop_loss,2021-01-27,0.7815789473684215,0.049083382613837864,-23.471732661936365,1.1272598488183205,0.0,2.0,0.05087672617930113,0.6,3,2021-01-25,TCB,1.0,moderate,False,False,False,-1.11,-2.87,1.31,TCB,0.0
23,50,27,2.59,signal,2021-03-26,1.0,0.0,9.803282504947035,0.9751903077803795,3.0,3.0,0.05671073274978741,0.5166666666666667,2,2021-02-17,TCB,0.5,strong,False,False,False,9.74,0.0,9.86,TCB,109.46
54,64,10,-3.2,stop_loss,2021-04-22,0.7096774193548391,0.02787816210634998,5.865675110388075,0.9343005441021209,3.0,4.0,0.08419306940577796,0.08333333333333333,4,2021-04-01,TCB,1.0,strong,False,False,False,4.2,-2.37,2.32,TCB,0.0
70,96,26,15.46,signal,2021-06-10,1.0,0.0,12.563729766404968,1.2329509035466508,3.0,3.0,0.008240047267065162,0.48333333333333334,3,2021-05-04,TCB,0.5,strong,False,True,False,7.16,0.0,6.14,TCB,122.76
113,122,9,-11.02,signal,2021-07-16,0.9883720930232557,0.0018248175182482011,4.357330466680679,1.2686174962761805,3.0,2.0,0.02091550218389976,0.5666666666666667,3,2021-07-05,TCB,0.5,strong,False,False,False,8.21,0.0,11.52,TCB,97.91
144,153,9,-7.7,signal,2021-08-30,0.7667844522968196,0.026211278792692617,10.8730805552321,1.1640413411337343,2.0,3.0,0.01557308965951893,0.05,4,2021-08-17,TCB,0.7,strong,False,False,False,1.9,-1.29,3.65,TCB,42.37
184,195,11,-1.69,signal,2021-10-29,0.8215767634854773,0.017338709677419344,8.683270336043094,1.656745038398685,2.0,2.0,-0.021240625208475798,0.48333333333333334,3,2021-10-14,TCB,0.7,strong,False,False,False,5.0,-0.96,4.08,TCB,44.25
199,219,20,-3.02,signal,2021-12-02,0.7899999999999991,0.016679904686259003,-2.4253928081830907,1.2412162184619782,4.0,3.0,0.015113020030710949,0.25,2,2021-11-04,TCB,0.35,strong,False,False,False,2.9,-0.75,1.99,TCB,190.22
7,16,9,-8.65,signal,2021-01-26,0.5917602996254685,0.04414742810854596,4.769396745482453,1.2296002979875025,2.0,3.0,-0.014194832082391327,0.7,5,2021-01-13,VIC,0.7,weak,False,False,False,0.82,-2.89,-0.03,VIC,43.0
21,39,18,0.38,signal,2021-03-05,0.570334928229665,0.09538984491183349,11.569939914076592,1.2108003043612556,1.0,2.0,-0.03548306226766566,0.9833333333333333,5,2021-02-02,VIC,0.6,weak,False,False,True,4.34,-7.43,-0.23,VIC,70.78
53,77,24,20.01,signal,2021-05-10,0.8384754990925588,0.018137354799266366,26.213223663397663,1.2831155956806515,4.0,2.0,0.004194240352431558,0.18333333333333332,3,2021-03-25,VIC,1.0,strong,False,True,False,3.57,0.0,3.32,VIC,20.41
143,154,11,-5.81,signal,2021-08-25,0.7925824175824177,0.030067702110712826,3.036416698388564,1.1119567569284396,0.0,2.0,-0.08687700817849318,0.75,4,2021-08-10,VIC,0.48999999999999994,moderate,False,False,False,-1.32,-1.32,5.29,VIC,107.86
221,230,9,-3.41,signal,2021-12-17,0.7590361445783131,0.03787878787878788,-3.9523809523809206,1.41657213042191,2.0,3.0,0.044933958436537746,1.0,3,2021-12-06,VIC,0.48999999999999994,moderate,False,False,False,0.28,-1.49,7.46,VIC,105.57
29,41,12,2.33,trailing_stop,2021-03-09,0.6111111111111112,0.15053763440860213,12.16160180084119,0.8860970540440559,0.0,2.0,-0.04361202561252009,0.5333333333333333,4,2021-02-19,VND,1.0,weak,False,False,False,4.89,-9.85,4.97,VND,5.73
42,118,76,141.55,trailing_stop,2021-07-06,0.7850467289719623,0.039655172413793176,-16.233766233766183,1.0471139248385866,2.0,2.0,-0.08616564503511112,0.05,2,2021-03-10,VND,0.9,strong,True,False,False,-0.51,-1.69,3.57,VND,160.49
119,121,2,-6.11,stop_loss,2021-07-09,0.5704057279236276,0.12354152367879208,-17.97538521057372,1.1200346330356268,1.0,2.0,0.030297331397662705,0.13333333333333333,4,2021-07-07,VND,1.0,strong,True,False,False,0.28,-8.02,1.69,VND,0.0
136,156,20,9.74,signal,2021-08-27,0.7538860103626944,0.06295559973492375,31.158960530837746,1.242178906114064,4.0,4.0,0.06986487839390487,0.2,4,2021-07-30,VND,0.5,strong,False,False,False,10.55,-2.96,9.08,VND,117.18
162,174,12,-6.1,signal,2021-09-29,0.8920187793427229,0.01298701298701301,8.332140458284265,0.7903305587973717,3.0,2.0,0.046955028230956534,0.1,2,2021-09-13,VND,0.5,strong,False,False,False,6.94,0.0,3.99,VND,100.53
189,221,32,37.75,trailing_stop,2021-12-03,0.7762557077625577,0.0282420749279538,18.884978857450974,1.2629843101562452,3.0,3.0,0.024614314498002665,0.21666666666666667,4,2021-10-20,VND,0.7,moderate,False,False,False,3.34,-1.14,3.0,VND,93.58
230,238,8,1.94,trailing_stop,2021-12-28,0.4548022598870056,0.07655692185640617,-11.833748680321818,0.857486276816814,0.0,2.0,0.03326773730557063,0.45,3,2021-12-16,VND,0.7,moderate,False,False,False,-3.63,-5.4,-1.26,VND,53.48
7,16,9,-6.82,signal,2021-01-26,0.7354838709677405,0.023536165327210236,21.309896999552244,1.206513705275253,2.0,3.0,0.05857668884717619,1.0,5,2021-01-13,VNM,0.35,moderate,False,False,False,4.29,-1.54,2.01,VNM,185.47
21,32,11,-0.56,signal,2021-02-24,0.49039057656540647,0.1015692573829235,-4.5806118469119,1.174679676512524,0.0,2.0,-0.037367513496603,1.0,4,2021-02-02,VNM,0.6,weak,False,False,True,-0.28,-8.51,-2.44,VNM,69.87
61,70,9,-5.32,signal,2021-04-19,0.620632279534109,0.029529853645900807,10.619172791915418,1.1338987045022602,1.0,2.0,-0.0906268242735312,0.11666666666666667,5,2021-04-06,VNM,0.7,weak,False,False,False,2.32,-1.27,0.8,VNM,41.54
156,165,9,-1.05,signal,2021-09-08,0.34027777777777807,0.04214729370008864,0.9783759160759615,1.0208899204899007,1.0,3.0,0.33322912103852553,0.5333333333333333,4,2021-08-20,VNM,0.7,weak,False,False,False,-2.33,-3.4,-0.56,VNM,42.47
178,205,27,-0.68,signal,2021-11-03,0.5137931034482743,0.04053471323846496,-8.38842131951445,1.3487556468503086,2.0,3.0,0.3211192857538091,0.8,4,2021-09-27,VNM,0.48999999999999994,moderate,False,False,False,0.12,-2.96,1.82,VNM,106.39
22,54,32,12.3,peak_protect_ema,2022-03-28,0.5102040816326532,0.1844971172325432,14.399721485766307,1.010964457242102,1.0,3.0,-0.06657625170172607,0.5166666666666667,4,2022-02-10,AAS,0.7,moderate,False,False,False,3.38,-9.77,3.63,AAS,61.05
60,71,11,-10.56,signal,2022-04-21,0.8359788359788357,0.031328954017180444,24.974176615019836,1.6851220682239925,2.0,2.0,-0.07563248529132474,0.2833333333333333,4,2022-04-05,AAS,0.5,strong,False,False,False,10.74,0.0,9.62,AAS,103.32
93,105,12,0.88,signal,2022-06-10,0.287531806615776,0.412675018422992,-1.1525096195628635,0.7912389407811584,0.0,2.0,0.03341421288206534,0.8666666666666667,3,2022-05-25,AAS,0.6,weak,False,False,True,-3.62,-23.33,-7.73,AAS,70.96
142,151,9,-4.27,signal,2022-08-16,0.765193370165746,0.07124895222129084,-26.508768645072706,2.2471973939980296,2.0,3.0,-0.05845352816189967,0.4666666666666667,3,2022-08-03,AAS,0.5,moderate,False,False,False,2.93,-5.39,8.33,AAS,102.5
194,203,9,-7.1,signal,2022-10-31,0.3028391167192428,0.30779944289693606,13.06084096781774,1.0730621885531584,2.0,3.0,0.02083589535418227,0.9166666666666666,4,2022-10-18,AAS,0.6,weak,False,False,True,12.36,-22.55,-6.74,AAS,66.07
217,231,14,22.25,trailing_stop,2022-12-12,0.2906976744186045,0.6340956340956343,-2.9479929544822454,1.9442605502735564,1.0,2.0,0.1903744484391181,0.9833333333333333,4,2022-11-18,AAS,0.6,weak,False,False,True,0.0,-27.89,-13.91,AAS,94.01
236,245,9,-14.05,signal,2022-12-30,0.5621118012422359,0.23305785123966946,-9.77685004662203,0.8373199649641591,1.0,2.0,0.07173246579632245,0.2833333333333333,3,2022-12-19,AAS,0.5,moderate,False,False,False,2.89,-3.66,6.55,AAS,95.52
2,11,9,-13.05,signal,2022-01-19,0.70516717325228,0.040980143641740546,1.370890987627213,0.7349046925033421,1.0,2.0,-0.2412231662290821,0.03333333333333333,4,2022-01-06,AAV,0.7,weak,False,False,False,0.0,0.0,0.0,AAV,40.47
28,39,11,-2.4,signal,2022-03-07,0.7580419580419581,0.07160596026490068,-2.4462365591398196,1.0025050391511479,0.0,2.0,0.08266937278665829,0.9333333333333333,2,2022-02-18,AAV,0.48999999999999994,strong,False,False,False,1.21,-0.78,7.54,AAV,106.6
116,125,9,-1.16,signal,2022-07-08,0.4327666151468315,0.42674418604651165,34.41238564391274,1.1999917340369666,2.0,3.0,-0.17005912464778294,0.95,5,2022-06-27,AAV,0.6,weak,False,False,True,30.9,-27.61,-4.75,AAV,65.8
144,157,13,-4.17,signal,2022-08-24,0.8742138364779868,0.020833333333333447,0.48051606108476363,1.228411957232479,3.0,3.0,0.0525801558097522,0.03333333333333333,4,2022-08-05,AAV,0.5,strong,False,False,False,7.99,0.0,7.3,AAV,106.4
217,228,11,38.89,trailing_stop,2022-12-07,0.3225806451612903,0.5833333333333334,11.282051282051285,1.4939088906271887,1.0,2.0,-0.16272661849853443,0.9666666666666667,5,2022-11-18,AAV,0.6,weak,False,False,True,5.88,-30.77,-15.19,AAV,116.32
22,32,10,-3.06,signal,2022-02-24,0.8786127167630072,0.012597480503899057,7.20247993929317,1.7322109159418553,3.0,3.0,-0.03424060904921118,1.0,3,2022-02-10,ACB,0.7,strong,False,False,False,1.83,-0.6,4.67,ACB,43.34
59,69,10,-3.36,signal,2022-04-20,0.5076923076923076,0.020671834625323016,12.76531687490592,1.39276325009109,3.0,3.0,0.012637737728771206,0.03333333333333333,5,2022-04-05,ACB,0.35,moderate,False,False,False,2.04,-1.46,0.51,ACB,188.57
134,163,29,0.63,signal,2022-09-05,0.5975609756097562,0.023125437981779965,0.631832313709701,1.1956450046103007,2.0,3.0,-0.013196806183576085,0.05,5,2022-07-22,ACB,0.35,moderate,False,False,False,1.42,-1.25,0.92,ACB,189.29
191,200,9,3.5,signal,2022-10-26,0.40720221606648177,0.18290598290598298,20.057720057720076,1.644666897521293,1.0,2.0,0.07948406272361005,0.9833333333333333,5,2022-10-13,ACB,0.6,weak,False,False,True,-0.17,-13.78,-5.99,ACB,73.98
229,245,16,-1.3,signal,2022-12-28,0.7206703910614525,0.07651109410864575,6.15021097046413,1.146670838623818,1.0,3.0,-0.07479160810506354,0.6333333333333333,5,2022-12-06,ACB,0.7,moderate,False,False,False,0.69,-5.56,4.66,ACB,46.98
2,24,22,17.78,peak_protect_dist,2022-02-14,0.8432432432432427,0.02104499274310602,16.28619967603023,1.4602522554703528,1.0,2.0,-0.06214911132208105,0.7333333333333333,4,2022-01-06,BID,0.5,weak,False,False,False,0.0,0.0,0.0,BID,127.75
60,69,9,-12.36,signal,2022-04-19,0.6207951070336385,0.03949044585987268,-1.0445636119279982,1.1403618649965206,1.0,2.0,-0.004752933514216448,0.15,4,2022-04-05,BID,0.7,weak,False,False,False,2.11,-2.39,1.17,BID,43.4
115,160,45,25.01,signal,2022-08-29,0.3259999999999998,0.14891736632788338,12.810414675725639,1.0738783526085596,1.0,3.0,0.0831363518132575,0.8666666666666667,4,2022-06-24,BID,0.6,weak,False,False,True,-1.27,-12.73,-5.2,BID,92.75
182,191,9,-4.27,signal,2022-10-13,0.1939799331103679,0.19601464009760067,4.871888459011586,0.9787222133784561,1.0,3.0,0.04262048647806084,0.7833333333333333,4,2022-09-30,BID,0.6,weak,False,False,True,-2.42,-15.35,-5.1,BID,62.89
224,239,15,-6.12,signal,2022-12-20,1.0,0.0,5.849507085643857,1.144895225754846,3.0,3.0,-0.20236365470447315,0.9333333333333333,3,2022-11-29,BID,0.5,strong,False,False,False,12.48,0.0,13.98,BID,100.9
246,247,1,-3.48,end,2022-12-30,0.509859154929578,0.0599793174767321,24.67493473673676,1.0019649627269485,1.0,2.0,-0.023032221979136097,0.1,4,2022-12-29,BID,0.7,moderate,False,False,False,2.55,-4.54,1.66,BID,
35,70,35,34.0,peak_protect_dist,2022-04-22,1.0,0.0,9.954058419085428,1.9845625042515136,2.0,2.0,0.004008452453486633,1.0,3,2022-03-03,DGC,0.5,strong,False,False,False,16.08,0.0,18.53,DGC,141.02
93,102,9,-0.22,signal,2022-07-07,0.5488748241912799,0.15365269461077843,6.3377619190674395,0.9846246826233622,0.0,2.0,-0.15116987778491894,0.5,4,2022-05-27,DGC,0.7,weak,False,False,False,0.47,-11.16,-0.57,DGC,52.01
171,180,9,-1.01,signal,2022-10-27,0.42244224422442234,0.23309160870208676,20.211609694329574,1.081429817503074,2.0,4.0,0.042916800367069574,0.9,4,2022-10-14,DGC,0.6,weak,False,False,True,18.56,-17.13,-0.71,DGC,70.9
36,46,10,-1.63,signal,2022-03-16,0.8967889908256874,0.009521794329242548,-23.99264951553623,1.250126704106237,3.0,4.0,-0.008888413478111321,0.55,2,2022-03-02,FPT,0.5,strong,False,False,False,0.13,-0.42,1.66,FPT,102.7
51,72,21,15.13,peak_protect_dist,2022-04-22,0.8695652173913032,0.010412413229889856,15.063937273062159,1.2394010219378133,3.0,4.0,0.009438486979558711,0.48333333333333334,3,2022-03-23,FPT,0.6,strong,False,False,False,5.36,0.0,3.06,FPT,87.09
103,114,11,-9.97,signal,2022-06-23,0.8963893249607535,0.022614356690080526,7.412411001293108,1.132915719008904,0.0,2.0,-0.09199953402620956,0.9666666666666667,4,2022-06-08,FPT,0.5,strong,False,False,False,2.85,-0.53,9.86,FPT,100.41
151,168,17,-4.06,signal,2022-09-09,0.9694117647058818,0.0023792093704246443,5.63421016388935,1.0439409636528334,2.0,2.0,-0.02913136747945028,0.16666666666666666,2,2022-08-15,FPT,0.5,strong,False,True,False,3.37,0.0,4.15,FPT,99.93
217,244,27,8.31,end,2022-12-30,0.5917566241413148,0.09422423556058898,-7.722899195354373,1.5307956107591905,1.0,1.0,0.02558088403420385,0.6833333333333333,3,2022-11-17,FPT,0.6,weak,False,False,True,-2.73,-6.32,-2.58,FPT,
28,46,18,-1.78,signal,2022-03-16,0.844827586206896,0.026696329254727567,18.510324483775804,0.790156054737983,1.0,3.0,-0.05123428151451996,0.75,3,2022-02-18,HPG,0.5,moderate,False,False,False,-0.22,-0.55,5.35,HPG,108.78
149,163,14,-1.75,signal,2022-08-31,0.7035573122529646,0.04230118443316413,7.152731759705638,1.2359466939631367,2.0,3.0,0.0035427552364785675,0.4166666666666667,5,2022-08-11,HPG,0.7,moderate,False,False,False,-1.06,-2.9,3.05,HPG,47.81
191,200,9,-8.61,signal,2022-10-25,0.24084778420038538,0.2780522230063514,12.680892813343092,1.3948114470186102,2.0,3.0,-0.02872085357272211,1.0,5,2022-10-12,HPG,0.6,weak,False,False,True,-2.61,-20.75,-10.56,HPG,71.0
218,245,27,20.89,signal,2022-12-27,0.5643340857787811,0.1687062937062937,23.19947487239891,1.153991122895291,2.0,3.0,-0.031189450500690465,0.8833333333333333,5,2022-11-18,HPG,0.6,weak,False,False,True,22.75,-13.2,3.4,HPG,100.65
7,37,30,10.99,signal,2022-03-04,0.6764705882352946,0.04110612855007466,11.169049621530696,1.5229745400515136,1.0,2.0,-0.014220264162594618,0.65,5,2022-01-14,MBB,1.0,moderate,False,False,False,3.64,-0.22,3.02,MBB,16.07
116,138,22,3.41,signal,2022-07-28,0.4526315789473685,0.13991031390134534,14.774414055066288,0.8850244160473473,2.0,3.0,0.015282579504305054,0.9333333333333333,4,2022-06-28,MBB,0.6,weak,False,False,True,10.07,-11.65,-2.92,MBB,70.51
149,164,15,-1.84,signal,2022-09-09,0.9714285714285708,0.003192338387869188,7.250000000000071,1.1058330213761438,1.0,2.0,-0.008875180392599085,0.43333333333333335,3,2022-08-17,MBB,0.5,strong,False,True,False,2.04,0.0,5.9,MBB,102.86
189,198,9,-1.66,signal,2022-10-27,0.30448717948717974,0.225103734439834,17.290747421643488,1.3105382378781307,2.0,3.0,0.0947873940361032,0.95,5,2022-10-14,MBB,0.6,weak,False,False,True,5.01,-16.61,-7.12,MBB,65.42
199,208,9,-10.46,signal,2022-11-10,0.49377593360995903,0.12761506276150614,19.444444444444457,1.1000046697393178,1.0,4.0,0.007832077112922614,0.6333333333333333,5,2022-10-28,MBB,0.6,weak,False,False,True,9.63,-8.08,1.81,MBB,68.75
213,239,26,9.88,signal,2022-12-27,0.47872340425531895,0.17294117647058832,-11.18010503552673,1.1951470283469574,0.0,1.0,0.1186406225502902,0.75,3,2022-11-17,MBB,0.6,weak,False,False,True,-0.7,-12.82,-5.42,MBB,79.96
2,11,9,-7.58,signal,2022-01-19,0.5267175572519085,0.04999999999999998,1.6178361965712682,0.7109762292077902,1.0,1.0,0.02728970507285918,0.18333333333333332,3,2022-01-06,REE,0.7,weak,False,False,False,0.0,0.0,0.0,REE,42.06
29,43,14,-0.26,signal,2022-03-11,0.8741610738255033,0.019465351674020245,13.976988984088095,1.55,4.0,3.0,-0.03604688453261943,1.0,3,2022-02-21,REE,0.5,strong,False,False,False,7.27,-0.16,6.74,REE,104.75
52,72,20,-2.81,signal,2022-04-22,1.0,0.0,23.248667775356445,1.3989285580489268,3.0,3.0,-0.0544020457070593,0.4,3,2022-03-24,REE,0.5,strong,False,False,False,11.02,0.0,8.43,REE,111.29
83,105,22,11.88,peak_protect_dist,2022-06-10,1.0,0.0,2.226724172744987,1.4000318316203741,3.0,2.0,-0.22969116935617473,0.9833333333333333,3,2022-05-11,REE,0.5,strong,False,False,False,11.57,0.0,13.83,REE,122.43
110,119,9,-12.92,signal,2022-06-30,0.9635722679200941,0.010117493472584815,-11.807103590148891,1.2339532696641966,4.0,4.0,-0.02481599960047505,0.7666666666666667,2,2022-06-17,REE,0.5,strong,False,False,False,9.88,0.0,9.7,REE,93.18
146,173,27,2.37,signal,2022-09-19,0.5996409335727115,0.04480610809724727,-8.234989481366974,1.2926910862766963,2.0,2.0,-0.02098518225618573,0.016666666666666666,4,2022-08-09,REE,0.7,weak,False,False,False,2.3,-1.95,1.95,REE,50.47
197,206,9,-4.68,signal,2022-11-03,0.6874074074074075,0.043149284253578724,15.507127480715013,0.9821412141942285,1.0,1.0,-0.06553990556455924,0.5333333333333333,3,2022-10-21,REE,0.7,weak,False,False,False,2.19,-2.71,2.77,REE,45.48
2,11,9,-12.88,signal,2022-01-19,0.5994897959183675,0.050191815856777504,20.446829244070948,0.9567529670019878,1.0,3.0,-0.033327926806018426,0.4166666666666667,4,2022-01-06,SSI,0.7,weak,False,False,False,0.0,0.0,0.0,SSI,42.35
40,44,4,-8.08,hard_stop,2022-03-14,0.7534246575342459,0.025414754677020913,11.326663201663209,1.5219329917023834,3.0,2.0,0.03495320537214881,0.08333333333333333,4,2022-03-08,SSI,1.0,moderate,False,False,False,2.16,0.0,3.55,SSI,0.0
87,98,11,1.37,signal,2022-06-01,0.2741398446170922,0.37222538417757534,15.875655563996048,1.3358836128125353,1.0,1.0,0.10617523822132248,0.8833333333333333,4,2022-05-17,SSI,0.6,weak,False,False,True,4.46,-22.26,-7.71,SSI,69.52
151,161,10,-2.26,signal,2022-08-31,0.8567567567567564,0.03235653235653243,6.309906953589007,0.9113999780439519,1.0,3.0,-0.10503758529178582,0.65,3,2022-08-17,SSI,0.5,strong,False,False,False,0.0,-1.38,8.04,SSI,104.01
229,241,12,-4.91,signal,2022-12-23,0.7836812144212523,0.08878504672897201,-18.65844784807709,1.2638774163264919,1.0,1.0,-0.09894132778256669,1.0,2,2022-12-07,SSI,0.48999999999999994,strong,False,False,False,0.0,-7.49,13.84,SSI,111.02
2,11,9,-2.08,signal,2022-01-19,0.6648648648648646,0.026304624522698387,12.497122070267494,1.1594710382268345,1.0,2.0,-0.027276474850340446,0.2833333333333333,5,2022-01-06,TCB,0.7,weak,False,False,False,0.0,0.0,0.0,TCB,44.18
20,31,11,-5.77,signal,2022-02-24,0.8013029315960915,0.02409162717219587,5.123478671865776,1.1597100481788254,1.0,3.0,-0.01931187333148747,0.9333333333333333,4,2022-02-09,TCB,0.35,moderate,False,False,False,3.26,-0.35,6.18,TCB,186.19
122,137,15,-2.65,zombie_exit,2022-07-27,0.7854671280276825,0.03490990990990976,9.895265470644631,1.0502103265650145,1.0,3.0,-0.047040508785317535,0.4166666666666667,3,2022-07-06,TCB,1.0,weak,False,False,False,2.3,-0.95,4.74,TCB,0.56
142,164,22,1.33,signal,2022-09-06,0.801282051282052,0.01720310765815753,36.530825077213095,1.2973352645231089,5.0,3.0,-0.031685458229681225,0.25,3,2022-08-03,TCB,0.7,strong,False,False,False,4.22,-1.15,3.37,TCB,46.58
202,211,9,-6.76,signal,2022-11-10,0.34957983193277303,0.33564614050303565,25.46908539351709,0.9646942839224457,1.0,3.0,0.028995067517953582,0.8,4,2022-10-28,TCB,0.6,weak,False,False,True,6.56,-19.99,-3.82,TCB,72.66
4,13,9,-6.65,signal,2022-01-21,0.6639344262295076,0.04007820136852403,25.147913503324794,1.2714134323626647,2.0,3.0,-0.044429890374988124,0.48333333333333334,5,2022-01-10,VIC,0.7,moderate,False,False,False,0.0,-2.11,0.29,VIC,41.65
185,194,9,-2.5,signal,2022-10-19,0.5882352941176467,0.08166666666666676,10.199895251396647,1.4294632783206236,2.0,2.0,0.08105925671762454,1.0,5,2022-10-05,VIC,0.6,weak,False,False,True,4.35,-6.83,-1.93,VIC,67.43
224,234,10,-12.64,signal,2022-12-14,0.9707317073170727,0.008620689655172537,18.477688561274185,1.3595256465559586,4.0,3.0,0.026058603805521635,1.0,3,2022-11-30,VIC,0.5,strong,False,False,False,16.58,0.0,16.54,VIC,102.68
2,11,9,-17.87,signal,2022-01-19,0.5449591280653948,0.06282919488337102,10.201764480245465,0.8777815355516725,2.0,3.0,0.0003151598197303762,0.16666666666666666,4,2022-01-06,VND,0.7,weak,False,False,False,0.0,0.0,0.0,VND,41.45
30,50,20,1.62,signal,2022-04-20,0.8517179023508136,0.034081463009143824,14.855903633684875,0.9117483249604609,0.0,2.0,-0.015523054889578218,0.5166666666666667,3,2022-02-22,VND,0.5,moderate,False,False,False,4.56,-2.12,6.71,VND,107.26
78,87,9,-21.7,signal,2022-06-15,0.5258467023172905,0.1300097751710655,28.770777398361275,0.9648762091088567,0.0,2.0,0.115493856907068,0.4,4,2022-06-02,VND,0.7,weak,False,False,False,2.25,-12.56,1.96,VND,43.39
95,104,9,-0.26,signal,2022-07-08,0.3194748358862144,0.4105610561056106,18.346490111195976,1.4664005704795953,3.0,3.0,0.040645356824586226,1.0,5,2022-06-27,VND,0.6,weak,False,False,True,16.81,-27.13,-12.39,VND,71.29
128,139,11,-3.82,signal,2022-09-05,0.8714285714285717,0.029475982532751046,6.344086021505305,0.9855960559943823,0.0,2.0,0.007776122754058423,0.6333333333333333,3,2022-08-17,VND,0.5,strong,False,False,False,0.22,-1.13,10.36,VND,103.33
181,190,9,-18.17,signal,2022-11-15,0.2695473251028808,0.35642570281124486,17.31457059657577,1.1077992757997766,2.0,3.0,-0.035415718219508396,0.8166666666666667,5,2022-11-02,VND,0.6,weak,False,False,True,13.57,-20.95,-8.39,VND,65.56
212,221,9,-11.31,signal,2022-12-28,0.9280155642023344,0.028265851795263638,-0.5179036764615574,1.130113521488576,0.0,1.0,0.08902310526597534,0.9166666666666666,2,2022-12-15,VND,0.5,strong,False,False,False,3.89,0.0,19.04,VND,101.14
97,107,10,-7.81,signal,2022-06-14,0.7066848567530697,0.037646646821922584,14.628986649225318,1.0275740248631768,0.0,2.0,-0.038142658318006575,0.7666666666666667,4,2022-05-31,VNM,0.48999999999999994,weak,False,False,False,4.06,-1.79,2.7,VNM,104.52
119,147,28,3.18,signal,2022-08-09,0.747560975609756,0.03599374021909234,4.955690601786408,1.1475741608908592,0.0,2.0,-0.08090699397182091,0.6333333333333333,5,2022-06-30,VNM,0.7,moderate,False,False,False,2.13,-2.03,3.44,VNM,48.26
157,174,17,-0.8,signal,2022-09-19,0.9813084112149536,0.0012806146950535985,15.773295864315727,1.3786366986582554,4.0,3.0,0.2082311151346094,0.3333333333333333,3,2022-08-23,VNM,0.6,strong,False,True,False,5.58,0.0,4.09,VNM,69.54
203,216,13,-3.18,signal,2022-11-17,0.9909819639278554,0.0013912505796877942,14.650492923672445,0.8600819989252021,3.0,3.0,0.17290639045499728,1.0,2,2022-10-31,VNM,0.5,strong,False,False,False,6.08,0.0,6.18,VNM,105.13
222,234,12,-5.11,signal,2022-12-13,0.9440654843110491,0.006052553882492041,3.8654934003771118,0.8974889430901198,3.0,4.0,0.4342198991785869,0.35,2,2022-11-25,VNM,0.5,strong,False,False,False,6.74,-0.25,3.85,VNM,103.56
3,22,19,1.82,signal,2023-02-09,0.6108374384236454,0.1305785123966942,21.028037383177562,1.2241880254125392,4.0,3.0,-0.07791160132894677,0.16666666666666666,5,2023-01-06,AAS,0.7,weak,False,False,False,0.0,0.0,0.0,AAS,51.35
46,49,3,-7.8,stop_loss,2023-03-20,0.4687499999999993,0.0883882149046795,7.215550328092128,1.3767678881353012,2.0,1.0,-0.009006702301103994,0.4166666666666667,4,2023-03-15,AAS,1.0,weak,False,True,False,3.04,-7.23,0.84,AAS,0.0
63,80,17,-2.55,signal,2023-05-08,0.8597560975609754,0.03448275862068972,33.18953120506181,2.4414770806768047,3.0,4.0,-0.22370109781330638,0.8833333333333333,4,2023-04-07,AAS,0.5,strong,False,False,False,15.6,0.0,15.84,AAS,100.27
84,123,39,36.49,peak_protect_dist,2023-07-06,0.5782312925170069,0.08769448373408771,11.383319967923015,2.3561755615544118,3.0,2.0,-0.09177767654343866,0.2833333333333333,5,2023-05-12,AAS,0.5,strong,False,False,False,11.69,0.0,7.63,AAS,146.46
147,157,10,-8.55,signal,2023-08-23,0.47499999999999964,0.10324483775811216,17.943722943722946,1.2330090399061189,4.0,3.0,-0.011430784022626136,0.21666666666666667,5,2023-08-09,AAS,0.5,strong,False,False,False,8.31,-0.88,5.7,AAS,98.61
164,176,12,0.0,trailing_stop,2023-09-21,0.7770700636942678,0.034687809712586684,6.212491099582955,1.5462059843741653,3.0,3.0,-0.10459277092539154,0.36666666666666664,4,2023-09-05,AAS,0.6,strong,False,False,False,5.43,-1.66,4.06,AAS,79.62
206,237,31,12.3,signal,2023-12-15,0.4126984126984126,0.19786096256684496,7.397026081424968,0.8719471906442287,1.0,1.0,0.07847739697918985,0.7666666666666667,3,2023-11-02,AAS,0.6,weak,False,False,True,6.25,-14.02,-5.02,AAS,87.94
17,26,9,-12.24,signal,2023-02-15,0.5384615384615387,0.12244897959183665,1.8421052631579187,2.194219747452991,2.0,2.0,0.5734497325212748,0.11666666666666667,5,2023-02-02,AAV,0.5,moderate,False,False,False,2.08,-7.55,5.38,AAV,102.19
29,38,9,-13.33,signal,2023-03-03,0.2857142857142859,0.2222222222222222,-2.5691699604743334,0.8329937252367424,0.0,2.0,-0.21968954780480654,0.31666666666666665,3,2023-02-20,AAV,0.6,weak,False,False,True,7.14,-15.09,-2.91,AAV,66.77
79,104,25,28.89,peak_protect_ema,2023-06-19,0.5714285714285718,0.06666666666666662,11.688311688311721,1.6630561893428086,4.0,3.0,0.13046849402070756,0.225,5,2023-05-11,AAV,0.7,moderate,False,False,False,4.65,-2.17,3.57,AAV,89.09
108,117,9,-11.11,signal,2023-07-06,0.6111111111111109,0.11111111111111115,3.030303030303024,0.7849912793233909,0.0,2.0,-0.02237356018226521,0.55,4,2023-06-23,AAV,0.5,strong,False,False,False,1.61,-8.7,5.35,AAV,95.38
125,150,25,-4.92,signal,2023-08-22,0.7272727272727267,0.049180327868852576,6.926406926406926,1.2147921474012098,1.0,2.0,0.34956069837230463,0.425,5,2023-07-18,AAV,0.7,moderate,False,False,False,0.0,-3.17,3.04,AAV,60.74
8,23,15,0.21,signal,2023-02-10,0.7840909090909096,0.026836158192090325,12.83023980490448,1.3080146687405556,2.0,2.0,-0.0831552747332902,0.2833333333333333,4,2023-01-13,ACB,0.7,moderate,False,False,False,4.35,-1.39,3.14,ACB,51.95
58,73,15,-3.0,signal,2023-04-21,0.723404255319149,0.017735334242837637,4.868421052631604,1.619391724341644,4.0,3.0,-0.03201659414420234,0.03333333333333333,4,2023-03-31,ACB,0.5,moderate,False,False,False,1.88,-1.35,1.98,ACB,101.31
92,108,16,2.22,trailing_stop,2023-06-14,0.8453608247422678,0.010094212651413213,2.183141297756336,1.6332565366754956,3.0,2.0,0.013485920981293462,0.5,3,2023-05-23,ACB,1.0,strong,False,False,False,1.36,0.0,2.53,ACB,3.16
119,154,35,0.0,signal,2023-08-18,0.4772727272727268,0.029928432010409945,16.025002264697918,1.0382198848486628,1.0,2.0,0.018590781182759076,0.06666666666666667,4,2023-06-29,ACB,0.7,strong,False,False,False,1.18,-1.79,0.53,ACB,53.7
166,176,10,-2.18,signal,2023-09-21,0.6500000000000008,0.03049159925326686,22.727272727272677,0.8427707723959209,2.0,3.0,-0.019984355189767405,0.6166666666666667,4,2023-09-07,ACB,0.7,strong,False,False,False,3.81,-1.29,1.75,ACB,42.31
215,224,9,-5.82,signal,2023-11-28,0.9050279329608948,0.010416666666666553,13.534639416494471,1.7847541184018174,2.0,2.0,-0.023420681280464935,0.85,3,2023-11-15,ACB,0.5,strong,False,False,False,2.0,0.0,5.44,ACB,100.33
238,247,9,4.81,end,2023-12-29,0.9506172839506183,0.0024999999999999467,29.73272707108797,1.0690838624452765,3.0,2.0,0.005748633283510069,0.05,2,2023-12-18,ACB,0.5,strong,False,False,False,1.78,0.0,2.22,ACB,
2,16,14,5.01,trailing_stop,2023-02-01,0.6647887323943659,0.04025710419485796,-13.937150998084107,1.058201602957967,1.0,2.0,-0.056060190604534106,0.18333333333333332,3,2023-01-05,BID,0.7,weak,False,False,False,0.0,0.0,0.0,BID,55.54
17,31,14,4.28,trailing_stop,2023-02-22,0.5689655172413797,0.07987220447284334,-19.84912612657469,1.0461152702921253,0.0,0.0,-0.012929682759908866,0.6833333333333333,2,2023-02-02,BID,1.0,moderate,True,False,False,-6.09,-6.09,0.62,BID,9.36
32,43,11,3.51,trailing_stop,2023-03-10,0.6587926509186343,0.03934624697336575,6.043791562426492,0.8397405075313724,1.0,2.0,-0.027825117307600875,0.2,4,2023-02-23,BID,1.0,strong,True,False,False,1.23,-3.48,2.34,BID,5.36
44,54,10,-0.54,signal,2023-03-27,0.6381766381766375,0.037865235539654235,-11.012658227848107,1.1594758524728024,0.0,2.0,-0.0458353195125044,0.4666666666666667,4,2023-03-13,BID,0.7,strong,True,False,False,0.96,-3.65,1.1,BID,44.14
103,112,9,-1.93,signal,2023-06-20,0.36702127659574557,0.036990985390114944,12.70917641911845,1.317195614537125,3.0,3.0,-0.016334789141360134,0.06666666666666667,5,2023-06-07,BID,0.7,moderate,False,False,False,0.81,-1.44,0.03,BID,42.93
127,152,25,0.98,signal,2023-08-15,0.7987012987012974,0.01836492890995274,16.147308781869654,1.4754117131143472,3.0,3.0,-0.04382936286469045,1.0,3,2023-07-11,BID,0.5,strong,False,False,False,5.8,-0.85,5.03,BID,105.6
218,248,30,14.01,end,2023-12-29,0.7212276214833754,0.035036965605914606,0.873545141566737,1.3298982956879077,2.0,3.0,-0.0321065003516933,0.6333333333333333,5,2023-11-17,BID,0.7,moderate,False,False,False,1.63,-2.84,2.53,BID,
13,22,9,-6.43,signal,2023-02-09,0.6328571428571428,0.04917719096823575,6.197295138374109,1.0596394966075777,1.0,2.0,-0.02245420816756089,0.016666666666666666,4,2023-01-27,DGC,0.7,moderate,False,False,False,3.69,-3.13,1.21,DGC,45.13
43,52,9,-3.8,signal,2023-03-23,0.5880398671096353,0.05323030693281813,-2.2164383561643675,1.0431448809458526,2.0,2.0,0.07871685551519954,0.21666666666666667,3,2023-03-10,DGC,1.0,weak,False,True,False,4.56,-3.84,1.4,DGC,0.0
68,77,9,-4.98,signal,2023-04-27,0.7144827586206897,0.04221904956149297,9.37098263080697,1.5460124397965145,2.0,3.0,0.06142239422303422,0.5833333333333334,5,2023-04-14,DGC,0.5,strong,False,False,False,5.24,-0.55,5.89,DGC,99.59
100,154,54,25.22,peak_protect_dist,2023-08-18,1.0,0.0,36.01789002893976,1.9365679263880675,4.0,4.0,0.1955085364106936,0.9666666666666667,3,2023-06-02,DGC,0.5,strong,False,False,False,11.94,0.0,8.67,DGC,133.82
159,195,36,14.16,peak_protect_dist,2023-10-18,0.984667802385008,0.002498265093685036,18.596537386466686,1.0946983694764876,4.0,3.0,-0.0020263048636454256,0.2833333333333333,2,2023-08-25,DGC,0.5,strong,False,False,False,13.2,0.0,7.91,DGC,123.93
226,238,12,-0.74,signal,2023-12-18,0.7404902789518167,0.03598218471636202,-13.761763270049727,0.8252253726506167,1.0,2.0,0.04846549766966251,0.23333333333333334,3,2023-11-30,DGC,0.7,strong,False,False,False,1.72,-1.77,1.47,DGC,46.62
246,247,1,0.43,end,2023-12-29,0.7009493670886079,0.02155811566100149,1.4627015486585009,0.9315541727629036,2.0,3.0,-0.020809371877703764,0.1,4,2023-12-28,DGC,0.7,strong,False,False,False,3.29,-0.92,1.18,DGC,
93,174,81,31.98,signal,2023-09-27,0.8898678414096917,0.009562057754828839,7.193453471898977,1.3498380540543802,4.0,3.0,-0.025509262140164166,0.95,3,2023-05-31,FPT,0.7,strong,False,False,False,3.44,0.0,4.2,FPT,76.98
211,240,29,5.6,end,2023-12-29,0.7499999999999987,0.030780780780780954,13.170336890262831,0.9325578280181327,0.0,2.0,-0.06419608097772525,0.48333333333333334,4,2023-11-17,FPT,0.7,moderate,False,False,False,-0.54,-2.15,1.63,FPT,
3,23,20,5.65,signal,2023-02-10,0.5555555555555551,0.09523809523809539,1.271386357428419,0.7401815033921868,2.0,3.0,-0.06041072768163848,0.11666666666666667,4,2023-01-06,HPG,0.7,weak,False,False,False,0.0,0.0,0.0,HPG,56.64
30,39,9,-5.56,signal,2023-03-06,0.6428571428571426,0.04889975550122254,12.409262112651973,0.7610680338027084,2.0,3.0,-0.02990362946990098,0.016666666666666666,4,2023-02-21,HPG,0.7,strong,False,False,False,4.8,-2.27,2.36,HPG,42.5
44,53,9,-3.32,signal,2023-03-24,0.5185185185185186,0.05694618272841052,-3.4260582466860328,1.091600486970598,1.0,2.0,0.022345224303649103,0.016666666666666666,3,2023-03-13,HPG,1.0,strong,False,False,False,3.43,-3.68,0.7,HPG,1.0
62,92,30,0.5,signal,2023-05-24,0.6580645161290317,0.03300124533001253,29.293413173652674,1.0513524893541804,1.0,2.0,0.09603800670617824,0.13333333333333333,4,2023-04-07,HPG,0.7,moderate,False,False,False,1.9,-1.41,2.05,HPG,48.37
102,139,37,18.81,peak_protect_dist,2023-08-03,0.8986486486486497,0.00876168224299057,19.80705685745768,1.2219952898791042,3.0,3.0,0.07203329700095404,0.31666666666666665,3,2023-06-07,HPG,0.6,strong,False,True,False,6.6,0.0,4.16,HPG,87.41
164,176,12,-5.33,signal,2023-09-27,0.6896551724137934,0.0466760961810466,12.982533780371092,1.2812519339078319,1.0,2.0,0.03078794670084474,0.6333333333333333,5,2023-09-11,HPG,0.7,moderate,False,False,False,1.43,-3.46,2.29,HPG,45.61
224,238,14,-1.63,signal,2023-12-22,0.8707865168539322,0.011041766682669249,0.3006269654476412,0.9296633352433674,3.0,2.0,0.08575088556724264,0.016666666666666666,2,2023-12-04,HPG,0.5,strong,False,False,False,4.57,0.0,2.8,HPG,101.79
242,243,1,0.0,end,2023-12-29,0.8308823529411787,0.010864430798299332,-0.5649717514124148,0.9083060337526624,3.0,3.0,-0.013352151141697407,0.016666666666666666,1,2023-12-28,HPG,0.5,strong,False,False,False,2.72,0.0,2.11,HPG,
4,20,16,1.01,signal,2023-02-09,0.6029411764705886,0.054600606673407395,4.875870184741487,0.848976439814203,2.0,3.0,-0.021930926174691633,0.05,4,2023-01-09,MBB,0.7,moderate,False,False,False,0.0,0.0,0.69,MBB,49.97
97,153,56,8.62,signal,2023-08-21,0.9130434782608695,0.007497656982193072,10.231292517006786,1.4747826603349938,3.0,2.0,-0.03736116240958777,0.55,3,2023-06-02,MBB,0.5,strong,False,False,False,6.81,0.0,5.55,MBB,115.57
162,176,14,-4.74,signal,2023-09-26,0.8018018018018027,0.017988552739165893,33.69690011481059,1.0709186654720904,3.0,4.0,-0.021487427039599508,0.6666666666666666,2,2023-09-05,MBB,0.5,strong,False,True,False,5.8,-1.05,2.82,MBB,101.17
62,71,9,-2.44,signal,2023-04-19,0.6816976127320963,0.027567195037904793,16.546926263860016,1.3629899067964266,4.0,3.0,-0.02489462856311652,0.21666666666666667,5,2023-04-06,REE,0.7,moderate,False,False,False,2.96,-1.16,1.87,REE,43.93
97,144,47,6.04,signal,2023-08-03,0.7170731707317077,0.0262384076000904,-9.321534206123587,1.0937972329796002,0.0,1.0,-0.03566947609275187,0.95,2,2023-05-30,REE,0.48999999999999994,strong,False,False,False,-2.23,-2.23,3.36,REE,115.23
218,237,19,-1.55,signal,2023-12-14,0.7229080932784632,0.048210023866348525,18.48490722303481,0.7575934644437361,0.0,1.0,-0.08070569599067288,0.7666666666666667,3,2023-11-17,REE,0.7,weak,False,False,False,1.04,-2.67,2.92,REE,45.17
8,21,13,1.56,signal,2023-02-08,0.4537037037037039,0.1381733021077283,18.717585046254143,0.7207367936765665,1.0,2.0,-0.049660062006685796,0.03333333333333333,4,2023-01-13,SSI,0.7,moderate,False,False,False,1.59,-0.54,0.57,SSI,55.27
30,39,9,-8.28,signal,2023-03-06,0.6194331983805671,0.06891495601173017,15.436200319921298,0.8906295188050989,3.0,4.0,-0.05885764812284155,0.23333333333333334,4,2023-02-21,SSI,0.6,strong,False,False,False,8.17,-5.34,2.51,SSI,63.14
44,51,7,0.99,trailing_stop,2023-03-22,0.5347593582887697,0.0663615560640733,-5.908101485649041,1.242504475694771,3.0,2.0,-0.05346563601530255,0.1,4,2023-03-13,SSI,1.0,moderate,False,False,False,4.8,-5.27,1.84,SSI,3.59
52,71,19,4.64,signal,2023-04-19,0.8802395209580842,0.014727540500736325,6.396396396396391,1.1369557097086598,2.0,1.0,-0.031851791112782475,0.25,2,2023-03-23,SSI,0.5,moderate,True,False,False,1.04,0.0,4.84,SSI,111.03
82,130,48,30.77,peak_protect_dist,2023-07-20,0.6227544910179635,0.042424242424242475,26.71586059743956,0.9200603062230297,3.0,4.0,-0.0012201668206267627,0.05,4,2023-05-09,SSI,0.6,strong,False,False,False,5.24,-1.53,2.56,SSI,94.99
135,146,11,-4.41,signal,2023-08-11,0.9397993311036791,0.008814887365328095,7.6152623211445984,0.8230707874024311,3.0,3.0,-0.01574195884047252,0.7166666666666667,2,2023-07-27,SSI,0.5,strong,False,False,False,5.15,0.0,5.94,SSI,101.18
154,176,22,1.66,signal,2023-09-26,0.7851239669421476,0.024667931688804705,14.179153009728914,1.8788094620374194,2.0,2.0,0.01924318799512277,0.2833333333333333,4,2023-08-23,SSI,0.6,strong,False,False,False,5.35,-0.99,4.3,SSI,86.18
189,191,2,-6.27,stop_loss,2023-10-17,0.5313725490196078,0.10270734851740441,22.583707224464426,0.7520136468472338,0.0,2.0,-0.06315330508341004,0.6333333333333333,4,2023-10-13,SSI,1.0,strong,False,False,False,1.84,-7.95,1.72,SSI,0.0
227,236,9,-4.29,signal,2023-12-19,0.8939393939393947,0.012017167381974145,1.994936609490928,1.036279039144441,3.0,3.0,0.023389417557395584,0.03333333333333333,2,2023-12-06,SSI,0.5,strong,False,False,False,6.34,0.0,5.13,SSI,97.92
9,16,7,0.38,trailing_stop,2023-02-01,0.5120967741935482,0.09118311981914098,38.89170234642368,0.6233519758365539,1.0,2.0,-0.06777491830588546,0.016666666666666666,4,2023-01-16,TCB,1.0,moderate,False,False,False,1.22,0.0,1.51,TCB,4.67
63,75,12,-1.86,signal,2023-04-25,0.8495145631067966,0.022206303724928274,23.673622342313962,1.6752166592255555,3.0,4.0,-0.05790378192757767,1.0,4,2023-04-07,TCB,0.35,moderate,False,False,False,4.26,-0.14,7.33,TCB,189.84
91,122,31,4.93,signal,2023-07-04,0.9509803921568621,0.003469812630118023,-3.055095450818939,1.3416144939289323,3.0,1.0,-0.014673864941328423,0.1,1,2023-05-22,TCB,0.5,strong,False,False,False,2.05,0.0,3.71,TCB,109.3
137,154,17,3.54,trailing_stop,2023-08-17,0.8861788617886175,0.008843967150979189,34.6490039300719,1.3584319509113636,3.0,3.0,-0.019359624842193626,0.35,3,2023-07-25,TCB,1.0,strong,False,True,False,3.74,0.0,4.15,TCB,5.37
167,177,10,-4.09,signal,2023-09-21,0.9054726368159214,0.011249259917110581,4.131492796844782,0.9622199088814952,3.0,4.0,-0.02613662934935769,0.7,2,2023-09-07,TCB,0.5,strong,False,False,False,5.5,0.0,5.1,TCB,99.02
208,224,16,-5.46,signal,2023-11-27,0.670411985018727,0.06010928961748627,19.411375661375658,1.6219629737110683,2.0,3.0,-0.008879332459108063,0.9833333333333333,5,2023-11-03,TCB,0.6,weak,False,False,True,4.87,-4.94,0.69,TCB,69.38
91,108,17,0.0,signal,2023-06-20,0.3695652173913049,0.055769230769230745,3.9949270767279614,0.8464822373196058,0.0,2.0,0.015215985845510982,0.4666666666666667,4,2023-05-26,VIC,0.7,moderate,False,False,False,-0.95,-4.41,0.11,VIC,46.96
139,151,12,14.75,peak_protect_dist,2023-08-18,0.8383838383838382,0.027444253859348226,22.51170960187352,2.056663311488775,3.0,4.0,0.20831920854008995,1.0,4,2023-08-02,VIC,0.5,strong,False,False,False,14.31,-1.02,11.29,VIC,128.46
233,244,11,1.83,end,2023-12-29,0.6956521739130423,0.03196347031963483,17.77972027972026,0.956549935804255,3.0,3.0,-0.016807172044928348,0.016666666666666666,4,2023-12-14,VIC,0.7,moderate,False,False,False,2.34,-0.99,2.68,VIC,
8,19,11,1.71,signal,2023-02-06,0.4859813084112147,0.1344743276283619,23.72448979591838,0.7475296671762365,2.0,3.0,0.008978017631656954,0.016666666666666666,4,2023-01-13,VND,0.7,moderate,False,False,False,4.16,0.0,2.51,VND,55.18
49,69,20,3.81,signal,2023-04-17,0.4611650485436897,0.09390862944162431,15.303093068213201,1.214925777056332,2.0,2.0,-0.028150794510425816,0.016666666666666666,5,2023-03-20,VND,0.7,moderate,False,False,False,-1.01,-5.29,0.33,VND,55.61
84,93,9,3.51,trailing_stop,2023-05-24,0.7279411764705886,0.028883684621389478,21.210863172461558,0.9511129524634379,2.0,4.0,0.05541404816385201,0.016666666666666666,4,2023-05-11,VND,1.0,strong,False,False,False,3.72,-2.14,3.39,VND,5.78
94,124,30,13.87,peak_protect_dist,2023-07-06,0.6373056994818656,0.053639846743294965,-0.12626262626262985,1.8937521484249167,1.0,2.0,0.12350312586184384,0.7,4,2023-05-25,VND,0.7,strong,True,False,False,2.27,-3.69,2.94,VND,67.03
137,155,18,5.85,trailing_stop,2023-08-18,0.6177606177606176,0.06362467866323909,6.735167384819356,0.805679159615611,0.0,2.0,0.025381410768799503,0.35,4,2023-07-25,VND,0.7,strong,False,False,False,2.71,-3.59,2.1,VND,56.67
156,176,20,10.27,peak_protect_dist,2023-09-22,0.5135135135135133,0.08551068883610459,-16.597658145614496,1.073335336928749,1.0,1.0,0.021270335857379773,0.21666666666666667,2,2023-08-21,VND,0.63,strong,True,False,False,-4.43,-4.91,0.77,VND,79.23
214,240,26,4.92,signal,2023-12-22,0.8398058252427184,0.03909952606635072,12.555274060265148,1.0914541069449801,1.0,3.0,-0.06022518519398358,0.45,3,2023-11-15,VND,0.5,weak,False,False,False,4.84,0.0,7.76,VND,108.7
3,16,13,-3.26,signal,2023-02-01,0.7256097560975597,0.02016731401254868,19.19471347861173,0.7086578588047509,3.0,4.0,0.05556073957233382,0.05,4,2023-01-06,VNM,0.35,weak,False,False,False,0.0,0.0,0.0,VNM,187.91
128,175,47,9.08,signal,2023-09-25,1.0,0.0,11.578187637354446,1.0138423203906661,3.0,4.0,0.3609417010101549,1.0,2,2023-07-12,VNM,0.5,strong,False,False,False,5.31,0.0,5.64,VNM,107.98
6,15,9,-2.33,signal,2024-01-23,0.6666666666666656,0.023255813953488497,4.545454545454547,1.488688363947961,3.0,1.0,-0.012127214967114754,0.03333333333333333,4,2024-01-10,AAS,0.35,weak,False,False,False,0.0,-1.15,-0.33,AAS,185.99
37,62,25,-2.22,signal,2024-04-08,1.0,0.0,22.115384615384713,1.830285653179345,3.0,2.0,0.03540357201491373,0.6833333333333333,3,2024-03-01,AAS,0.5,strong,False,True,False,5.88,0.0,6.76,AAS,106.99
85,103,18,0.0,signal,2024-06-14,0.5454545454545453,0.058823529411764705,19.871794871794798,0.798732846225632,1.0,1.0,-0.01162812980896091,0.3,3,2024-05-15,AAS,0.7,weak,False,False,False,1.19,-5.56,1.98,AAS,47.65
148,161,13,-2.7,signal,2024-09-06,0.5000000000000006,0.10810810810810796,17.676767676767703,0.6164065439137382,0.0,1.0,-0.022780910825786815,0.85,3,2024-08-16,AAS,0.6,weak,False,False,True,5.71,-5.13,2.42,AAS,68.13
179,190,11,-5.26,signal,2024-10-17,0.7499999999999997,0.026315789473684237,13.333333333333307,1.227375960866527,2.0,2.0,-0.02036936158699188,0.38333333333333336,5,2024-10-02,AAS,0.7,moderate,False,False,False,2.7,-1.3,3.61,AAS,41.61
205,214,9,1.59,signal,2024-12-18,0.6428571428571427,0.07936507936507936,21.15384615384611,1.3825727813035156,2.0,1.0,0.02187461566777273,0.9333333333333333,4,2024-12-05,AAS,0.6,weak,False,False,True,1.61,-13.7,-6.87,AAS,69.93
76,94,18,1.61,peak_protect_dist,2024-06-03,0.8250000000000001,0.11290322580645164,7.738095238095255,1.7392739561192219,2.0,2.0,-0.06105246736098002,1.0,4,2024-05-08,AAV,0.5,strong,False,False,False,72.22,0.0,60.0,AAV,123.47
136,146,10,-5.0,signal,2024-08-15,0.4545454545454547,0.09999999999999994,-10.073260073260087,1.41367153436431,2.0,2.0,0.18768601506524996,0.2833333333333333,4,2024-08-01,AAV,0.7,moderate,False,False,False,0.0,-6.25,0.93,AAV,42.92
154,176,22,0.0,signal,2024-09-30,0.6153846153846156,0.078125,19.40789473684211,1.6024363313583847,1.0,2.0,0.5016254583558326,0.6833333333333333,5,2024-08-27,AAV,0.5,moderate,False,False,False,4.92,-4.48,6.4,AAV,108.01
214,235,21,7.35,end,2024-12-31,1.0,0.0,4.812834224598923,0.9639620716557643,4.0,3.0,0.17627825437113853,0.2833333333333333,2,2024-11-25,AAV,0.5,strong,False,False,False,11.48,0.0,10.75,AAV,
8,44,36,5.69,signal,2024-03-12,0.7469879518072293,0.035472972972972916,-17.42295998027771,1.4241676849497462,2.0,3.0,0.0005717965015954452,0.9166666666666666,4,2024-01-15,ACB,0.48999999999999994,moderate,False,False,False,-0.17,-1.93,0.45,ACB,114.78
52,64,12,-3.04,signal,2024-04-09,0.6606060606060611,0.028340080971659853,6.114866999431342,1.2247132092306445,3.0,4.0,-0.017651683200630246,0.26666666666666666,5,2024-03-22,ACB,0.7,strong,False,False,False,2.97,0.0,2.4,ACB,44.15
87,100,13,3.23,trailing_stop,2024-06-04,0.927007299270072,0.005042864346949139,20.115369748148964,1.2210408068711043,3.0,3.0,0.0011034436462751401,0.4,3,2024-05-16,ACB,1.0,strong,False,False,False,2.37,0.0,3.59,ACB,4.94
101,116,15,-0.98,signal,2024-06-26,0.5595854922279785,0.04178957718780735,-15.087165087165125,1.0521702263433164,0.0,1.0,0.0036614658560444532,0.9,2,2024-06-05,ACB,0.48999999999999994,strong,True,False,False,-0.93,-2.26,1.36,ACB,106.12
171,194,23,-2.52,signal,2024-10-24,0.9084507042253527,0.006066262249183342,16.147859922178952,1.7556104728957818,4.0,3.0,-0.01386514775324605,0.3333333333333333,3,2024-09-20,ACB,0.5,strong,False,False,False,5.1,0.0,5.09,ACB,100.97
2,43,41,17.04,signal,2024-03-08,0.7310513447432762,0.030829596412556094,-2.126265634306165,1.2565864441303418,2.0,3.0,-0.05888866492990594,0.31666666666666665,4,2024-01-04,BID,0.7,weak,False,False,False,0.0,0.0,0.0,BID,66.94
132,147,15,-3.34,signal,2024-08-07,0.7137870855148339,0.041804741269436674,15.916849416001412,1.1827678644046469,1.0,3.0,0.007878902881942651,0.85,5,2024-07-17,BID,0.7,moderate,False,False,False,2.35,0.0,4.33,BID,43.97
157,171,14,-4.45,signal,2024-09-12,0.9662447257383958,0.003868471953578426,13.417837604029174,1.4489969396666393,3.0,4.0,-0.04959615452971983,0.6166666666666667,3,2024-08-21,BID,0.5,strong,False,False,False,7.57,0.0,7.38,BID,99.93
180,198,18,-0.71,zombie_exit,2024-10-21,0.8070866141732275,0.011989234157083485,17.77147339675713,1.232589313013368,3.0,2.0,-0.019130708617254036,0.016666666666666666,3,2024-09-25,BID,1.0,strong,False,True,False,1.95,0.0,2.21,BID,0.59
247,249,2,-4.08,end,2024-12-31,0.7398373983739835,0.016528925619834725,9.625358140209606,1.4715713634797065,4.0,3.0,0.009491360167851525,0.23333333333333334,4,2024-12-27,BID,0.35,moderate,False,False,False,2.0,0.0,1.82,BID,
32,62,30,4.84,signal,2024-04-09,1.0,0.0,5.874680319269842,1.6817667351468408,3.0,3.0,-0.022564517629408865,1.0,3,2024-02-27,DGC,0.5,strong,False,False,False,13.07,0.0,17.55,DGC,114.8
80,100,20,-3.13,signal,2024-06-06,0.7414024117909784,0.04974226804123704,18.59124752587003,1.3504440930766055,2.0,3.0,-0.026806571326808373,0.55,5,2024-05-09,DGC,0.5,moderate,False,False,False,3.83,0.0,6.78,DGC,102.41
108,117,9,-6.15,signal,2024-07-01,0.8659003831417621,0.011546391752577366,22.768282039882124,1.190812563705616,3.0,2.0,-0.004488428565257399,0.26666666666666666,3,2024-06-18,DGC,0.6,strong,False,True,False,6.56,0.0,4.43,DGC,68.16
163,186,23,0.18,signal,2024-10-08,0.7566980448950037,0.03168316831683168,7.572763381286762,1.2481651026258394,3.0,4.0,0.029327822883650143,0.5,4,2024-09-05,DGC,0.7,moderate,False,False,False,3.74,-1.3,3.13,DGC,44.94
242,246,4,-2.02,end,2024-12-31,0.9835661462612992,0.001754232084904733,5.540947790259793,1.2423181385089357,4.0,3.0,0.003784678904263629,0.8333333333333334,3,2024-12-25,DGC,0.7,strong,False,False,False,2.41,0.0,4.24,DGC,
25,64,39,8.16,signal,2024-04-08,0.9184441656210783,0.008531303320645828,26.2697984243611,1.743351439375707,4.0,4.0,-0.03797090518662384,0.85,3,2024-02-06,FPT,0.5,strong,False,False,False,8.91,0.0,7.45,FPT,112.48
76,116,40,22.19,peak_protect_dist,2024-06-25,0.7482117310443485,0.03904170363797704,34.3011943011943,1.80987050418668,2.0,3.0,-0.02785140185472084,0.6,5,2024-04-25,FPT,0.5,strong,False,False,False,10.19,0.0,7.53,FPT,126.72
125,134,9,-9.74,signal,2024-07-19,0.9934114202049777,0.0007607776838546358,14.182165659717029,0.897440524799084,3.0,4.0,-0.03093540180794816,0.36666666666666664,2,2024-07-08,FPT,0.5,strong,False,False,False,8.55,0.0,5.91,FPT,98.64
176,201,25,-0.66,signal,2024-10-24,0.9028571428571419,0.004451427075150608,8.923838495970465,0.9836082539928528,4.0,3.0,0.018031002167448407,0.06666666666666667,2,2024-09-19,FPT,0.5,strong,False,False,False,2.19,0.0,1.92,FPT,104.97
227,247,20,5.17,end,2024-12-31,0.9500580720092916,0.006950618281742499,14.09729626288307,1.508273935725455,4.0,4.0,-0.009654128437007081,1.0,3,2024-12-03,FPT,0.5,strong,False,False,False,9.04,0.0,7.59,FPT,
26,51,25,6.56,signal,2024-03-20,0.6942148760330572,0.017346460384435117,8.46824408468234,0.7063155954207816,3.0,3.0,0.04078635044225801,0.15,3,2024-02-07,HPG,1.0,strong,False,False,False,1.47,-0.7,0.94,HPG,10.64
90,116,26,-1.32,signal,2024-06-25,0.9663865546218484,0.004950495049504992,14.735640462875551,1.433974421050142,4.0,3.0,0.04623571258516651,1.0,3,2024-05-20,HPG,0.5,strong,False,False,False,5.94,0.0,8.1,HPG,102.0
185,202,17,0.55,signal,2024-10-25,0.6914893617021284,0.02645985401459846,1.5480895915679156,1.3408097751089405,1.0,2.0,0.12704215152123535,0.7,5,2024-10-02,HPG,0.7,moderate,False,False,False,0.41,-1.66,2.75,HPG,47.47
213,222,9,-5.76,signal,2024-11-22,1.0,0.0,35.6122448979591,1.3256660132497746,4.0,3.0,0.020793933159202374,0.25,3,2024-11-11,HPG,0.6,strong,False,True,False,5.29,0.0,3.18,HPG,66.07
17,41,24,6.19,signal,2024-03-12,0.7649769585253458,0.03671706263498918,-9.653128254425994,0.7208798793516984,0.0,2.0,0.0017173289286645209,0.7,2,2024-01-31,MBB,0.63,strong,False,False,False,-0.71,-1.84,2.33,MBB,71.73
55,65,10,-6.04,signal,2024-04-15,0.7571428571428572,0.032075471698113193,15.0670245093863,0.6149984083785592,1.0,2.0,-0.025824950813118863,0.48333333333333334,3,2024-04-01,MBB,0.7,strong,False,False,False,0.82,-2.33,2.51,MBB,42.54
128,142,14,-4.5,signal,2024-08-06,0.7806122448979586,0.026891807379612352,26.644169288541555,1.700556149484785,2.0,3.0,-0.018262773250880764,0.6666666666666666,4,2024-07-17,MBB,0.5,strong,False,False,False,5.13,0.0,6.76,MBB,103.83
152,166,14,-1.45,signal,2024-09-11,0.6934306569343065,0.026531901452937455,2.153787662769716,0.7628032963127565,1.0,3.0,-0.02994395024995582,0.4666666666666667,4,2024-08-20,MBB,1.0,strong,False,False,False,2.79,-1.0,2.14,MBB,2.46
173,195,22,-0.19,stop_loss,2024-10-24,0.7297297297297289,0.0185758513931889,8.725894456245598,1.0728591618540928,3.0,3.0,-0.01286976237245245,0.05,3,2024-09-20,MBB,1.0,strong,False,True,False,3.53,-0.43,1.88,MBB,0.84
223,237,14,0.45,signal,2024-12-23,0.4435483870967747,0.0441458733205374,9.113874216725165,0.6546039737547968,0.0,2.0,-0.031057943089610157,0.4,4,2024-12-03,MBB,0.7,weak,False,False,False,-0.64,-3.64,-0.33,MBB,45.42
242,243,1,1.17,end,2024-12-31,0.6734693877551025,0.01976528721432985,8.695255474452644,1.7223065263345916,3.0,3.0,-0.009675548404850097,0.3,4,2024-12-30,MBB,0.35,moderate,False,False,False,3.12,-0.98,2.15,MBB,
30,64,34,6.29,signal,2024-04-08,0.7925072046109497,0.016949152542373024,13.437800472960575,1.4896451721787547,3.0,4.0,-0.02644769168551724,0.8666666666666667,3,2024-02-20,REE,0.7,strong,False,False,False,4.63,-0.68,3.84,REE,52.22
79,143,64,18.5,signal,2024-08-01,1.0,0.0,37.73347701149422,1.6081112267498319,4.0,3.0,-0.04575385649268901,0.7833333333333333,3,2024-05-03,REE,0.5,strong,False,False,False,12.83,0.0,7.36,REE,127.72
157,167,10,-6.41,signal,2024-09-06,0.7309734513274343,0.02568869359472699,9.369701373120165,0.8494948944602739,1.0,3.0,-0.04136524638424573,0.45,4,2024-08-21,REE,0.7,strong,False,False,False,1.58,-1.97,1.89,REE,43.65
242,249,7,0.3,end,2024-12-31,0.7956989247311833,0.013298337707786493,8.268935043699955,0.8090739034279395,3.0,3.0,-0.0027654615752617717,0.016666666666666666,2,2024-12-20,REE,0.5,strong,False,False,False,1.82,-1.02,0.85,REE,
21,61,40,6.96,signal,2024-04-05,0.6886227544910178,0.021793797150041892,2.20237234196442,0.8301184166392466,1.0,2.0,0.02878500437073015,0.016666666666666666,4,2024-01-31,SSI,1.0,strong,False,False,False,1.19,0.0,1.6,SSI,13.46
152,169,17,-1.37,signal,2024-09-12,0.5687830687830687,0.07186948853615516,18.321705229379802,0.978022926507513,1.0,3.0,-0.03884528874590859,0.8166666666666667,4,2024-08-16,SSI,0.7,weak,False,True,False,4.47,-5.62,3.21,SSI,47.02
184,194,10,-1.44,signal,2024-10-23,0.6847457627118644,0.03835051546391752,-17.813226985709605,0.7980053428077667,0.0,1.0,-0.011585881009986688,0.6,2,2024-10-09,SSI,0.63,strong,False,False,False,-1.1,-1.82,3.46,SSI,60.1
17,35,18,18.69,peak_protect_dist,2024-03-08,0.5766871165644166,0.04227941176470596,-18.982552028589268,0.7400494734023794,1.0,2.0,-0.009437844769935776,0.23333333333333334,3,2024-01-31,TCB,0.7,strong,False,False,False,-1.98,-2.57,0.39,TCB,60.76
44,64,20,-1.31,signal,2024-04-19,1.0,0.0,5.450450450450504,1.1269986709513842,3.0,3.0,-0.05079491820945767,0.36666666666666664,3,2024-03-21,TCB,0.5,strong,False,False,False,8.9,0.0,8.12,TCB,106.58
71,87,16,-0.53,signal,2024-05-27,0.8910505836575872,0.012296881862099304,14.506965162623253,0.7499803965017378,3.0,2.0,-0.03716854199753508,0.16666666666666666,2,2024-05-03,TCB,0.5,strong,False,False,False,4.35,0.0,4.72,TCB,103.68
97,109,12,-1.85,signal,2024-06-26,0.7947368421052631,0.016372795969773323,11.20459644654666,1.129857009798844,3.0,2.0,-0.0013400295971772239,0.16666666666666666,3,2024-06-10,TCB,0.7,strong,False,False,False,3.7,-0.42,3.34,TCB,44.36
153,189,36,6.84,signal,2024-10-23,0.6940298507462686,0.037154508382419585,26.153241887727447,1.046681444262401,2.0,4.0,0.05299211965416961,0.8166666666666667,4,2024-08-27,TCB,0.7,moderate,False,False,False,3.66,-3.58,3.02,TCB,50.06
219,238,19,5.12,end,2024-12-31,0.6368421052631577,0.030210157618213718,22.651566886713688,0.794603654393797,1.0,2.0,0.006540717279455481,0.4666666666666667,4,2024-12-04,TCB,0.7,moderate,False,False,False,-0.22,-1.68,0.85,TCB,
36,45,9,0.0,signal,2024-03-13,0.42328042328042353,0.09688888888888887,-15.659622376318609,1.2190029613953604,1.0,2.0,0.04239203690241142,0.9333333333333333,4,2024-02-29,VIC,0.7,strong,False,False,False,-5.46,-5.46,2.43,VIC,44.25
49,69,20,-9.36,signal,2024-04-19,0.6681034482758623,0.03276595744680849,30.181623931623925,1.2284942912612569,2.0,2.0,0.03118260240910277,0.65,5,2024-03-19,VIC,0.6,strong,False,True,False,6.48,-1.26,3.43,VIC,69.4
85,94,9,-5.05,signal,2024-05-29,0.7999999999999994,0.03079555175363569,50.71833519273239,0.9888678358679451,0.0,2.0,0.03915998070581139,0.5666666666666667,3,2024-05-16,VIC,0.5,moderate,False,False,False,3.0,-0.51,5.0,VIC,100.36
227,236,9,-1.46,signal,2024-12-23,0.4575163398692826,0.04029126213592225,15.157004830917991,1.5604711356943188,3.0,3.0,-0.006380431562204428,0.23333333333333334,5,2024-12-10,VIC,0.7,moderate,False,False,False,1.98,-1.58,1.19,VIC,43.16
2,11,9,-1.53,signal,2024-01-17,0.625,0.029411764705882307,16.666666666666657,1.0829732206170855,1.0,2.0,-0.015576239122665788,0.016666666666666666,4,2024-01-04,VND,0.7,weak,False,False,False,0.0,0.0,0.0,VND,42.92
29,59,30,-0.21,signal,2024-04-01,0.7398843930635822,0.02380952380952396,9.638221485777215,1.6543658935353542,2.0,3.0,-0.03350877510142652,0.5666666666666667,5,2024-02-19,VND,0.7,strong,False,False,False,3.39,-1.1,3.72,VND,48.87
91,100,9,-3.62,signal,2024-06-03,0.7754491017964071,0.04246885617214043,-5.79881209094696,1.226781428151454,2.0,3.0,-0.02921341006332881,0.6166666666666667,3,2024-05-21,VND,0.7,weak,False,False,False,3.58,-2.05,3.38,VND,42.24
177,185,8,0.69,trailing_stop,2024-10-02,0.654135338345864,0.03163686382393403,26.730619652579655,1.1413656388661846,2.0,3.0,-0.018689992890530045,0.08333333333333333,5,2024-09-20,VND,1.0,weak,False,True,False,4.91,-1.22,1.85,VND,3.03
186,199,13,-1.05,signal,2024-10-22,0.43870967741935446,0.060627177700348506,0.8675134828271354,1.5812963319681814,1.0,2.0,0.05082500911561044,0.43333333333333335,5,2024-10-03,VND,0.7,strong,True,False,False,-1.64,-4.21,0.26,VND,45.58
25,45,20,3.56,signal,2024-03-12,0.44827586206896564,0.016262917160765725,11.71881692140137,1.2716794922784713,4.0,3.0,0.008083819986047656,0.016666666666666666,4,2024-02-06,VNM,0.35,moderate,False,False,False,1.04,-1.02,0.29,VNM,193.88
88,98,10,-2.4,signal,2024-05-31,0.7283950617283954,0.02227096338788595,1.2462889658585112,0.9286279720569255,1.0,3.0,0.06625757963303115,0.6,4,2024-05-17,VNM,0.35,moderate,False,False,False,0.77,-1.32,2.31,VNM,186.01
101,108,7,-3.35,stop_loss,2024-06-14,0.8202898550724647,0.010232711668592133,9.219534459151099,1.3460652285080312,4.0,3.0,0.08347186360378692,0.11666666666666667,3,2024-06-05,VNM,1.0,strong,False,True,False,3.31,0.0,3.09,VNM,0.0
139,171,32,2.51,signal,2024-09-17,0.942622950819673,0.005525734133249042,40.38424944929839,1.729667118174095,4.0,4.0,0.43413201733861895,0.9333333333333333,3,2024-07-31,VNM,0.5,strong,False,False,False,9.15,0.0,7.7,VNM,106.34
24,46,22,1.16,signal,2025-03-17,0.6363636363636359,0.046511627906976785,-3.3816425120773133,1.4555592728894837,1.0,2.0,-0.024292688530799363,0.3333333333333333,4,2025-02-13,AAS,0.7,moderate,False,False,False,1.18,-2.27,2.32,AAS,49.97
86,105,19,-3.26,signal,2025-06-16,0.8846153846153844,0.032608695652173995,10.57692307692301,2.4789560742510566,3.0,4.0,-0.10114542250084946,0.8166666666666667,4,2025-05-20,AAS,0.5,strong,False,False,False,19.48,0.0,19.87,AAS,102.47
122,158,36,97.83,peak_protect_dist,2025-09-03,0.8749999999999983,0.01086956521739146,5.4901960784313815,2.6169795725587437,3.0,1.0,-0.016537747142969447,0.1,2,2025-07-09,AAS,0.5,strong,False,False,False,2.22,0.0,3.49,AAS,212.27
29,38,9,-4.17,signal,2025-03-04,0.7142857142857141,0.0277777777777778,23.63636363636364,1.5859666102105008,4.0,3.0,0.1181204798678081,0.08333333333333333,5,2025-02-19,AAV,0.7,moderate,False,False,False,2.86,-1.37,2.71,AAV,41.53
67,94,27,31.67,peak_protect_dist,2025-05-27,0.31578947368421045,0.21666666666666665,8.771929824561411,2.118794881927317,2.0,0.0,0.24544221576074407,1.0,4,2025-04-15,AAV,0.6,weak,False,False,True,1.69,-15.49,-6.9,AAV,116.59
127,136,9,-2.94,signal,2025-07-24,0.6250000000000001,0.044117647058823505,17.619047619047656,1.132401713192509,1.0,2.0,0.08918535520513504,0.016666666666666666,5,2025-07-11,AAV,1.0,weak,False,True,False,4.62,-4.23,2.41,AAV,5.88
183,192,9,0.0,signal,2025-10-14,0.6666666666666676,0.03389830508474564,23.636363636363605,1.1131806789701526,1.0,0.0,0.009802059063408614,0.06666666666666667,4,2025-10-01,AAV,1.0,weak,False,True,False,3.51,-1.67,2.61,AAV,3.39
211,234,23,-1.52,signal,2025-12-12,0.9166666666666662,0.015151515151515233,23.5294117647059,1.7071511216260555,4.0,3.0,0.2143150694662942,0.9,3,2025-11-10,AAV,0.5,strong,False,False,False,10.0,0.0,9.54,AAV,107.68
17,55,38,3.58,signal,2025-03-27,0.4587155963302753,0.028135431568907958,10.561403508771853,0.9576016483313929,0.0,2.0,-0.009189264545598451,0.5,4,2025-02-03,ACB,1.0,moderate,False,False,False,0.38,-1.96,0.43,ACB,6.2
114,137,23,13.22,signal,2025-09-10,0.533333333333333,0.04477611940298511,10.625,1.056440312893161,1.0,2.0,0.05817221292328664,0.43333333333333335,4,2025-08-05,ACB,0.7,strong,False,False,False,3.08,0.0,4.97,ACB,66.87
21,39,18,0.37,zombie_exit,2025-03-05,0.8832684824902707,0.007490636704119957,3.8111852750808026,1.3144483631949433,4.0,4.0,0.010831874210218147,0.23333333333333334,3,2025-02-07,BID,1.0,strong,False,False,False,1.24,0.0,2.13,BID,1.87
64,74,10,1.38,signal,2025-05-27,0.7156626506024084,0.0333239197966678,20.88980336109607,1.196663980546134,2.0,3.0,0.010883776717523268,0.55,5,2025-05-13,BID,0.6,weak,False,False,True,-7.47,-11.39,-6.61,BID,71.37
104,118,14,-0.27,trailing_stop,2025-07-29,1.0,0.0,1.2598260140445632,1.4296774496513251,4.0,3.0,0.024403130581263144,0.36666666666666664,3,2025-07-08,BID,1.0,strong,False,False,False,2.46,0.0,3.96,BID,4.13
119,126,7,4.19,trailing_stop,2025-08-08,0.5346260387811634,0.04458598726114649,-27.296042855308443,1.2537816506255834,1.0,2.0,0.04409288796153442,0.5166666666666667,4,2025-07-30,BID,1.0,strong,True,False,False,-1.54,-3.31,0.24,BID,6.18
129,147,18,-1.59,signal,2025-09-10,0.8770833333333328,0.014425427872860719,4.8010217113665306,1.2710427364793146,3.0,2.0,-0.0108372578060809,1.0,3,2025-08-13,BID,0.5,strong,False,False,False,4.68,-0.34,6.11,BID,105.46
227,227,0,0.0,end,2025-12-31,0.6833333333333323,0.024421593830334265,11.04308390022679,1.3107696196022807,3.0,3.0,-0.00820128754806845,0.6666666666666666,5,2025-12-31,BID,0.7,strong,False,False,False,1.3,-1.27,2.25,BID,
37,46,9,-5.56,signal,2025-03-14,0.751964085297418,0.02035928143712582,31.587944699150462,1.3181251406846892,2.0,4.0,0.01938059540585066,0.38333333333333336,4,2025-03-03,DGC,0.5,moderate,False,False,False,3.47,0.0,3.31,DGC,99.01
101,133,32,0.4,signal,2025-08-18,0.9254215304798968,0.011653830563437287,8.242949030592143,1.185149479909794,3.0,3.0,0.0011113629187264468,0.65,3,2025-07-03,DGC,0.5,strong,False,False,False,6.51,0.0,6.79,DGC,105.01
197,209,12,-1.65,signal,2025-12-05,0.5076305220883528,0.0662344678552135,-1.3465446237833376,1.9277923090326212,1.0,1.0,-0.06163134210153813,0.6833333333333333,3,2025-11-19,DGC,0.7,moderate,False,False,False,3.32,-3.4,1.96,DGC,43.55
64,73,9,-0.41,signal,2025-05-27,0.95039539899353,0.006766696087084414,41.292469453151654,1.0288661132082257,3.0,4.0,0.04638460721419785,0.5,2,2025-05-13,FPT,0.6,weak,False,False,True,-2.06,-12.46,-2.61,FPT,65.74
103,121,18,-1.17,signal,2025-08-01,0.8931535269709543,0.009612692487167533,23.996205664823904,1.262575163629659,3.0,4.0,0.040126980890934985,0.3333333333333333,3,2025-07-08,FPT,0.5,strong,False,False,False,4.8,0.0,5.31,FPT,103.7
153,162,9,-9.32,signal,2025-10-01,0.5338567222767417,0.04659603688444183,-14.012062420250913,1.2470146422772193,3.0,3.0,0.10825370940198482,0.25,4,2025-09-18,FPT,0.7,weak,False,False,False,0.98,-2.37,0.85,FPT,42.92
33,51,18,-1.31,signal,2025-03-21,0.7261410788381752,0.028795811518324457,2.9616988183448427,1.3389106598306615,1.0,2.0,0.03599081206593038,0.7,5,2025-02-25,HPG,0.7,strong,False,False,False,3.62,-0.69,3.87,HPG,46.36
84,117,33,16.12,peak_protect_dist,2025-07-29,0.6399999999999982,0.024736601007787573,14.747695672550932,1.113345913980671,2.0,3.0,0.051208562059558815,0.23333333333333334,5,2025-06-10,HPG,0.35,moderate,False,False,False,0.74,-0.41,1.5,HPG,200.81
124,138,14,-6.14,signal,2025-08-27,0.9868421052631577,0.0017543859649123057,32.963102409638566,1.5466900030738764,4.0,4.0,0.29540614182745545,0.7166666666666667,3,2025-08-07,HPG,0.5,strong,False,False,False,14.23,0.0,9.7,HPG,100.16
145,158,13,-1.04,signal,2025-09-26,0.7058823529411765,0.04332755632582322,7.780832129711605,1.2891101572876333,1.0,2.0,0.05863495425120335,0.5166666666666667,5,2025-09-09,HPG,0.7,strong,False,False,False,4.91,-3.35,3.53,HPG,48.1
196,203,7,-3.8,stop_loss,2025-11-28,0.6875000000000002,0.02717391304347826,2.2384751773049985,1.0436127735965912,2.0,3.0,0.06117478852501418,0.13333333333333333,4,2025-11-19,HPG,1.0,moderate,False,False,False,2.22,0.0,3.38,HPG,0.0
21,47,26,5.04,trailing_stop,2025-03-18,0.8823529411764686,0.010538641686182862,3.543478260869591,1.2103823769398072,3.0,3.0,-0.03071489415562254,0.9166666666666666,3,2025-02-07,MBB,1.0,strong,False,False,False,1.61,0.0,4.23,MBB,7.67
48,60,12,-5.87,signal,2025-04-04,0.47590361445783075,0.04860335195530732,-18.552036199095177,1.0457826978395037,0.0,0.0,-0.01289040186702695,0.8833333333333333,2,2025-03-19,MBB,0.48999999999999994,strong,True,False,False,-3.03,-3.03,0.88,MBB,107.37
63,83,20,-1.25,signal,2025-06-10,1.0,0.0,17.668063226052276,0.8835030822183289,3.0,2.0,-0.005513638067029092,0.18333333333333332,2,2025-05-13,MBB,0.6,moderate,False,False,True,0.6,-0.38,3.43,MBB,69.01
87,94,7,2.02,trailing_stop,2025-06-25,0.7094017094017091,0.01804670912951167,21.190044617958776,1.10323039515255,4.0,4.0,0.009192195956778282,0.11666666666666667,4,2025-06-16,MBB,1.0,strong,False,False,False,3.52,0.0,2.05,MBB,3.18
95,118,23,3.65,trailing_stop,2025-07-29,0.7803468208092492,0.019547325102880608,15.748730964466972,1.3447048118376148,2.0,2.0,0.015056283573866097,0.5,3,2025-06-26,MBB,1.0,strong,True,False,False,3.18,0.0,3.94,MBB,11.01
119,154,35,31.75,peak_protect_dist,2025-10-17,0.5200000000000008,0.052503646086533705,-18.663723635344404,1.4408292928357886,1.0,1.0,0.023401502853436472,0.9333333333333333,3,2025-07-30,MBB,1.0,strong,True,False,False,0.0,-4.68,1.51,MBB,29.67
201,207,6,0.8,end,2025-12-31,0.7142857142857146,0.03585657370517922,-4.150197628458486,0.6664046926337182,2.0,3.0,-0.01178760605136781,0.5666666666666667,3,2025-12-23,MBB,0.7,strong,False,False,False,2.66,-2.33,2.77,MBB,
22,48,26,8.21,signal,2025-03-18,0.8397435897435896,0.008866820358219542,5.372858407540527,1.1741894487418858,3.0,3.0,-4.251071206877108e-05,0.23333333333333334,3,2025-02-10,REE,0.7,strong,False,False,False,2.3,-0.14,1.85,REE,56.61
81,102,21,-0.92,signal,2025-07-04,1.0,0.0,9.180202351654373,1.205806768782787,2.0,2.0,-0.07495609845083304,0.5,3,2025-06-05,REE,0.5,strong,False,True,False,8.27,0.0,9.18,REE,103.12
109,121,12,-2.62,signal,2025-07-31,0.5623678646934479,0.03066212412975845,19.10976273823409,1.0846771626027765,2.0,3.0,-0.009679801041044298,0.016666666666666666,4,2025-07-15,REE,0.7,strong,False,False,False,1.63,-0.57,1.61,REE,44.52
29,55,26,3.95,signal,2025-03-28,0.9158878504672898,0.003996447602131433,-2.0923003347680122,1.1306340489029834,3.0,3.0,0.012294896669974537,0.05,2,2025-02-19,SSI,0.5,strong,False,False,False,2.41,0.0,1.93,SSI,106.01
74,83,9,-1.47,signal,2025-06-10,0.5753424657534242,0.029453681710213824,7.684893784421746,1.1106437982249988,1.0,2.0,-0.00037704712166798833,0.13333333333333333,5,2025-05-28,SSI,0.7,weak,False,False,False,1.49,-10.43,-0.99,SSI,46.3
98,150,52,61.14,signal,2025-09-23,0.6666666666666661,0.02854511970534075,12.316715542521962,0.9759707954404956,0.0,2.0,0.04628811377546477,0.6,4,2025-07-01,SSI,0.7,moderate,False,False,False,0.6,-1.0,2.13,SSI,95.38
165,174,9,-15.13,signal,2025-10-27,0.6234234234234239,0.05595716198125827,3.566165080449757,1.2570985627888067,2.0,2.0,-0.03036343520987908,0.18333333333333332,5,2025-10-14,SSI,0.7,strong,False,False,False,0.51,-0.85,4.09,SSI,44.02
13,61,48,6.19,signal,2025-04-04,0.602339181286548,0.0288379983036473,-0.975819367944105,0.8561577163541634,0.0,2.0,0.0014554454481048203,0.5833333333333334,3,2025-01-21,TCB,0.7,moderate,False,False,False,2.57,-0.8,1.32,TCB,58.39
69,113,44,12.46,peak_protect_dist,2025-07-29,0.7996715927750412,0.04153898535921004,-4.184706183888778,1.2361769128303994,1.0,2.0,-0.04488982944509887,0.9666666666666667,3,2025-05-23,TCB,0.5,strong,False,False,False,2.37,-2.59,8.06,TCB,114.4
120,144,24,0.51,signal,2025-09-12,0.8875968992248052,0.015503875968992394,19.03105482303952,1.384001168542107,3.0,3.0,0.05059158869345859,0.5166666666666667,3,2025-08-07,TCB,0.5,strong,False,False,False,12.95,0.0,8.38,TCB,108.31
158,172,14,-2.19,signal,2025-10-22,0.7189189189189193,0.026769626769626746,15.658641353343647,0.6834887161658832,3.0,3.0,-0.00576395263861984,0.18333333333333332,4,2025-10-02,TCB,0.7,strong,False,False,False,2.51,0.0,2.92,TCB,49.23
203,212,9,-4.9,signal,2025-12-18,0.6862745098039224,0.02305475504322758,-7.74199677020993,1.193421592769633,1.0,2.0,-0.006760359575004555,0.26666666666666666,4,2025-12-05,TCB,0.35,weak,False,False,False,2.81,-1.98,1.28,TCB,184.55
39,80,41,102.41,signal,2025-06-13,0.9015151515151523,0.006155303030302983,22.705172269259847,1.5200564292976295,3.0,3.0,0.015068647537651546,1.0,3,2025-03-05,VIC,1.0,strong,False,False,False,3.02,0.0,3.72,VIC,35.47
95,110,15,24.16,peak_protect_ema,2025-07-25,0.6280487804878053,0.06637649619151245,4.093340234644572,0.5942275463662127,1.0,1.0,0.21859662978061628,0.016666666666666666,3,2025-07-04,VIC,0.7,strong,False,False,False,-3.77,-4.07,0.51,VIC,74.54
126,174,48,61.59,peak_protect_dist,2025-10-31,0.6454545454545456,0.06598984771573602,9.985029940119759,0.9486728494848715,1.0,2.0,0.43579764148635597,0.05,4,2025-08-18,VIC,0.7,strong,False,False,False,2.34,-0.25,3.18,VIC,111.48
186,211,25,54.18,end,2025-12-31,0.8395061728395061,0.029545454545454545,7.07567036361084,0.8511090928104371,3.0,3.0,0.04097249927632107,0.13333333333333333,3,2025-11-18,VIC,0.5,strong,False,False,False,9.45,-0.05,5.79,VIC,
30,60,30,10.47,peak_protect_ema,2025-04-03,0.9456521739130437,0.007698229407236308,15.602836879432601,1.3339514065594555,3.0,4.0,0.06309036255510922,0.8666666666666667,3,2025-02-20,VND,0.5,strong,False,False,False,5.95,0.0,7.1,VND,118.24
65,76,11,2.97,trailing_stop,2025-05-29,0.5271739130434786,0.058664868509777424,12.227961724108717,0.7104518888074352,1.0,2.0,0.03080805812325743,0.016666666666666666,4,2025-05-14,VND,1.0,strong,False,False,False,3.34,-3.76,1.73,VND,5.87
77,138,61,41.26,signal,2025-08-25,0.6080402010050255,0.05124835742444148,-2.0596764838563857,1.4562347486016216,2.0,2.0,0.02063772240476567,0.23333333333333334,4,2025-05-30,VND,0.7,strong,True,False,False,1.0,-3.06,3.26,VND,101.86
142,152,10,-8.54,signal,2025-09-16,1.0,0.0,13.815969373803696,1.0230066836028595,3.0,4.0,-0.0056562827888829645,0.48333333333333334,2,2025-08-29,VND,0.5,strong,False,False,False,17.37,0.0,10.08,VND,101.86
166,177,11,-10.43,signal,2025-10-21,0.5,0.07234042553191486,16.10896017699112,0.8394341424089866,1.0,2.0,-0.05343662956706254,0.08333333333333333,4,2025-10-06,VND,0.6,weak,False,False,True,6.09,-4.47,1.69,VND,68.25
224,228,4,-2.75,end,2025-12-31,0.8225806451612901,0.027500000000000035,0.5940594059405697,1.4217648801217702,3.0,3.0,-0.03381586525726102,0.7333333333333333,4,2025-12-25,VND,0.48999999999999994,moderate,False,False,False,3.36,-1.96,5.37,VND,
80,123,43,6.15,signal,2025-08-04,0.7269841269841271,0.015823367065317378,3.0350618781499534,1.1023945073875747,2.0,2.0,-0.03599911737555544,0.25,4,2025-06-04,VNM,0.5,moderate,False,True,False,3.07,0.0,2.9,VNM,111.9
153,162,9,-7.83,signal,2025-09-30,0.8571428571428574,0.016886458668382072,28.621016942805028,1.5384725516813833,4.0,4.0,0.1364007158314457,0.9166666666666666,3,2025-09-17,VNM,0.5,strong,False,False,False,8.86,0.0,6.57,VNM,97.85
172,181,9,-6.03,signal,2025-10-27,0.565878378378378,0.04236729310913288,22.222213594765968,1.1350845892066461,0.0,2.0,-0.021994516764892266,0.38333333333333336,5,2025-10-14,VNM,0.7,strong,False,False,False,3.43,-2.44,2.17,VNM,43.81
197,216,19,2.14,signal,2025-12-15,0.6578947368421058,0.042833607907742904,-1.0388437217705189,1.7284634426560594,2.0,3.0,0.12605649219047613,1.0,4,2025-11-18,VNM,0.48999999999999994,moderate,False,False,False,3.06,-3.34,3.86,VNM,111.33
