symbol,v1_trades,v1_wr,v1_avg_pnl,v1_total_pnl,v1_pf,v1_max_loss,v2_trades,v2_wr,v2_avg_pnl,v2_total_pnl,v2_pf,v2_max_loss,delta_pnl,delta_wr,delta_pf
SCI,23,47.83,11.404,262.3,4.632,-10.6,24,41.67,16.405,393.73,5.737,-10.6,131.43,-6.16,1.105
SDA,17,35.29,49.452,840.68,8.881,-17.46,18,33.33,52.217,939.91,9.19,-17.46,99.23,-1.96,0.309
PAC,21,33.33,-0.84,-17.65,0.749,-16.21,20,40.0,3.006,60.11,2.071,-16.21,77.76,6.67,1.322
VDS,25,60.0,10.097,252.42,7.292,-7.88,22,77.27,13.986,307.69,16.331,-7.88,55.27,17.27,9.039
TTN,26,53.85,9.207,239.37,4.893,-11.83,27,51.85,10.894,294.14,4.836,-14.18,54.77,-1.99,-0.057
QBS,17,23.53,-2.515,-42.76,0.654,-24.57,16,25.0,0.321,5.13,1.042,-24.57,47.89,1.47,0.388
VC7,26,34.62,8.499,220.97,2.663,-25.57,27,37.04,9.943,268.46,3.017,-25.57,47.49,2.42,0.354
SHB,32,34.38,6.991,223.7,2.953,-13.34,29,34.48,9.279,269.09,3.719,-13.34,45.39,0.11,0.766
SBS,25,44.0,2.058,51.45,1.51,-13.73,24,54.17,3.974,95.38,2.209,-13.73,43.93,10.17,0.7
ACV,26,46.15,2.716,70.62,2.426,-11.48,23,43.48,4.876,112.15,3.247,-11.48,41.53,-2.68,0.822
AGR,32,50.0,7.793,249.38,3.242,-15.61,31,54.84,9.379,290.75,4.623,-15.48,41.37,4.84,1.381
SCR,36,55.56,4.984,179.43,2.65,-14.17,32,59.38,6.818,218.18,3.415,-14.17,38.75,3.82,0.765
HDC,35,40.0,3.355,117.41,1.784,-14.74,35,37.14,4.46,156.1,2.054,-14.74,38.69,-2.86,0.27
GVR,39,38.46,4.11,160.29,1.996,-15.45,39,38.46,5.073,197.86,2.344,-20.39,37.57,0.0,0.348
DQC,27,40.74,-1.501,-40.52,0.702,-29.2,26,42.31,-0.153,-3.99,0.967,-29.2,36.53,1.57,0.265
PVI,31,41.94,1.279,39.66,1.658,-11.22,28,50.0,2.682,75.11,2.699,-11.22,35.45,8.06,1.041
TCH,34,38.24,2.139,72.74,1.508,-15.83,30,43.33,3.573,107.2,2.037,-15.83,34.46,5.1,0.53
VCR,16,43.75,11.354,181.66,3.471,-28.57,15,40.0,14.369,215.53,6.429,-15.38,33.87,-3.75,2.958
MHC,25,44.0,9.074,226.85,3.563,-22.03,24,45.83,10.855,260.52,4.151,-22.03,33.67,1.83,0.588
SAM,27,48.15,3.11,83.96,1.844,-21.1,26,53.85,4.522,117.56,2.57,-14.52,33.6,5.7,0.725
POM,22,31.82,2.213,48.68,1.602,-14.29,20,35.0,4.079,81.58,2.428,-11.86,32.9,3.18,0.826
HCD,38,42.11,3.902,148.27,2.397,-12.95,35,45.71,5.147,180.16,2.947,-12.95,31.89,3.61,0.55
VPG,27,44.44,3.394,91.63,1.645,-37.1,29,37.93,4.254,123.36,2.03,-37.1,31.73,-6.51,0.385
SSI,37,45.95,6.078,224.9,3.147,-12.69,34,44.12,7.536,256.22,3.853,-12.69,31.32,-1.83,0.706
CMS,13,30.77,17.965,233.55,3.642,-30.84,13,30.77,20.303,263.94,4.603,-30.84,30.39,0.0,0.961
PVC,37,45.95,1.628,60.23,1.486,-16.24,35,45.71,2.539,88.85,1.778,-16.14,28.62,-0.23,0.292
NTP,35,51.43,2.684,93.95,2.088,-15.21,34,55.88,3.583,121.81,2.653,-15.21,27.86,4.45,0.565
PVP,26,42.31,1.364,35.47,1.515,-11.81,24,54.17,2.637,63.29,2.118,-11.81,27.82,11.86,0.603
AGM,22,22.73,1.596,35.11,1.423,-24.39,20,30.0,3.129,62.58,1.817,-24.39,27.47,7.27,0.394
NTL,35,48.57,2.489,87.11,1.692,-14.36,33,57.58,3.457,114.09,2.062,-14.36,26.98,9.0,0.37
DL1,25,44.0,3.79,94.75,2.179,-12.41,23,52.17,5.254,120.85,3.212,-12.41,26.1,8.17,1.032
PGC,20,35.0,1.968,39.37,1.533,-13.98,19,36.84,3.445,65.46,2.303,-13.98,26.09,1.84,0.77
PXT,17,23.53,5.809,98.75,2.149,-12.36,16,31.25,7.797,124.75,2.623,-12.36,26.0,7.72,0.474
TDH,24,45.83,3.17,76.08,2.014,-11.56,22,50.0,4.621,101.67,3.016,-11.3,25.59,4.17,1.003
DDV,26,46.15,6.287,163.47,2.557,-14.66,27,44.44,6.999,188.97,2.583,-14.66,25.5,-1.71,0.025
CTS,35,54.29,10.001,350.02,5.048,-12.3,33,57.58,11.364,375.02,5.496,-12.3,25.0,3.29,0.448
GKM,24,29.17,8.942,214.62,4.273,-12.77,23,34.78,10.406,239.33,5.571,-12.77,24.71,5.62,1.298
DTD,38,39.47,3.592,136.48,1.867,-24.16,39,41.03,4.13,161.08,1.996,-24.16,24.6,1.55,0.129
HID,26,53.85,9.212,239.5,4.277,-15.33,26,57.69,10.147,263.81,4.828,-15.33,24.31,3.85,0.551
NKG,38,47.37,6.144,233.47,2.68,-14.01,35,51.43,7.363,257.72,3.372,-12.2,24.25,4.06,0.693
BCE,29,41.38,4.067,117.94,2.335,-16.02,30,43.33,4.733,141.99,2.899,-12.44,24.05,1.95,0.564
HT1,33,42.42,2.223,73.37,2.073,-15.33,31,45.16,3.141,97.38,2.591,-15.33,24.01,2.74,0.518
GEG,38,39.47,-0.394,-14.98,0.892,-13.3,35,40.0,0.257,8.99,1.075,-13.3,23.97,0.53,0.183
BSR,37,40.54,3.077,113.84,1.886,-15.78,34,47.06,4.047,137.59,2.397,-15.78,23.75,6.52,0.512
VC2,20,60.0,12.926,258.52,8.233,-12.36,19,57.89,14.843,282.01,8.096,-12.36,23.49,-2.11,-0.137
SLS,24,54.17,5.679,136.3,3.677,-11.85,25,60.0,6.382,159.55,4.276,-11.85,23.25,5.83,0.599
VND,33,51.52,9.989,329.65,4.951,-14.86,32,43.75,11.016,352.52,4.75,-14.86,22.87,-7.77,-0.201
TVC,25,48.0,4.54,113.5,2.526,-20.77,24,50.0,5.672,136.13,2.757,-20.77,22.63,2.0,0.231
HHG,16,12.5,4.009,64.14,1.661,-19.0,16,18.75,5.413,86.61,2.089,-19.0,22.47,6.25,0.428
KDH,41,34.15,1.736,71.17,1.683,-12.27,39,38.46,2.401,93.62,2.101,-12.27,22.45,4.32,0.418
PNJ,37,37.84,-0.692,-25.61,0.725,-10.62,37,37.84,-0.089,-3.28,0.963,-10.62,22.33,0.0,0.238
PVG,21,33.33,0.941,19.77,1.205,-18.79,19,31.58,2.204,41.88,1.465,-18.79,22.11,-1.75,0.261
VGC,35,57.14,3.117,109.08,2.091,-11.84,33,51.52,3.966,130.89,2.449,-11.84,21.81,-5.63,0.358
PVB,32,46.88,4.86,155.52,3.15,-11.5,29,51.72,6.114,177.32,3.83,-13.33,21.8,4.85,0.68
NED,20,35.0,1.902,38.03,1.567,-20.1,19,36.84,3.144,59.74,2.058,-12.8,21.71,1.84,0.491
KSQ,19,26.32,8.512,161.72,2.48,-15.0,19,26.32,9.649,183.34,2.9,-14.58,21.62,0.0,0.421
KMR,23,30.43,-1.297,-29.82,0.685,-22.07,23,30.43,-0.37,-8.5,0.908,-22.07,21.32,0.0,0.223
QCG,27,37.04,15.91,429.56,4.334,-17.9,26,42.31,17.317,450.25,4.808,-17.9,20.69,5.27,0.474
PLP,24,50.0,3.664,87.93,2.059,-15.13,25,48.0,4.331,108.28,2.338,-15.13,20.35,-2.0,0.279
DBC,37,43.24,4.841,179.13,2.429,-15.81,36,52.78,5.534,199.22,2.698,-15.81,20.09,9.53,0.269
DPM,38,39.47,2.646,100.56,2.029,-11.45,36,47.22,3.338,120.15,2.356,-11.45,19.59,7.75,0.327
PV2,18,33.33,3.236,58.25,1.493,-20.41,17,35.29,4.54,77.18,1.778,-17.39,18.93,1.96,0.285
HAP,29,37.93,1.815,52.64,1.468,-14.85,29,41.38,2.462,71.39,1.737,-14.72,18.75,3.45,0.269
NHH,32,37.5,-2.332,-74.63,0.498,-15.35,31,41.94,-1.804,-55.91,0.608,-15.35,18.72,4.44,0.109
THG,35,40.0,1.064,37.24,1.441,-10.99,36,41.67,1.552,55.87,1.628,-11.98,18.63,1.67,0.187
TV2,38,55.26,1.057,40.18,1.289,-42.14,35,48.57,1.673,58.54,1.687,-10.4,18.36,-6.69,0.399
DSC,17,35.29,0.896,15.24,1.162,-26.94,18,33.33,1.866,33.59,1.329,-26.94,18.35,-1.96,0.167
TDG,28,25.0,4.066,113.84,1.755,-11.92,27,25.93,4.893,132.1,1.989,-11.92,18.26,0.93,0.234
BVS,34,38.24,3.171,107.81,1.802,-17.36,32,46.88,3.933,125.85,2.146,-17.36,18.04,8.64,0.345
TIP,31,41.94,0.498,15.45,1.147,-14.55,31,51.61,1.074,33.29,1.335,-12.77,17.84,9.68,0.188
PVT,41,41.46,0.711,29.15,1.282,-15.35,39,41.03,1.202,46.86,1.511,-15.35,17.71,-0.44,0.229
VEF,25,44.0,3.399,84.98,1.721,-21.95,25,44.0,4.102,102.56,2.013,-21.95,17.58,0.0,0.292
CDC,22,40.91,3.18,69.97,2.587,-6.88,22,40.91,3.978,87.52,3.269,-6.84,17.55,0.0,0.682
BWE,38,42.11,0.846,32.16,1.408,-11.91,37,40.54,1.315,48.67,1.697,-11.91,16.51,-1.56,0.289
CTD,37,37.84,2.486,91.99,1.636,-16.03,37,45.95,2.932,108.49,1.84,-16.03,16.5,8.11,0.204
TTH,21,38.1,5.809,121.99,3.033,-18.48,22,45.45,6.295,138.48,3.123,-18.48,16.49,7.36,0.09
HPG,34,47.06,4.827,164.13,2.892,-14.17,32,53.12,5.643,180.57,3.51,-12.35,16.44,6.07,0.619
DVP,30,60.0,2.601,78.03,3.185,-13.14,28,60.71,3.366,94.26,4.012,-13.14,16.23,0.71,0.827
CLX,19,47.37,1.953,37.11,1.7,-13.29,20,50.0,2.609,52.17,2.077,-13.29,15.06,2.63,0.378
FOX,28,42.86,2.73,76.44,1.968,-29.95,26,50.0,3.496,90.9,2.259,-29.95,14.46,7.14,0.291
PTL,21,23.81,3.661,76.89,1.695,-18.35,20,25.0,4.555,91.1,1.911,-18.35,14.21,1.19,0.216
LDG,26,34.62,10.783,280.37,3.164,-15.23,25,36.0,11.774,294.34,3.575,-12.86,13.97,1.38,0.411
VIP,32,43.75,2.666,85.3,1.815,-15.43,36,38.89,2.747,98.88,1.756,-13.84,13.58,-4.86,-0.059
HAG,35,42.86,5.725,200.38,2.609,-11.93,33,42.42,6.473,213.62,2.88,-11.93,13.24,-0.43,0.271
VOC,26,30.77,1.655,43.04,1.395,-17.5,25,40.0,2.249,56.23,1.555,-17.5,13.19,9.23,0.16
APG,31,45.16,5.228,162.07,2.754,-14.13,28,42.86,6.255,175.14,2.891,-14.13,13.07,-2.3,0.137
VC3,31,25.81,3.044,94.36,2.252,-7.72,29,34.48,3.698,107.24,2.658,-9.23,12.88,8.68,0.406
BCC,33,39.39,1.461,48.21,1.309,-17.86,32,37.5,1.897,60.71,1.406,-17.86,12.5,-1.89,0.097
CNG,29,37.93,0.776,22.49,1.225,-15.72,27,44.44,1.287,34.75,1.398,-15.72,12.26,6.51,0.173
DPR,35,40.0,0.348,12.18,1.12,-24.15,34,41.18,0.715,24.31,1.261,-24.15,12.13,1.18,0.141
CTF,29,44.83,0.654,18.98,1.352,-13.31,29,48.28,1.072,31.08,1.583,-13.31,12.1,3.45,0.231
TTF,30,40.0,1.197,35.92,1.318,-15.44,29,37.93,1.651,47.89,1.388,-15.44,11.97,-2.07,0.071
BMP,38,39.47,0.675,25.65,1.238,-11.73,36,44.44,1.041,37.46,1.397,-11.73,11.81,4.97,0.159
RDP,15,26.67,-4.344,-65.16,0.499,-29.97,15,26.67,-3.59,-53.85,0.583,-29.97,11.31,0.0,0.085
SMC,31,51.61,7.094,219.9,3.318,-15.93,30,53.33,7.694,230.81,3.475,-15.93,10.91,1.72,0.158
IMP,27,51.85,3.532,95.37,3.154,-8.25,27,51.85,3.936,106.26,4.217,-8.25,10.89,0.0,1.063
VOS,28,39.29,16.372,458.42,5.16,-15.92,26,38.46,18.032,468.83,5.438,-15.92,10.41,-0.82,0.278
ITC,29,27.59,-0.432,-12.54,0.912,-15.16,28,28.57,-0.076,-2.13,0.983,-15.16,10.41,0.99,0.071
KPF,15,40.0,2.927,43.9,1.797,-12.09,13,46.15,4.178,54.31,2.388,-11.59,10.41,6.15,0.591
TIG,33,48.48,7.072,233.36,3.759,-17.3,33,48.48,7.385,243.7,3.653,-17.3,10.34,0.0,-0.106
G36,29,51.72,9.494,275.32,3.689,-15.2,30,50.0,9.52,285.6,3.537,-15.2,10.28,-1.72,-0.152
NBB,26,34.62,0.895,23.27,1.32,-8.76,27,40.74,1.229,33.19,1.421,-8.76,9.92,6.13,0.101
DRC,32,46.88,0.955,30.56,1.326,-13.54,30,50.0,1.349,40.48,1.544,-13.54,9.92,3.12,0.218
DXP,29,55.17,4.341,125.88,3.431,-9.64,27,55.56,5.029,135.79,4.142,-9.64,9.91,0.38,0.711
SJS,26,69.23,10.233,266.07,9.998,-12.71,26,73.08,10.61,275.87,10.776,-12.71,9.8,3.85,0.778
CSM,26,34.62,-0.902,-23.45,0.79,-15.74,25,36.0,-0.552,-13.79,0.861,-15.74,9.66,1.38,0.071
SWC,10,80.0,4.388,43.88,7.044,-4.32,9,88.89,5.934,53.41,19.167,-2.94,9.53,8.89,12.123
PGS,8,37.5,3.272,26.18,1.569,-12.43,8,37.5,4.45,35.6,1.972,-10.42,9.42,0.0,0.404
EIB,36,36.11,1.057,38.04,1.517,-10.86,34,41.18,1.394,47.41,1.739,-10.86,9.37,5.07,0.222
SCS,34,38.24,-0.032,-1.1,0.981,-7.71,33,42.42,0.249,8.23,1.169,-6.81,9.33,4.19,0.187
VIG,23,43.48,10.629,244.46,4.473,-11.11,22,50.0,11.53,253.66,4.784,-13.25,9.2,6.52,0.311
TNA,23,34.78,-1.331,-30.62,0.624,-16.31,23,34.78,-0.933,-21.45,0.704,-13.2,9.17,0.0,0.079
HII,37,37.84,0.586,21.7,1.16,-15.83,37,37.84,0.831,30.73,1.242,-15.83,9.03,0.0,0.083
TVS,23,39.13,3.42,78.66,2.143,-11.48,21,42.86,4.172,87.62,2.228,-11.48,8.96,3.73,0.085
VRE,29,41.38,-0.656,-19.02,0.832,-12.91,30,40.0,-0.336,-10.09,0.907,-12.91,8.93,-1.38,0.076
VPH,18,50.0,12.706,228.71,7.215,-8.42,19,52.63,12.502,237.53,6.68,-13.49,8.82,2.63,-0.535
DIG,35,40.0,8.836,309.26,2.931,-17.07,35,40.0,9.086,318.01,2.931,-18.45,8.75,0.0,0.001
TLD,26,46.15,5.907,153.57,3.386,-12.66,27,44.44,6.008,162.21,3.591,-12.66,8.64,-1.71,0.205
TNG,37,40.54,0.637,23.56,1.223,-15.26,39,41.03,0.823,32.09,1.248,-15.26,8.53,0.49,0.025
QTP,27,44.44,0.428,11.56,1.191,-10.02,26,42.31,0.769,20.0,1.394,-10.02,8.44,-2.14,0.203
HQC,29,51.72,6.979,202.39,3.221,-19.77,29,58.62,7.264,210.66,3.598,-19.77,8.27,6.9,0.378
AAA,37,51.35,0.095,3.51,1.025,-15.47,37,51.35,0.315,11.65,1.078,-15.47,8.14,0.0,0.054
TVB,24,54.17,5.937,142.49,3.639,-10.07,23,56.52,6.548,150.61,4.159,-10.07,8.12,2.36,0.521
EVG,33,45.45,8.242,272.0,2.661,-14.56,33,45.45,8.476,279.71,2.824,-14.56,7.71,0.0,0.163
SJD,25,44.0,0.323,8.07,1.215,-10.17,25,52.0,0.627,15.68,1.556,-10.17,7.61,8.0,0.341
SD9,13,30.77,7.22,93.86,4.036,-14.07,13,30.77,7.8,101.4,4.683,-9.04,7.54,0.0,0.648
TCD,24,41.67,4.212,101.08,2.1,-16.87,23,47.83,4.72,108.55,2.179,-16.87,7.47,6.16,0.079
HAX,30,46.67,3.933,118.0,2.358,-13.78,30,46.67,4.177,125.31,2.727,-13.33,7.31,0.0,0.37
VGT,28,35.71,-0.535,-14.99,0.857,-16.52,28,35.71,-0.283,-7.91,0.933,-20.65,7.08,0.0,0.076
MPC,32,43.75,0.664,21.26,1.262,-15.17,30,50.0,0.934,28.01,1.43,-15.17,6.75,6.25,0.169
HDA,17,41.18,6.246,106.18,2.734,-16.11,14,42.86,8.051,112.72,3.415,-16.11,6.54,1.68,0.681
ELC,34,47.06,6.266,213.04,3.1,-15.34,34,47.06,6.451,219.34,3.235,-15.34,6.3,0.0,0.135
CDO,8,50.0,16.182,129.46,4.413,-15.38,8,50.0,16.918,135.34,5.223,-15.38,5.88,0.0,0.81
CMX,29,41.38,1.357,39.34,1.406,-14.6,28,42.86,1.61,45.08,1.456,-14.6,5.74,1.48,0.05
PAN,30,50.0,3.366,100.98,2.295,-11.82,30,50.0,3.553,106.59,2.432,-11.82,5.61,0.0,0.137
HUT,32,46.88,7.634,244.3,2.93,-21.97,31,48.39,8.06,249.85,2.973,-21.97,5.55,1.51,0.044
VTO,27,48.15,2.871,77.53,2.167,-11.75,26,46.15,3.192,83.0,2.409,-10.74,5.47,-1.99,0.242
DHA,34,52.94,2.396,81.46,2.309,-12.17,32,53.12,2.714,86.85,2.457,-12.17,5.39,0.18,0.148
TNI,21,42.86,9.724,204.2,3.956,-15.48,20,45.0,10.472,209.45,3.697,-15.48,5.25,2.14,-0.259
C32,19,36.84,1.353,25.7,1.584,-14.03,19,36.84,1.623,30.84,1.663,-14.03,5.14,0.0,0.079
SHI,22,18.18,6.813,149.89,3.404,-10.43,21,23.81,7.379,154.95,3.875,-6.51,5.06,5.63,0.471
VHG,21,23.81,7.094,148.98,1.983,-18.52,20,25.0,7.699,153.98,2.016,-18.52,5.0,1.19,0.033
GEX,35,54.29,4.78,167.29,2.338,-17.97,36,52.78,4.782,172.17,2.396,-17.97,4.88,-1.51,0.058
HNG,26,34.62,1.608,41.81,1.544,-12.83,26,38.46,1.784,46.38,1.579,-12.83,4.57,3.85,0.035
VNB,20,25.0,0.096,1.92,1.024,-17.24,20,25.0,0.324,6.47,1.076,-17.24,4.55,0.0,0.052
VPB,30,26.67,3.949,118.46,1.918,-14.7,33,30.3,3.719,122.72,1.898,-14.7,4.26,3.64,-0.019
HLD,21,76.19,8.354,175.44,6.817,-13.96,24,62.5,7.484,179.61,4.994,-13.96,4.17,-13.69,-1.823
NVL,29,37.93,3.418,99.11,2.146,-13.65,30,46.67,3.438,103.15,2.259,-13.65,4.04,8.74,0.113
PLX,32,40.62,-0.41,-13.12,0.835,-11.28,30,40.0,-0.309,-9.28,0.877,-11.28,3.84,-0.62,0.042
STB,40,45.0,1.468,58.72,1.434,-15.86,39,46.15,1.601,62.44,1.492,-15.86,3.72,1.15,0.059
PHR,41,43.9,2.052,84.14,1.794,-21.15,40,42.5,2.196,87.83,1.853,-21.15,3.69,-1.4,0.059
VKC,8,37.5,3.932,31.46,1.959,-13.73,7,42.86,5.007,35.05,2.356,-13.73,3.59,5.36,0.398
ORS,27,55.56,9.835,265.55,5.924,-9.03,26,61.54,10.345,268.97,6.945,-10.14,3.42,5.98,1.021
KSB,32,40.62,2.096,67.08,1.57,-13.49,31,38.71,2.264,70.17,1.65,-12.86,3.09,-1.92,0.08
FIT,29,37.93,1.169,33.91,1.238,-30.03,28,42.86,1.319,36.94,1.317,-30.03,3.03,4.93,0.079
CHP,18,38.89,2.309,41.56,2.387,-7.47,16,43.75,2.783,44.53,2.855,-7.47,2.97,4.86,0.468
ACB,34,47.06,1.102,37.48,1.413,-12.15,35,45.71,1.155,40.41,1.46,-12.15,2.93,-1.34,0.047
DHC,33,30.3,-0.142,-4.69,0.956,-11.22,31,32.26,-0.058,-1.8,0.982,-11.22,2.89,1.96,0.026
MCG,16,31.25,17.367,277.87,5.491,-11.03,15,33.33,18.714,280.71,5.348,-11.03,2.84,2.08,-0.143
CCL,35,51.43,2.091,73.17,1.545,-19.32,35,51.43,2.172,76.01,1.64,-19.32,2.84,0.0,0.095
VTV,15,40.0,0.545,8.18,1.159,-14.78,15,40.0,0.72,10.8,1.238,-14.78,2.62,0.0,0.079
BHN,6,33.33,3.885,23.31,3.276,-3.03,5,40.0,5.184,25.92,4.397,-3.03,2.61,6.67,1.121
SRA,31,29.03,-2.655,-82.3,0.528,-17.74,29,31.03,-2.748,-79.69,0.516,-17.74,2.61,2.0,-0.012
RAL,27,40.74,1.766,47.69,1.78,-15.23,27,40.74,1.862,50.28,1.833,-15.23,2.59,0.0,0.053
DAG,17,35.29,9.759,165.91,4.322,-12.77,17,41.18,9.909,168.46,4.228,-12.77,2.55,5.88,-0.094
VNP,15,60.0,7.782,116.73,3.673,-10.03,15,60.0,7.947,119.21,3.73,-10.03,2.48,0.0,0.057
VNS,9,44.44,6.174,55.57,3.026,-14.3,8,50.0,7.251,58.01,3.354,-14.3,2.44,5.56,0.328
HTI,16,50.0,2.485,39.76,2.607,-5.48,16,50.0,2.631,42.1,2.955,-5.48,2.34,0.0,0.348
DRI,36,52.78,4.948,178.13,2.615,-13.46,34,58.82,5.307,180.43,3.039,-13.46,2.3,6.05,0.424
HTG,21,47.62,6.02,126.43,3.522,-11.57,22,54.55,5.85,128.69,3.592,-11.57,2.26,6.93,0.07
VNG,18,50.0,0.234,4.22,1.107,-10.1,18,50.0,0.35,6.3,1.169,-10.1,2.08,0.0,0.062
AST,25,64.0,1.25,31.24,1.721,-8.34,25,56.0,1.33,33.24,1.822,-8.34,2.0,-8.0,0.102
IDC,30,43.33,5.144,154.31,2.535,-21.08,30,40.0,5.202,156.07,2.315,-21.08,1.76,-3.33,-0.219
DHM,23,30.43,-1.572,-36.15,0.528,-13.16,23,30.43,-1.5,-34.51,0.542,-13.16,1.64,0.0,0.014
VNM,29,41.38,0.293,8.49,1.131,-11.25,29,37.93,0.349,10.11,1.165,-11.25,1.62,-3.45,0.035
PDR,33,48.48,5.378,177.48,3.396,-12.02,35,40.0,5.115,179.01,2.929,-12.9,1.53,-8.48,-0.466
KOS,30,46.67,0.629,18.87,1.746,-5.04,28,46.43,0.728,20.38,1.863,-5.04,1.51,-0.24,0.117
GSP,25,52.0,2.45,61.26,2.692,-12.96,23,52.17,2.727,62.72,3.212,-12.96,1.46,0.17,0.519
VCG,38,47.37,0.44,16.71,1.149,-17.12,37,45.95,0.479,17.73,1.156,-17.12,1.02,-1.42,0.007
ASP,24,33.33,2.474,59.38,1.727,-9.01,22,31.82,2.744,60.37,1.747,-11.0,0.99,-1.52,0.02
NDN,38,47.37,0.931,35.38,1.292,-12.25,36,44.44,1.009,36.32,1.311,-12.25,0.94,-2.92,0.019
BMC,30,36.67,2.16,64.79,1.61,-21.99,30,36.67,2.19,65.7,1.634,-21.99,0.91,0.0,0.024
VGS,36,41.67,3.902,140.49,1.861,-15.4,36,44.44,3.927,141.39,1.885,-15.4,0.9,2.78,0.025
VSC,26,46.15,7.22,187.72,3.177,-11.44,25,48.0,7.536,188.4,3.347,-11.44,0.68,1.85,0.17
BID,34,41.18,0.885,30.1,1.304,-13.87,34,47.06,0.899,30.55,1.341,-13.87,0.45,5.88,0.037
QNS,32,46.88,2.796,89.46,2.463,-8.24,31,51.61,2.899,89.86,2.577,-8.24,0.4,4.74,0.115
VCI,36,58.33,6.853,246.69,2.742,-29.26,35,57.14,7.059,247.08,2.822,-29.26,0.39,-1.19,0.08
VJC,30,36.67,-0.069,-2.08,0.97,-9.73,29,34.48,-0.06,-1.73,0.973,-9.73,0.35,-2.18,0.003
SHA,20,55.0,1.918,38.36,1.556,-15.89,21,52.38,1.841,38.67,1.556,-15.89,0.31,-2.62,0.0
MPT,2,50.0,4.53,9.06,1.393,-23.08,2,50.0,4.53,9.06,1.393,-23.08,0.0,0.0,0.0
SHN,3,66.67,33.493,100.48,8.187,-13.98,3,66.67,33.493,100.48,8.187,-13.98,0.0,0.0,0.0
OGC,30,30.0,2.907,87.21,1.536,-28.87,31,32.26,2.81,87.1,1.542,-28.87,-0.11,2.26,0.006
BMI,32,46.88,2.73,87.37,2.275,-11.09,32,46.88,2.723,87.15,2.205,-13.33,-0.22,0.0,-0.07
FPT,28,53.57,3.93,110.03,3.177,-9.97,27,51.85,4.063,109.71,3.425,-9.97,-0.32,-1.72,0.247
POW,33,36.36,0.444,14.64,1.111,-17.45,33,33.33,0.432,14.26,1.12,-17.45,-0.38,-3.03,0.009
TEG,25,32.0,-0.396,-9.91,0.896,-12.55,25,28.0,-0.42,-10.5,0.89,-12.55,-0.59,-4.0,-0.007
VGG,13,30.77,0.116,1.51,1.041,-15.6,13,30.77,0.07,0.91,1.025,-15.6,-0.6,0.0,-0.016
SRC,12,33.33,-2.584,-31.01,0.492,-14.82,13,38.46,-2.435,-31.66,0.481,-14.82,-0.65,5.13,-0.011
NAG,23,43.48,3.614,83.12,2.475,-12.42,23,43.48,3.582,82.39,2.443,-12.42,-0.73,0.0,-0.032
TCM,25,44.0,6.572,164.31,3.934,-10.61,24,45.83,6.816,163.58,4.079,-10.61,-0.73,1.83,0.145
TLG,33,39.39,1.854,61.18,2.004,-9.53,34,41.18,1.777,60.43,2.031,-9.53,-0.75,1.78,0.027
CEO,35,31.43,16.114,563.98,3.842,-17.79,34,32.35,16.565,563.21,4.067,-17.79,-0.77,0.92,0.225
SGN,15,46.67,-0.787,-11.81,0.675,-16.09,16,43.75,-0.788,-12.6,0.678,-16.09,-0.79,-2.92,0.003
TNT,29,31.03,13.135,380.91,3.87,-21.79,29,31.03,13.101,379.93,3.876,-21.79,-0.98,0.0,0.006
TLH,27,44.44,6.971,188.23,3.079,-15.85,27,44.44,6.933,187.2,3.042,-15.85,-1.03,0.0,-0.038
VLC,21,52.38,0.9,18.9,1.391,-10.48,22,50.0,0.798,17.55,1.354,-10.48,-1.35,-2.38,-0.038
NCT,25,52.0,2.399,59.98,3.251,-5.32,27,55.56,2.171,58.62,3.257,-5.32,-1.36,3.56,0.007
BII,10,50.0,5.504,55.04,1.893,-22.22,10,50.0,5.367,53.67,2.035,-22.22,-1.37,0.0,0.141
VCS,29,34.48,1.143,33.15,1.33,-13.12,29,34.48,1.093,31.69,1.313,-10.94,-1.46,0.0,-0.017
APC,15,46.67,-0.1,-1.5,0.971,-12.05,15,46.67,-0.197,-2.96,0.942,-12.05,-1.46,0.0,-0.029
DHG,26,38.46,0.523,13.61,1.224,-15.71,26,42.31,0.464,12.06,1.201,-15.71,-1.55,3.85,-0.022
CII,31,41.94,3.777,117.08,2.142,-11.89,33,45.45,3.496,115.38,2.129,-11.89,-1.7,3.52,-0.013
BIC,31,48.39,0.947,29.36,1.372,-9.29,32,46.88,0.864,27.65,1.359,-9.29,-1.71,-1.51,-0.013
DBD,25,40.0,1.105,27.63,1.446,-12.53,25,40.0,1.035,25.87,1.418,-12.53,-1.76,0.0,-0.028
VSH,21,52.38,2.76,57.97,2.068,-18.95,19,57.89,2.956,56.16,1.953,-18.95,-1.81,5.51,-0.116
BCM,25,56.0,4.797,119.92,5.098,-6.19,25,64.0,4.722,118.06,5.43,-6.19,-1.86,8.0,0.332
JVC,23,52.17,9.529,219.16,4.321,-12.35,23,56.52,9.445,217.24,4.277,-12.35,-1.92,4.35,-0.044
PPH,24,29.17,-0.622,-14.94,0.828,-12.89,24,29.17,-0.709,-17.01,0.808,-12.89,-2.07,0.0,-0.02
HVN,31,41.94,6.215,192.67,3.8,-13.43,30,43.33,6.349,190.48,3.854,-13.43,-2.19,1.4,0.054
KDC,23,26.09,4.268,98.16,3.576,-10.57,22,27.27,4.351,95.73,3.537,-10.57,-2.43,1.19,-0.039
DRH,23,39.13,5.707,131.25,2.136,-17.86,21,42.86,6.133,128.8,2.267,-17.86,-2.45,3.73,0.132
SSN,10,30.0,-4.786,-47.86,0.459,-17.07,9,33.33,-5.601,-50.41,0.435,-33.33,-2.55,3.33,-0.023
LIG,29,44.83,4.313,125.08,2.09,-14.07,29,41.38,4.222,122.43,1.976,-13.64,-2.65,-3.45,-0.115
NTC,34,41.18,3.202,108.87,2.164,-11.98,33,42.42,3.218,106.18,2.189,-11.98,-2.69,1.25,0.025
HHS,32,46.88,7.704,246.53,2.812,-15.52,33,48.48,7.385,243.7,2.971,-14.37,-2.83,1.61,0.159
SAB,31,29.03,-0.696,-21.58,0.714,-12.04,31,29.03,-0.788,-24.44,0.675,-12.04,-2.86,0.0,-0.039
HAH,36,61.11,7.258,261.29,4.432,-12.13,36,55.56,7.178,258.39,4.135,-12.13,-2.9,-5.56,-0.297
TSC,26,50.0,11.691,303.96,6.564,-7.73,24,50.0,12.538,300.9,6.986,-7.73,-3.06,0.0,0.422
PXS,24,41.67,2.242,53.8,1.333,-45.45,25,40.0,2.029,50.72,1.306,-45.45,-3.08,-1.67,-0.027
CTG,38,52.63,3.142,119.41,2.83,-13.04,35,57.14,3.317,116.11,3.157,-13.04,-3.3,4.51,0.327
VIC,28,42.86,9.678,270.99,5.826,-7.14,28,39.29,9.56,267.67,5.642,-7.14,-3.32,-3.57,-0.184
PFL,20,45.0,5.554,111.09,1.958,-23.26,21,42.86,5.131,107.76,1.904,-23.26,-3.33,-2.14,-0.055
VPI,35,34.29,0.791,27.69,1.404,-11.28,36,33.33,0.675,24.29,1.349,-11.28,-3.4,-0.95,-0.055
GAS,32,34.38,-0.526,-16.84,0.764,-14.13,32,34.38,-0.633,-20.25,0.742,-14.13,-3.41,0.0,-0.023
PGV,18,50.0,6.358,114.45,4.195,-11.32,18,50.0,6.159,110.87,3.708,-11.32,-3.58,0.0,-0.487
GIL,36,41.67,2.953,106.31,1.635,-16.37,37,40.54,2.772,102.57,1.67,-16.37,-3.74,-1.13,0.035
ASM,34,38.24,3.99,135.66,1.969,-21.59,34,38.24,3.88,131.92,2.114,-15.74,-3.74,0.0,0.144
SBT,37,37.84,1.008,37.31,1.254,-21.3,37,37.84,0.902,33.38,1.223,-21.3,-3.93,0.0,-0.031
CSC,24,37.5,3.296,79.11,1.602,-20.61,25,40.0,3.001,75.02,1.577,-20.61,-4.09,2.5,-0.024
SKG,31,45.16,2.238,69.38,1.629,-12.74,27,48.15,2.417,65.26,1.735,-13.14,-4.12,2.99,0.105
LPB,30,50.0,8.433,252.98,4.624,-13.4,31,51.61,8.023,248.72,4.783,-13.4,-4.26,1.61,0.158
TVN,28,39.29,2.838,79.47,1.928,-13.87,30,36.67,2.504,75.11,1.788,-13.87,-4.36,-2.62,-0.14
LHG,32,56.25,3.008,96.26,1.953,-40.87,32,56.25,2.87,91.83,1.796,-40.87,-4.43,0.0,-0.157
LIX,18,38.89,0.629,11.32,1.384,-13.05,16,43.75,0.43,6.88,1.253,-13.05,-4.44,4.86,-0.131
TDC,27,44.44,7.716,208.32,4.289,-14.18,27,44.44,7.551,203.88,4.044,-14.18,-4.44,0.0,-0.246
ANV,38,55.26,3.343,127.04,2.553,-15.28,37,56.76,3.308,122.38,2.481,-15.28,-4.66,1.49,-0.072
VRC,21,42.86,9.463,198.73,2.734,-21.03,22,40.91,8.815,193.94,2.598,-21.03,-4.79,-1.95,-0.135
STK,28,42.86,1.765,49.41,1.482,-22.12,30,40.0,1.475,44.26,1.398,-22.12,-5.15,-2.86,-0.084
KLB,21,52.38,8.791,184.61,4.655,-11.45,21,52.38,8.543,179.4,4.664,-11.45,-5.21,0.0,0.009
DGC,38,39.47,5.062,192.35,2.549,-18.14,38,36.84,4.92,186.96,2.464,-18.14,-5.39,-2.63,-0.085
NNC,22,40.91,2.049,45.08,1.85,-14.46,22,40.91,1.799,39.57,1.771,-12.74,-5.51,0.0,-0.079
GMD,32,43.75,2.391,76.5,2.16,-14.92,31,45.16,2.29,70.98,1.884,-14.92,-5.52,1.41,-0.276
DMC,14,57.14,3.708,51.91,2.308,-11.81,14,64.29,3.301,46.21,2.162,-11.81,-5.7,7.14,-0.147
CVT,3,66.67,44.063,132.19,15.886,-8.88,4,50.0,31.62,126.48,9.669,-8.88,-5.71,-16.67,-6.217
MSN,37,48.65,1.476,54.6,1.544,-12.11,37,48.65,1.321,48.88,1.466,-11.53,-5.72,0.0,-0.078
MBS,37,51.35,5.974,221.03,2.579,-21.89,35,51.43,6.149,215.22,2.625,-21.89,-5.81,0.08,0.046
TRC,10,40.0,3.581,35.81,2.45,-7.17,8,25.0,3.719,29.75,2.605,-7.17,-6.06,-15.0,0.154
TTB,20,35.0,2.424,48.49,1.335,-43.83,19,36.84,2.232,42.41,1.282,-43.83,-6.08,1.84,-0.053
NVT,8,50.0,1.773,14.18,1.424,-21.31,9,44.44,0.881,7.93,1.2,-21.31,-6.25,-5.56,-0.224
VHC,36,38.89,0.782,28.15,1.21,-12.64,37,35.14,0.591,21.85,1.144,-12.64,-6.3,-3.75,-0.066
PVS,40,45.0,1.838,73.51,1.529,-14.39,41,46.34,1.635,67.04,1.468,-14.39,-6.47,1.34,-0.061
TMT,11,54.55,10.309,113.4,6.336,-7.14,11,54.55,9.694,106.63,6.018,-7.14,-6.77,0.0,-0.319
GDT,25,40.0,0.896,22.4,1.26,-20.01,25,40.0,0.625,15.62,1.174,-20.01,-6.78,0.0,-0.086
PTB,33,51.52,1.629,53.75,1.654,-14.75,34,50.0,1.379,46.87,1.624,-12.0,-6.88,-1.52,-0.03
PC1,36,52.78,4.068,146.46,2.826,-14.37,37,51.35,3.755,138.94,2.685,-14.37,-7.52,-1.43,-0.141
DCL,28,28.57,2.151,60.23,1.68,-13.49,28,28.57,1.88,52.65,1.701,-13.14,-7.58,0.0,0.021
DPG,40,47.5,4.487,179.48,2.288,-15.12,39,51.28,4.404,171.77,2.21,-15.12,-7.71,3.78,-0.078
HCM,38,55.26,4.409,167.54,2.501,-15.55,40,55.0,3.996,159.82,2.514,-15.55,-7.72,-0.26,0.013
AFX,19,52.63,8.25,156.75,5.325,-9.93,19,57.89,7.829,148.75,5.12,-9.93,-8.0,5.26,-0.205
VLB,26,57.69,2.722,70.76,2.258,-22.15,26,53.85,2.41,62.67,1.939,-22.15,-8.09,-3.85,-0.319
KBC,35,42.86,3.526,123.42,1.961,-15.57,36,41.67,3.199,115.17,1.885,-15.57,-8.25,-1.19,-0.075
S99,27,37.04,3.184,85.98,1.829,-13.33,26,34.62,2.983,77.55,1.817,-13.33,-8.43,-2.42,-0.012
VIB,28,46.43,7.214,201.98,3.506,-12.05,29,48.28,6.671,193.45,3.303,-12.05,-8.53,1.85,-0.204
DAH,24,41.67,4.535,108.85,1.973,-49.7,24,37.5,4.162,99.89,1.829,-49.7,-8.96,-4.17,-0.145
BFC,41,46.34,2.82,115.6,2.035,-13.99,41,39.02,2.6,106.58,1.88,-13.99,-9.02,-7.32,-0.155
TIS,9,44.44,3.463,31.17,2.169,-11.11,9,33.33,2.432,21.89,1.692,-11.11,-9.28,-11.11,-0.477
BSI,37,56.76,6.764,250.27,3.151,-21.61,35,60.0,6.884,240.93,3.221,-21.61,-9.34,3.24,0.07
DST,26,26.92,2.545,66.18,1.443,-22.22,28,28.57,2.03,56.83,1.365,-17.65,-9.35,1.65,-0.078
LSS,28,50.0,5.198,145.54,3.291,-13.5,28,50.0,4.858,136.03,2.956,-13.5,-9.51,0.0,-0.335
APS,24,41.67,20.977,503.45,6.053,-17.48,22,45.45,22.447,493.84,6.501,-19.76,-9.61,3.79,0.448
PVD,36,50.0,0.964,34.69,1.283,-14.54,38,42.11,0.656,24.92,1.193,-14.54,-9.77,-7.89,-0.09
HSG,33,51.52,7.918,261.29,3.973,-14.32,35,48.57,7.183,251.42,3.316,-17.07,-9.87,-2.94,-0.658
MCH,23,65.22,9.7,223.11,8.096,-11.55,22,63.64,9.692,213.23,7.782,-11.55,-9.88,-1.58,-0.314
BCG,23,52.17,6.728,154.74,2.631,-35.8,25,52.0,5.777,144.42,2.308,-35.8,-10.32,-0.17,-0.323
MBB,35,57.14,3.112,108.91,2.678,-12.34,36,58.33,2.733,98.37,2.442,-12.34,-10.54,1.19,-0.235
NT2,35,42.86,0.041,1.44,1.019,-10.02,35,42.86,-0.263,-9.2,0.888,-10.26,-10.64,0.0,-0.13
SHS,30,53.33,10.749,322.47,3.932,-17.81,31,58.06,10.058,311.8,3.794,-17.81,-10.67,4.73,-0.138
PPC,32,34.38,-1.338,-42.81,0.42,-9.22,31,32.26,-1.725,-53.49,0.335,-9.22,-10.68,-2.12,-0.085
KHP,26,38.46,0.276,7.17,1.095,-17.35,28,42.86,-0.132,-3.69,0.96,-17.35,-10.86,4.4,-0.134
CMG,31,45.16,3.108,96.34,2.674,-10.78,32,43.75,2.671,85.47,2.232,-10.78,-10.87,-1.41,-0.442
ITA,25,36.0,7.125,178.13,2.747,-15.22,25,36.0,6.69,167.24,2.768,-15.22,-10.89,0.0,0.021
D2D,22,59.09,4.131,90.88,3.471,-10.74,22,63.64,3.634,79.95,3.182,-10.74,-10.93,4.55,-0.289
PHC,28,32.14,1.909,53.44,1.566,-13.56,29,37.93,1.463,42.44,1.453,-12.67,-11.0,5.79,-0.113
CVN,15,46.67,3.624,54.36,1.916,-15.2,14,42.86,3.082,43.15,1.742,-12.2,-11.21,-3.81,-0.173
MSR,35,31.43,1.093,38.24,1.3,-15.54,37,29.73,0.729,26.96,1.206,-15.54,-11.28,-1.7,-0.094
PVL,8,25.0,32.005,256.04,5.404,-16.67,9,22.22,27.187,244.68,4.521,-16.67,-11.36,-2.78,-0.883
VHM,38,39.47,-0.182,-6.9,0.951,-12.47,37,37.84,-0.495,-18.32,0.858,-12.47,-11.42,-1.64,-0.092
ITD,27,37.04,2.577,69.57,2.211,-8.68,28,39.29,2.064,57.8,1.842,-9.19,-11.77,2.25,-0.369
LGL,28,46.43,4.645,130.06,2.274,-11.16,28,50.0,4.224,118.28,2.179,-11.16,-11.78,3.57,-0.095
BVH,35,48.57,1.246,43.61,1.497,-14.59,34,44.12,0.934,31.74,1.39,-14.59,-11.87,-4.45,-0.106
ACL,21,57.14,4.731,99.35,3.349,-8.64,23,56.52,3.801,87.42,2.466,-11.51,-11.93,-0.62,-0.882
SGP,30,50.0,6.109,183.28,3.21,-14.4,30,53.33,5.71,171.3,2.924,-14.4,-11.98,3.33,-0.286
DGW,37,45.95,9.169,339.24,4.403,-12.24,35,48.57,9.336,326.76,4.4,-12.24,-12.48,2.63,-0.004
IDI,27,48.15,5.432,146.67,2.638,-15.65,30,53.33,4.466,133.97,2.359,-15.65,-12.7,5.19,-0.279
NBC,22,59.09,6.339,139.45,2.798,-17.81,24,54.17,5.275,126.6,2.499,-17.81,-12.85,-4.92,-0.299
HND,25,16.0,-0.904,-22.6,0.705,-10.85,25,16.0,-1.437,-35.93,0.468,-10.85,-13.33,0.0,-0.238
C69,27,25.93,8.153,220.13,2.522,-23.0,28,32.14,7.38,206.65,2.447,-23.0,-13.48,6.22,-0.075
LHC,14,42.86,6.331,88.64,3.237,-10.97,16,37.5,4.694,75.11,2.413,-13.87,-13.53,-5.36,-0.824
LAS,33,51.52,4.216,139.13,2.385,-15.52,34,47.06,3.694,125.59,2.172,-15.52,-13.54,-4.46,-0.213
NLG,36,50.0,3.261,117.38,2.197,-14.56,38,47.37,2.73,103.75,1.922,-14.56,-13.63,-2.63,-0.275
DXG,36,44.44,3.051,109.83,1.808,-15.71,39,43.59,2.466,96.19,1.688,-15.71,-13.64,-0.85,-0.12
DS3,10,40.0,7.381,73.81,3.331,-11.9,11,36.36,5.44,59.84,2.538,-11.9,-13.97,-3.64,-0.793
AMS,19,36.84,0.771,14.65,1.233,-12.62,18,44.44,0.034,0.62,1.011,-12.62,-14.03,7.6,-0.222
ITQ,19,31.58,6.987,132.75,2.556,-12.5,19,31.58,6.241,118.58,2.526,-12.5,-14.17,0.0,-0.03
CTI,27,55.56,3.231,87.23,2.301,-15.14,30,53.33,2.419,72.56,1.806,-15.14,-14.67,-2.22,-0.494
FTS,38,50.0,6.751,256.54,3.248,-14.96,38,57.89,6.361,241.73,3.114,-20.49,-14.81,7.89,-0.135
SPI,10,20.0,0.587,5.87,1.164,-8.33,10,20.0,-0.895,-8.95,0.75,-8.33,-14.82,0.0,-0.414
VCB,34,38.24,0.442,15.03,1.288,-6.44,34,35.29,-0.014,-0.49,0.992,-6.44,-15.52,-2.94,-0.297
C47,26,42.31,5.964,155.07,2.581,-16.98,28,39.29,4.979,139.42,2.2,-16.98,-15.65,-3.02,-0.381
NAF,30,43.33,3.936,118.09,2.975,-10.24,28,50.0,3.653,102.29,2.641,-10.24,-15.8,6.67,-0.333
CTR,33,57.58,4.195,138.43,3.067,-14.5,33,51.52,3.696,121.96,2.69,-14.5,-16.47,-6.06,-0.376
REE,32,46.88,1.959,62.68,1.884,-11.0,32,43.75,1.434,45.9,1.498,-14.08,-16.78,-3.12,-0.385
PXL,28,39.29,3.024,84.66,1.779,-17.13,28,39.29,2.424,67.86,1.697,-17.13,-16.8,0.0,-0.081
FID,15,33.33,7.403,111.05,2.747,-12.24,17,35.29,5.516,93.78,2.025,-15.15,-17.27,1.96,-0.723
TDM,24,54.17,2.388,57.31,3.509,-4.07,25,56.0,1.6,40.01,2.792,-4.07,-17.3,1.83,-0.717
HBC,32,40.62,2.9,92.8,1.681,-15.27,30,43.33,2.514,75.41,1.582,-15.27,-17.39,2.71,-0.098
HDB,39,51.28,2.762,107.71,3.184,-6.89,39,51.28,2.315,90.28,2.378,-13.41,-17.43,0.0,-0.806
MWG,38,60.53,2.089,79.39,2.048,-12.28,36,58.33,1.719,61.87,1.81,-10.96,-17.52,-2.19,-0.238
DLG,26,34.62,8.491,220.77,3.563,-14.66,26,34.62,7.813,203.13,3.447,-15.57,-17.64,0.0,-0.116
OIL,32,34.38,1.937,61.98,1.566,-14.3,35,34.29,1.251,43.8,1.432,-14.12,-18.18,-0.09,-0.134
MBG,29,37.93,1.813,52.57,1.548,-15.82,31,38.71,1.101,34.14,1.27,-17.28,-18.43,0.78,-0.278
L14,32,50.0,7.144,228.6,2.915,-15.09,33,48.48,6.329,208.86,2.645,-15.09,-19.74,-1.52,-0.271
EVE,24,62.5,5.514,132.34,8.58,-4.89,22,50.0,5.108,112.37,4.646,-9.83,-19.97,-12.5,-3.934
KVC,14,28.57,2.391,33.47,1.475,-18.18,16,25.0,0.838,13.4,1.141,-18.18,-20.07,-3.57,-0.334
MIG,31,38.71,1.39,43.09,1.362,-21.0,32,34.38,0.719,23.02,1.168,-21.0,-20.07,-4.33,-0.194
CTP,16,50.0,40.302,644.83,11.817,-13.6,17,47.06,36.74,624.58,10.479,-13.6,-20.25,-2.94,-1.338
VNR,22,45.45,3.252,71.55,1.998,-14.93,22,36.36,2.33,51.27,1.776,-14.93,-20.28,-9.09,-0.222
FCM,19,47.37,3.249,61.73,2.23,-10.55,21,38.1,1.924,40.41,1.709,-10.55,-21.32,-9.27,-0.521
LCG,31,51.61,9.084,281.59,4.904,-11.86,33,48.48,7.864,259.52,4.381,-11.86,-22.07,-3.13,-0.523
FMC,27,48.15,2.646,71.43,2.376,-14.97,28,46.43,1.744,48.82,1.861,-14.97,-22.61,-1.72,-0.515
PET,39,53.85,4.13,161.07,2.596,-15.23,38,63.16,3.637,138.21,2.39,-15.23,-22.86,9.31,-0.207
HDG,38,44.74,3.243,123.23,1.983,-13.8,38,42.11,2.617,99.45,1.772,-13.8,-23.78,-2.63,-0.211
NRC,28,39.29,1.591,44.55,1.437,-12.5,31,38.71,0.638,19.78,1.172,-12.5,-24.77,-0.58,-0.265
ADS,22,54.55,6.999,153.98,3.541,-15.21,22,45.45,5.84,128.49,2.77,-15.21,-25.49,-9.09,-0.77
FCN,34,50.0,3.226,109.68,1.697,-23.42,37,48.65,2.26,83.61,1.491,-23.42,-26.07,-1.35,-0.206
IPA,22,45.45,5.996,131.92,2.186,-21.36,23,34.78,4.535,104.31,1.937,-21.36,-27.61,-10.67,-0.249
VNE,29,44.83,4.97,144.13,2.556,-14.14,31,45.16,3.747,116.15,2.256,-14.14,-27.98,0.33,-0.3
IVS,24,33.33,4.237,101.68,2.427,-17.06,26,34.62,2.795,72.68,1.791,-17.67,-29.0,1.28,-0.637
DVN,27,37.04,1.747,47.17,1.583,-12.77,29,31.03,0.617,17.9,1.189,-12.77,-29.27,-6.0,-0.394
PLC,35,54.29,3.804,133.14,2.524,-14.92,36,55.56,2.862,103.02,2.308,-14.92,-30.12,1.27,-0.216
NSH,15,33.33,6.319,94.78,2.007,-30.77,15,26.67,4.209,63.14,1.642,-30.77,-31.64,-6.67,-0.365
DCM,30,56.67,9.378,281.34,6.094,-10.19,30,60.0,8.31,249.31,5.474,-10.14,-32.03,3.33,-0.62
IJC,36,41.67,0.287,10.32,1.062,-18.32,38,36.84,-0.579,-22.0,0.878,-18.32,-32.32,-4.82,-0.185
HAR,29,44.83,7.18,208.22,3.103,-15.54,27,48.15,6.489,175.21,3.397,-14.2,-33.01,3.32,0.294
NHA,28,42.86,8.658,242.43,3.318,-13.66,29,41.38,7.211,209.12,2.675,-13.66,-33.31,-1.48,-0.643
TCL,28,42.86,3.402,95.26,3.395,-5.72,30,36.67,2.056,61.69,1.956,-16.14,-33.57,-6.19,-1.439
IDJ,34,32.35,12.045,409.54,3.317,-18.82,34,32.35,10.973,373.09,3.026,-18.82,-36.45,0.0,-0.291
MST,35,54.29,3.943,137.99,2.541,-16.61,30,56.67,3.362,100.86,1.772,-57.76,-37.13,2.38,-0.77
DHT,19,52.63,14.447,274.5,17.997,-3.12,21,47.62,11.277,236.81,9.8,-5.99,-37.69,-5.01,-8.197
PHP,23,34.78,3.701,85.13,1.954,-13.67,23,26.09,2.018,46.41,1.461,-17.4,-38.72,-8.7,-0.493
KDM,12,50.0,15.802,189.62,5.333,-11.06,13,53.85,11.454,148.9,4.664,-11.06,-40.72,3.85,-0.669
AMV,23,43.48,0.622,14.31,1.176,-15.94,24,29.17,-1.3,-31.21,0.67,-15.94,-45.52,-14.31,-0.506
ACM,8,50.0,12.382,99.06,8.602,-10.53,9,33.33,5.504,49.54,1.875,-20.0,-49.52,-16.67,-6.728
CSV,34,55.88,5.831,198.27,3.523,-14.74,33,54.55,4.44,146.53,2.879,-14.74,-51.74,-1.34,-0.643
API,24,33.33,11.742,281.8,3.5,-16.16,25,32.0,8.98,224.51,3.029,-16.16,-57.29,-1.33,-0.471
WSS,15,40.0,3.036,45.54,1.589,-17.0,17,41.18,-1.041,-17.69,0.795,-17.0,-63.23,1.18,-0.794
NVB,28,35.71,3.003,84.09,1.916,-14.36,32,25.0,0.415,13.27,1.108,-14.36,-70.82,-10.71,-0.808
