entry_day,exit_day,holding_days,pnl_pct,max_profit_pct,exit_efficiency,future_upside_pct,exit_reason,exit_date,entry_wp,entry_dp,entry_rs,entry_vs,entry_bs,entry_hl,entry_od,entry_bb,entry_score,entry_date,entry_symbol,position_size,model
32,37,5,42.27,45.31,93.3,1.98,signal,37,0.5477178423236508,0.11330561330561348,20.68695745364913,1.227611489362658,1.0,2.0,0.08867146501231439,0.9333333333333333,5,32,AAA,0.7,random_forest
72,81,9,48.51,54.62,88.8,8.85,signal,81,0.713114754098361,0.07882882882882875,13.897790680138726,1.5969463610890693,1.0,2.0,0.03272843741782948,0.75,5,72,AAA,0.7,random_forest
86,92,6,-0.25,0.0,0.0,10.37,zombie_exit,92,0.7711442786069657,0.04722792607802865,2.5187212193435613,0.8675460898717016,1.0,2.0,-0.05791212531620532,0.11666666666666667,3,86,AAA,1.0,random_forest
93,96,3,5.06,5.32,95.1,10.82,trailing_stop,96,0.48333333333333367,0.06471816283924835,16.014316174230885,0.8681802761709196,2.0,3.0,-0.018864714417130158,0.016666666666666666,4,93,AAA,1.0,random_forest
105,109,4,-5.78,1.91,-302.4,8.59,stop_loss,109,0.680272108843538,0.044890162368672284,13.568773234200748,1.5231126122936858,2.0,3.0,0.04915575113554174,0.31666666666666665,5,105,AAA,1.0,random_forest
172,185,13,100.35,103.04,97.4,3.26,signal,185,0.6714285714285714,0.02361396303901442,2.322580645161281,0.683379990493063,1.0,2.0,0.010810437502519445,0.016666666666666666,4,172,AAA,0.5,random_forest
190,195,5,-1.85,0.0,0.0,2.02,signal,195,0.5,0.03206412825651305,-0.2089864158829613,1.12176016933233,1.0,2.0,0.03055210763513351,0.16666666666666666,4,190,AAA,1.0,random_forest
200,205,5,-4.17,0.0,0.0,13.97,stop_loss,205,0.42187499999999895,0.037260825780463344,5.673274094326665,0.729261412640914,1.0,1.0,-0.007139055860087062,0.26666666666666666,3,200,AAA,1.0,random_forest
223,254,31,55.9,60.18,92.9,14.29,signal,254,0.7529411764705882,0.04022988505747126,33.97129186602872,1.9528368903851498,3.0,3.0,-0.038572557279351,1.0,4,223,AAA,0.7,random_forest
283,291,8,58.72,65.31,89.9,7.08,signal,291,0.6808510638297871,0.11363636363636369,25.637755102040835,1.3774123869823383,3.0,3.0,0.34930900922273267,0.9666666666666667,5,283,AAS,0.7,random_forest
297,302,5,95.42,100.16,95.3,0.0,signal,302,0.8650793650793651,0.0230040595399188,6.342368612896813,1.2569128138905006,1.0,2.0,0.06434955892379604,1.0,4,297,AAV,0.5,random_forest
388,396,8,8.98,18.5,48.5,6.89,trailing_stop,396,0.6440677966101696,0.09251101321585901,10.134087575948051,1.4339947534636919,1.0,1.0,0.35407043283744855,0.7,4,388,AAV,1.0,random_forest
403,407,4,-1.81,0.0,0.0,3.62,stop_loss,407,0.6622516556291391,0.09960937499999996,0.6617134896679886,0.9069152671903095,1.0,2.0,-0.008112909689983901,0.6166666666666667,4,403,AAV,1.0,random_forest
441,450,9,37.71,46.42,81.2,45.22,signal,450,0.903954802259887,0.033730158730158714,32.95025728987992,1.4366517302461526,3.0,3.0,0.21452717298535917,1.0,4,441,AAV,0.7,random_forest
452,462,10,40.28,40.63,99.1,-2.33,signal,462,0.8511904761904762,0.04646840148698885,0.24383247274812447,1.0713308120887868,1.0,3.0,-0.0646335171577888,0.48333333333333334,3,452,AAV,1.0,random_forest
498,516,18,91.99,91.99,100.0,0.0,end,516,0.9125874125874126,0.03004807692307692,23.9039827107132,1.7870610885310028,3.0,4.0,0.08912288819684466,0.7833333333333333,4,498,AAV,0.7,random_forest
4,13,9,94.08,104.51,90.0,0.0,signal,13,0.8760330578512394,0.02334630350194558,2.9901056515176947,1.1525363057649123,0.0,2.0,-0.0338559630913695,0.85,4,4,AAA,0.5,random_forest
38,54,16,53.85,61.44,87.7,12.27,signal,54,0.7681159420289859,0.05276174773289355,1.1357729084292885,0.9569228867415991,2.0,3.0,0.002036702913603647,0.8166666666666667,3,38,AAA,0.7,random_forest
59,71,12,5.5,8.19,67.2,2.75,trailing_stop,71,0.7073170731707313,0.05128205128205133,-26.175913790592688,0.7977751028620892,1.0,2.0,0.06180107559591115,0.016666666666666666,3,59,AAA,1.0,random_forest
109,119,10,37.97,48.13,78.9,0.0,signal,119,0.8639455782312921,0.0362756952841597,12.346576227390187,2.2197604326416798,3.0,4.0,0.08813157438192215,1.0,4,109,AAA,0.7,random_forest
146,152,6,5.47,5.74,95.4,8.33,trailing_stop,152,0.8532818532818537,0.025956284153005396,19.386587319752778,1.4079773482703435,1.0,2.0,0.04308914154107492,0.45,4,146,AAA,1.0,random_forest
159,162,3,5.91,6.18,95.7,3.78,trailing_stop,162,0.7035175879396985,0.0391766268260292,2.006719497498459,0.9336784370261673,1.0,2.0,0.011997652418807646,0.11666666666666667,4,159,AAA,1.0,random_forest
163,169,6,0.99,2.49,39.8,3.78,zombie_exit,169,0.5616438356164383,0.06286836935166999,-0.7874642061724444,1.1508393296143877,1.0,2.0,0.008843876135137999,0.11666666666666667,4,163,AAA,1.0,random_forest
171,177,6,-4.29,2.44,-175.6,5.09,signal,177,0.6940639269406395,0.04305912596401028,-3.12849682954122,0.7719965525272319,1.0,2.0,0.007776805835442664,0.2833333333333333,3,171,AAA,1.0,random_forest
188,193,5,-1.15,1.86,-61.6,15.04,signal,193,0.4972677595628416,0.05897435897435897,-7.695086705202328,0.9559887642024874,1.0,2.0,0.02426461093639879,0.16666666666666666,3,188,AAA,1.0,random_forest
202,217,15,95.05,106.56,89.2,14.78,signal,217,0.8164251207729458,0.022605591909577786,18.290378006872785,1.664666735448034,2.0,3.0,-0.019433900033424142,0.5333333333333333,4,202,AAA,0.5,random_forest
234,259,25,71.26,97.39,73.2,-12.93,signal,259,0.6417445482866038,0.06616800920598402,5.35359457962803,1.503437934818543,1.0,2.0,-0.013206348880563504,0.9166666666666666,5,234,AAA,0.7,random_forest
296,298,2,-2.48,0.0,0.0,28.63,signal,298,0.6296296296296293,0.08130081300813015,-13.359386307714608,1.1892337015681669,1.0,1.0,-0.09603646680437486,0.016666666666666666,3,296,AAS,1.0,random_forest
307,313,6,-3.1,2.86,-108.5,1.08,zombie_exit,313,0.8502673796791448,0.04713804713804703,3.468104222821225,1.3138178154058955,3.0,3.0,0.5616280116544415,0.38333333333333336,4,307,AAS,1.0,random_forest
343,347,4,36.46,52.32,69.7,62.79,trailing_stop,347,0.8292682926829267,0.07854137447405336,24.052516994712718,2.067429895535724,2.0,2.0,1.2324181360870166,1.0,4,343,AAS,0.7,random_forest
353,369,16,56.62,75.56,74.9,-7.62,signal,369,0.739130434782609,0.13259668508287278,1.7509708547444518,1.1050251031545002,0.0,2.0,0.2045333667981092,0.85,5,353,AAS,0.7,random_forest
398,400,2,5.01,5.27,95.0,26.95,trailing_stop,400,0.7669172932330823,0.07259953161592518,-4.924242424242436,1.2474794911502218,4.0,3.0,-0.07559143623576696,0.25,3,398,AAS,1.0,random_forest
401,427,26,20.88,25.27,82.6,23.79,trailing_stop,427,0.5949367088607598,0.115523465703971,-20.751146177630886,1.276835120512354,3.0,1.0,0.0032573882873248583,0.13333333333333333,3,401,AAS,1.0,random_forest
437,443,6,-1.73,0.0,0.0,51.72,zombie_exit,443,0.7411347517730495,0.06358885017421606,22.09869748669972,1.411007120365957,3.0,3.0,-0.10121641024725452,0.25,5,437,AAS,1.0,random_forest
444,473,29,85.63,92.31,92.8,1.96,signal,473,0.7801418439716309,0.0534943917169975,13.728503618395422,0.8659637454018654,0.0,2.0,-0.04466842660139761,0.7333333333333333,3,444,AAS,0.7,random_forest
515,520,5,98.61,101.66,97.0,19.17,signal,520,0.8571428571428568,0.020547945205479503,7.639700471800211,1.3801398716359228,3.0,3.0,5.550760777310682,0.65,4,515,AAT,0.5,random_forest
523,541,18,8.22,11.67,70.5,9.51,signal,541,0.8437500000000002,0.029182879377431862,11.07002801120447,1.0909090909090908,2.0,3.0,0.4828639843685203,0.65,3,523,AAT,1.0,random_forest
554,557,3,-5.58,0.0,0.0,13.78,stop_loss,557,0.694533762057878,0.052895322939866325,19.31533160094896,1.3130227880393455,3.0,3.0,0.8422415206085264,0.18333333333333332,5,554,AAT,1.0,random_forest
565,570,5,-3.69,0.0,0.0,8.57,signal,570,0.5627240143369179,0.06896551724137924,-3.2085561497325585,0.9273700569849767,1.0,2.0,0.09072715969456269,0.18333333333333332,3,565,AAT,1.0,random_forest
573,579,6,-0.95,1.68,-56.7,-1.43,zombie_exit,579,0.8279569892473116,0.026044492674986458,28.337628865979326,1.0656830102015935,2.0,4.0,-0.04223751995708697,0.5166666666666667,3,573,AAT,1.0,random_forest
640,674,34,23.31,28.97,80.4,-1.88,signal,674,0.668555240793201,0.10626702997275204,27.59756749532211,0.9369166139063861,1.0,2.0,0.0297101230967578,0.55,4,640,AAV,1.0,random_forest
704,711,7,12.22,12.5,97.7,0.59,trailing_stop,711,0.791044776119403,0.031249999999999997,24.870281674079145,1.2221083273589073,3.0,3.0,-0.05952024188137576,0.38333333333333336,4,704,AAV,1.0,random_forest
757,795,38,94.35,109.95,85.8,3.81,signal,795,0.8659217877094971,0.035476718403547707,29.246605951335255,1.281865329969881,3.0,4.0,-0.011280640667885394,0.8,4,757,AAV,0.7,random_forest
818,821,3,-1.94,0.0,0.0,0.0,stop_loss,821,0.6507115135834408,0.09313556398758203,5.820774829081813,1.3050023564443396,2.0,2.0,-0.04450726858533255,0.16666666666666666,5,818,AAV,1.0,random_forest
4,9,5,28.85,37.04,77.9,5.85,signal,9,0.659504132231405,0.10093091621754036,-1.030948950958205,0.9143427761611047,1.0,3.0,0.032091820463936396,0.8333333333333334,3,4,AAA,0.7,random_forest
54,61,7,-1.84,2.08,-88.1,-4.6,signal,61,0.6861313868613139,0.04712328767123285,20.337874239975385,1.6160215998756293,2.0,3.0,-0.07179383007436455,0.36666666666666664,5,54,AAA,1.0,random_forest
137,152,15,3.44,7.4,46.5,-1.23,signal,152,0.6345177664974617,0.061962134251290935,22.019149386373265,1.387441943808277,2.0,2.0,0.018088672151157184,0.18333333333333332,5,137,AAA,1.0,random_forest
237,240,3,-7.17,0.0,0.0,-0.58,signal,240,0.6832298136645959,0.06938775510204091,-5.932884557419889,0.8740247336617416,2.0,3.0,0.0525345709454728,0.08333333333333333,3,237,AAA,1.0,random_forest
251,254,3,-3.31,0.0,0.0,0.7,signal,254,0.6896551724137927,0.08117859290438975,-0.25227731413298926,1.2312722486796293,2.0,2.0,0.03524259148281355,0.016666666666666666,4,251,AAS,1.0,random_forest
277,295,18,7.93,12.33,64.3,14.32,signal,295,0.8419811320754721,0.04070473876063172,3.7035475347163924,1.334178855523997,2.0,3.0,-0.02727218866781717,0.43333333333333335,4,277,AAS,1.0,random_forest
298,304,6,-3.4,0.0,0.0,18.86,signal,304,0.7222222222222218,0.04711751662971183,-6.149477510222624,0.36545064469211314,1.0,2.0,0.0037456638892515424,0.016666666666666666,3,298,AAS,1.0,random_forest
308,313,5,3.2,3.46,92.5,-3.69,trailing_stop,313,0.8068783068783069,0.03709349593495937,39.98575498575501,1.8836378517301027,1.0,2.0,-0.07291516399488313,0.36666666666666664,4,308,AAS,1.0,random_forest
389,394,5,-0.67,2.35,-28.5,-1.96,signal,394,0.765193370165746,0.07124895222129084,-26.508768645072706,2.2471973939980296,2.0,3.0,-0.05845352816189967,0.4666666666666667,3,389,AAS,1.0,random_forest
546,549,3,-2.32,0.0,0.0,0.34,signal,549,0.6666666666666675,0.03824701195219112,-19.838102838900888,0.9677846142902871,1.0,2.0,0.035001868631104924,0.16666666666666666,3,546,AAT,1.0,random_forest
574,583,9,46.19,49.62,93.1,2.73,signal,583,0.6836363636363639,0.07027463651050074,10.094254140549857,1.9502381891555662,3.0,3.0,-0.048103170015424065,0.9,5,574,AAT,0.7,random_forest
590,592,2,-5.37,0.0,0.0,3.35,stop_loss,592,0.6755319148936165,0.04743390357698299,-11.368142762723075,1.0613366439064764,2.0,2.0,-0.02769550060575412,0.016666666666666666,3,590,AAT,1.0,random_forest
608,625,17,55.48,65.36,84.9,3.73,signal,625,0.8342696629213483,0.05795677799607071,24.24013182533143,1.1766051011433598,0.0,2.0,0.05942757762446563,0.75,4,608,AAT,0.7,random_forest
724,734,10,42.35,48.67,87.0,2.04,signal,734,0.6489510489510488,0.10735671514114635,19.945182374024846,1.656399161054562,1.0,2.0,0.08998958619319966,0.9333333333333333,5,724,AAV,0.7,random_forest
848,853,5,-3.3,0.0,0.0,-1.05,signal,853,0.6347031963470323,0.08163265306122437,12.02088111998733,1.4679792029155287,2.0,2.0,0.05302125981116079,0.16666666666666666,5,848,AAV,1.0,random_forest
16,24,8,1.39,4.55,30.5,17.76,trailing_stop,24,0.7305699481865287,0.06565656565656561,6.76948991946098,2.3979224092646416,3.0,4.0,-0.09739483918931804,0.6,5,16,AAA,1.0,random_forest
31,38,7,4.94,5.81,85.1,6.83,trailing_stop,38,0.6606060606060604,0.06779661016949158,-4.982698961937729,0.9683408512742139,1.0,2.0,-0.035807612404048145,0.15,3,31,AAA,1.0,random_forest
39,45,6,4.12,4.38,94.0,8.24,trailing_stop,45,0.7164179104477606,0.04497041420118353,8.275058275058264,0.7287923202046986,2.0,3.0,-0.0140459929323231,0.2833333333333333,4,39,AAA,1.0,random_forest
48,51,3,-2.89,0.0,0.0,8.24,signal,51,0.776699029126213,0.026436781609195454,0.023767082590573807,0.914360111955006,1.0,2.0,-0.01708542842352018,0.016666666666666666,3,48,AAA,1.0,random_forest
56,67,11,3.43,5.99,57.2,19.59,trailing_stop,67,0.6093750000000003,0.02880184331797235,5.692845858722599,0.7156006075233645,3.0,3.0,0.03146578927009511,0.016666666666666666,4,56,AAA,1.0,random_forest
72,93,21,14.05,18.63,75.4,8.91,signal,93,0.5188679245283023,0.0562293274531422,-1.9583485568140233,0.7228421206419998,2.0,3.0,0.01074684382474449,0.06666666666666667,3,72,AAA,1.0,random_forest
97,108,11,4.28,6.44,66.5,2.6,trailing_stop,108,0.7238095238095243,0.02746212121212113,-3.2668493808390053,0.9826964117149386,2.0,3.0,-0.013668958375415709,0.1,3,97,AAA,1.0,random_forest
127,133,6,2.86,4.4,65.0,9.22,trailing_stop,133,0.6545454545454553,0.03486238532110082,21.315049226441637,1.7267137889875948,3.0,3.0,0.006277933848416295,0.15,5,127,AAA,1.0,random_forest
138,144,6,39.47,43.78,90.2,3.46,signal,144,0.7968749999999997,0.0331632653061225,-0.1942108044040296,1.2889490989434085,3.0,4.0,-0.012559475767500494,0.75,3,138,AAA,0.7,random_forest
149,154,5,-1.12,0.79,-142.6,-5.5,signal,154,0.44615384615384596,0.06299212598425202,3.9775065148813837,0.9988602716883597,2.0,3.0,0.03403934964343677,0.21666666666666667,4,149,AAA,1.0,random_forest
222,227,5,0.21,0.46,100.0,8.04,signal,227,0.6962025316455693,0.05523590333716921,-10.25676677790139,1.0413772277542073,0.0,2.0,0.031664774640749835,0.6,3,222,AAA,1.0,random_forest
233,239,6,-2.74,0.98,-280.5,24.21,signal,239,0.7327586206896548,0.0336956521739131,10.016420361247825,1.3484969618691462,3.0,3.0,-0.047790920795307126,0.13333333333333333,5,233,AAA,1.0,random_forest
248,253,5,16.06,17.5,91.7,11.56,signal,253,0.48837209302325607,0.048511576626240296,-9.482758620689545,0.7483752542889425,2.0,4.0,-0.0022131787633778675,0.1,3,248,AAA,1.0,random_forest
256,267,11,4.37,8.43,51.8,0.0,signal,267,0.6108374384236454,0.1305785123966942,6.592224365632873,0.8049065350109256,1.0,2.0,-0.1587874361080263,0.21666666666666667,4,256,AAS,1.0,random_forest
311,318,7,36.76,44.6,82.4,8.77,signal,318,0.7926829268292679,0.05182926829268304,23.724685977954394,2.4383322129138643,3.0,4.0,-0.19382282286351413,0.75,4,311,AAS,0.7,random_forest
321,326,5,35.22,42.19,83.5,13.02,signal,326,0.6336206896551723,0.12426900584795329,2.972294938917969,1.1333634986523973,2.0,3.0,-0.018844087107644514,0.8,5,321,AAS,0.7,random_forest
334,339,5,-2.65,0.0,0.0,37.68,signal,339,0.5000000000000002,0.12022630834512017,3.4763432237369685,2.223207893136953,3.0,3.0,-0.06390623647617434,0.4666666666666667,5,334,AAS,1.0,random_forest
345,369,24,33.27,45.54,73.1,3.63,signal,369,0.6294117647058824,0.08641975308641973,7.093295827473057,1.0519881614159796,1.0,2.0,-0.03840708149821945,0.5333333333333333,4,345,AAS,1.0,random_forest
396,401,5,-4.47,0.0,0.0,18.03,signal,401,0.47499999999999964,0.10324483775811216,17.943722943722946,1.2330090399061189,4.0,3.0,-0.011430784022626136,0.21666666666666667,5,396,AAS,1.0,random_forest
414,421,7,2.14,4.78,44.6,-0.83,trailing_stop,421,0.8510638297872335,0.03219871205151807,25.472492094490264,1.8750434798039037,3.0,4.0,-0.11486555899879769,0.6,4,414,AAS,1.0,random_forest
480,486,6,-3.65,0.0,0.0,7.98,signal,486,0.7272727272727282,0.03409090909090897,6.03926589842083,1.3948999124601478,3.0,2.0,-0.005129412806563462,0.06666666666666667,5,480,AAS,1.0,random_forest
514,519,5,-3.49,0.0,0.0,-0.21,signal,519,0.6588235294117645,0.05882352941176472,2.3600973236009324,1.8861730051862904,2.0,1.0,0.07650046934716054,0.2,4,514,AAT,1.0,random_forest
582,589,7,38.54,42.92,89.8,42.03,signal,589,0.7499999999999987,0.026804123711340368,49.999999999999915,2.1762573167838135,1.0,2.0,0.08360559323153302,0.7666666666666667,5,582,AAT,0.7,random_forest
594,615,21,60.35,68.13,88.6,3.62,signal,615,0.8152173913043479,0.03244274809160304,10.093203000681974,1.4426253991471931,3.0,4.0,0.2170899881460926,1.0,4,594,AAT,0.7,random_forest
630,639,9,6.1,7.2,84.7,5.56,trailing_stop,639,0.4404761904761902,0.07872696817420446,23.111658456486055,0.8467271606733592,1.0,3.0,-0.1439224266246294,0.4,4,630,AAT,1.0,random_forest
646,652,6,-3.76,1.28,-293.8,7.66,stop_loss,652,0.5405405405405409,0.054399999999999976,-0.9920634920635081,1.3338695014554747,3.0,3.0,0.6328250406005236,0.03333333333333333,4,646,AAT,1.0,random_forest
675,677,2,-7.15,0.0,0.0,1.93,stop_loss,677,0.49367088607595006,0.06920415224913486,-13.352949418523139,0.7727527390190544,2.0,3.0,1.1342904989099554,0.23333333333333334,3,675,AAT,1.0,random_forest
729,735,6,98.52,102.56,96.1,12.55,signal,735,0.5714285714285733,0.024096385542168516,-11.308203991130945,1.4429085161915998,2.0,2.0,0.41283629202400274,0.05,4,729,AAT,0.5,random_forest
763,768,5,-4.32,2.04,-211.7,0.0,stop_loss,768,0.5384615384615387,0.12244897959183665,1.8421052631579187,2.194219747452991,2.0,2.0,0.5734497325212748,0.11666666666666667,5,763,AAV,1.0,random_forest
806,813,7,40.42,45.2,89.4,4.55,signal,813,0.6363636363636367,0.09090909090909079,5.000000000000057,2.078027286318209,1.0,1.0,0.7878760201892587,0.8333333333333334,4,806,AAV,0.7,random_forest
825,832,7,-0.25,2.22,-11.2,51.5,signal,832,0.5714285714285718,0.06666666666666662,11.688311688311721,1.6630561893428086,4.0,3.0,0.13046849402070756,0.225,5,825,AAV,1.0,random_forest
839,850,11,53.67,65.83,81.5,8.62,signal,850,0.7894736842105262,0.0714285714285715,-1.9230769230769766,1.9134962697508606,3.0,3.0,0.31957843882282666,1.0,3,839,AAV,0.7,random_forest
871,875,4,-1.89,1.64,-115.0,16.13,signal,875,0.7272727272727267,0.049180327868852576,6.926406926406926,1.2147921474012098,1.0,2.0,0.34956069837230463,0.425,5,871,AAV,1.0,random_forest
877,881,4,17.74,18.03,98.4,7.69,trailing_stop,881,0.6666666666666664,0.06557377049180334,4.705882352941174,1.0952358676504503,1.0,2.0,0.17599140705091462,0.35,4,877,AAV,1.0,random_forest
882,888,6,2.73,2.99,91.4,4.48,zombie_exit,888,0.6000000000000001,0.11940298507462684,-6.085192697768775,1.9240537885101907,2.0,2.0,0.3864187007496569,0.6166666666666667,4,882,AAV,1.0,random_forest
889,894,5,-4.59,1.45,-316.5,6.67,stop_loss,894,0.6666666666666669,0.08695652173913038,4.356060606060602,0.9293245050076542,0.0,1.0,0.05692081204330786,0.48333333333333334,3,889,AAV,1.0,random_forest
2,8,6,1.16,1.41,82.0,14.25,zombie_exit,8,0.678571428571429,0.02928416485900212,23.712856722565434,1.0273270399295666,1.0,2.0,-0.03258031662345025,0.08333333333333333,4,2,AAA,1.0,random_forest
16,45,29,8.82,17.42,50.6,5.54,signal,45,0.5192307692307688,0.027056277056277056,-3.9909297052154997,0.7620085577832661,2.0,4.0,0.005123850295139149,0.016666666666666666,3,16,AAA,1.0,random_forest
54,66,12,2.07,5.14,40.3,1.42,signal,66,0.4000000000000006,0.069767441860465,9.40000000000002,0.923099122484055,1.0,3.0,-0.024167458999027974,0.55,4,54,AAA,1.0,random_forest
87,106,19,47.75,53.22,89.7,4.44,signal,106,0.8497409326424875,0.027204502814258832,33.146392758084716,1.255180990023179,1.0,2.0,-0.10712355190003321,0.85,4,87,AAA,0.7,random_forest
118,122,4,-1.16,0.82,-141.3,7.88,signal,122,0.2999999999999993,0.08310502283105024,4.4517774718600265,1.1827468165075148,1.0,2.0,-0.009343383900442091,0.2,5,118,AAA,1.0,random_forest
126,132,6,3.18,5.12,62.2,2.94,trailing_stop,132,0.7583333333333339,0.025595763459841055,16.98676909944514,1.097931359251335,2.0,3.0,0.003994253626265619,0.06666666666666667,3,126,AAA,1.0,random_forest
237,241,4,-1.8,0.0,0.0,11.87,signal,241,0.6666666666666652,0.0322580645161292,-14.725274725274758,0.877696102802235,0.0,2.0,-0.013167808101670389,0.4166666666666667,3,237,AAA,1.0,random_forest
247,251,4,7.41,7.68,96.5,13.56,stop_loss,251,0.6056338028169028,0.032748538011695826,-1.9748042219951927,1.3330543190156,3.0,3.0,-0.01591269828161779,0.16666666666666666,4,247,AAA,1.0,random_forest
416,423,7,95.27,100.15,95.1,0.0,signal,423,0.7142857142857132,0.02298850574712656,12.941176470588204,1.3090176303431407,3.0,1.0,8.709704822077585e-05,0.016666666666666666,4,416,AAS,0.5,random_forest
449,463,14,102.47,109.41,93.7,7.87,signal,463,0.7142857142857132,0.023255813953488497,7.500000000000114,1.5321580653014462,2.0,1.0,0.021291991901308288,0.6,4,449,AAS,0.5,random_forest
466,471,5,1.94,4.35,44.6,-1.06,trailing_stop,471,0.6363636363636359,0.04347826086956526,-1.571428571428605,0.7434073966068366,0.0,2.0,0.00721109452967373,0.7,3,466,AAS,1.0,random_forest
472,477,5,39.46,40.77,96.8,1.12,signal,477,0.5833333333333337,0.05376344086021505,1.0101010101010672,0.7223388573280412,0.0,0.0,0.005703861157724192,0.7166666666666667,3,472,AAS,0.7,random_forest
516,521,5,-0.25,0.0,0.0,-1.19,signal,521,0.24999999999999944,0.0705882352941176,7.17703349282295,1.764007931555276,2.0,2.0,0.009678718012281488,0.2,5,516,AAS,1.0,random_forest
592,596,4,-2.87,0.0,0.0,0.0,signal,596,0.7499999999999997,0.026315789473684237,13.333333333333307,1.227375960866527,2.0,2.0,-0.02036936158699188,0.38333333333333336,5,592,AAS,1.0,random_forest
632,651,19,49.85,54.73,91.1,0.73,signal,651,0.8717948717948718,0.056818181818181816,30.32258064516128,2.991998800355609,3.0,4.0,-0.2600733475618937,1.0,4,632,AAS,0.7,random_forest
666,672,6,-0.8,0.0,0.0,0.0,zombie_exit,672,0.4626865671641799,0.06666666666666655,23.352033660589093,1.5549094520594913,2.0,3.0,-0.749237514734531,0.5833333333333334,5,666,AAT,1.0,random_forest
673,678,5,-2.1,0.0,0.0,0.0,signal,678,0.5344827586206905,0.04999999999999992,-3.100158982511907,0.5716836601155129,1.0,3.0,-1.6012334202154062,0.45,3,673,AAT,1.0,random_forest
795,800,5,39.42,40.67,96.9,-2.11,signal,800,0.7341772151898734,0.05263157894736841,-12.159624413145579,1.6681642905154421,1.0,2.0,0.37963630251547464,0.9166666666666666,4,795,AAT,0.7,random_forest
863,867,4,-3.39,0.0,0.0,2.05,signal,867,0.6363636363636367,0.057306590257879576,22.619047619047656,0.7436602505346777,1.0,3.0,-0.004247394091379593,0.45,4,863,AAT,1.0,random_forest
874,879,5,-0.54,0.0,0.0,2.5,signal,879,0.6153846153846159,0.057306590257879576,5.826086956521749,1.2159481886257844,3.0,4.0,0.011469011084647287,0.4,5,874,AAT,1.0,random_forest
953,957,4,42.87,52.6,81.5,35.71,trailing_stop,957,0.8250000000000001,0.11290322580645164,7.738095238095255,1.7392739561192219,2.0,2.0,-0.06105246736098002,1.0,4,953,AAV,0.7,random_forest
970,971,1,-0.25,0.0,0.0,0.0,stop_loss,971,0.7037037037037038,0.11594202898550722,5.446808510638306,1.1853657859958422,1.0,3.0,0.3127557109348996,0.7,5,970,AAV,1.0,random_forest
1001,1004,3,-5.16,0.0,0.0,10.34,signal,1004,0.583333333333333,0.0819672131147541,-1.547987616099057,1.1782891433117406,1.0,1.0,0.010069318796682186,0.13333333333333333,3,1001,AAV,1.0,random_forest
1009,1013,4,3.02,4.92,61.4,11.67,trailing_stop,1013,0.583333333333333,0.0819672131147541,2.1164021164021207,0.9366357127842659,2.0,2.0,0.23933610676976996,0.23333333333333334,4,1009,AAV,1.0,random_forest
1030,1036,6,-3.23,0.0,0.0,9.52,zombie_exit,1036,0.8461538461538461,0.029850746268656744,37.777777777777764,1.5498144984685776,2.0,3.0,0.6595519179048004,0.6666666666666666,4,1030,AAV,1.0,random_forest
1043,1048,5,1.26,3.03,41.6,1.52,trailing_stop,1048,0.6428571428571427,0.07575757575757576,0.96618357487921,0.9619273513488312,1.0,2.0,0.037337913159295216,0.6166666666666667,4,1043,AAV,1.0,random_forest
1084,1089,5,41.12,42.92,95.8,18.81,signal,1089,0.7857142857142858,0.047619047619047596,-1.1111111111111143,1.4736502184228704,2.0,3.0,0.09582286343156149,1.0,3,1084,AAV,0.7,random_forest
1096,1106,10,44.12,50.93,86.6,-2.53,signal,1106,0.8095238095238094,0.05333333333333338,18.333333333333357,1.587305141763661,1.0,2.0,0.27659408252300083,1.0,4,1096,AAV,0.7,random_forest
25,40,15,0.47,4.6,10.3,2.16,signal,40,0.6093749999999998,0.03026634382566586,-11.147798742138427,1.095800490242893,0.0,2.0,-0.02746565434905947,0.55,3,25,AAA,1.0,random_forest
76,83,7,1.13,1.93,58.3,0.69,zombie_exit,83,0.7654320987654317,0.02620689655172419,9.151249823471275,1.217697527054459,1.0,2.0,-0.02717463841992159,0.55,4,76,AAA,1.0,random_forest
99,134,35,17.89,23.08,77.5,-1.76,signal,134,0.28301886792452885,0.05314685314685313,9.145427286356863,0.8570277719087175,2.0,3.0,0.010193129946347827,0.016666666666666666,4,99,AAA,1.0,random_forest
145,150,5,-2.45,0.0,0.0,5.79,signal,150,0.3185840707964605,0.09436274509803916,-4.373678646934479,0.6436595528842552,1.0,3.0,0.0006686640644771192,0.65,3,145,AAA,1.0,random_forest
153,157,4,-3.14,0.0,0.0,6.18,signal,157,0.5595238095238088,0.04474002418379698,23.893974065598712,0.9171432561837266,2.0,4.0,-0.004018136735258163,0.21666666666666667,4,153,AAA,1.0,random_forest
161,166,5,-3.22,0.0,0.0,-0.96,signal,166,0.632911392405064,0.03452380952380942,14.868136068288969,1.2235864340008205,3.0,2.0,0.003459037621753423,0.2,5,161,AAA,1.0,random_forest
201,207,6,0.35,0.6,58.0,5.36,zombie_exit,207,0.6719999999999999,0.04910179640718565,-5.552395039253618,1.9672958650437997,2.0,3.0,-0.05308711498485085,0.5833333333333334,4,201,AAA,1.0,random_forest
208,214,6,1.87,4.61,40.6,-3.44,trailing_stop,214,0.6907216494845371,0.03546099290780129,10.218253968253954,0.9968286925947327,0.0,2.0,-0.021057071283922167,0.6166666666666667,4,208,AAA,1.0,random_forest
244,255,11,71.79,72.22,99.4,9.62,trailing_stop,255,0.40000000000000036,0.08333333333333329,12.698412698412703,1.6042876550766612,3.0,1.0,0.06654957134678983,0.19166666666666668,4,244,AAH,1.0,random_forest
256,259,3,37.36,44.71,83.6,8.33,trailing_stop,259,0.7333333333333332,0.142857142857143,-8.734602463605825,1.96960053752577,2.0,2.0,2.059514098497184,1.0,4,256,AAH,0.7,random_forest
313,318,5,90.94,95.73,95.0,4.88,signal,318,0.916666666666667,0.022222222222222143,12.5,1.1610923490251508,1.0,2.0,0.12718211929591167,0.35,4,313,AAH,0.5,random_forest
350,360,10,95.25,102.48,92.9,5.0,signal,360,0.8333333333333326,0.023255813953488497,23.333333333333414,1.9831123017904606,2.0,2.0,0.5252874380685537,0.6,4,350,AAH,0.5,random_forest
368,373,5,38.25,40.73,93.9,7.32,signal,373,0.4545454545454547,0.13333333333333325,29.99999999999997,1.7161784518376397,2.0,1.0,0.24922999399866014,0.95,4,368,AAH,0.7,random_forest
484,494,10,5.62,7.06,79.6,5.75,trailing_stop,494,0.4615384615384616,0.0823529411764705,14.814814814814817,0.9658715761720731,2.0,2.0,0.024589940472830106,0.25,4,484,AAS,1.0,random_forest
497,503,6,-0.25,2.25,-11.1,4.55,zombie_exit,503,0.7142857142857141,0.04494382022471914,-12.801932367149725,1.2090393125343004,2.0,2.0,-0.012028935693183293,0.38333333333333336,4,497,AAS,1.0,random_forest
506,510,4,-4.68,0.0,0.0,1.15,signal,510,0.5555555555555554,0.04444444444444448,-10.275689223057611,1.3593105029811956,2.0,2.0,-0.00820248148322975,0.03333333333333333,4,506,AAS,1.0,random_forest
551,561,10,40.57,44.1,92.0,1.08,signal,561,0.8846153846153844,0.032608695652173995,10.57692307692301,2.4789560742510566,3.0,4.0,-0.10114542250084946,0.8166666666666667,4,551,AAS,0.7,random_forest
564,568,4,-0.25,0.0,0.0,3.37,signal,568,0.647058823529412,0.06741573033707861,-25.517241379310356,0.724248067264827,0.0,2.0,-0.013808039088375721,0.43333333333333335,3,564,AAS,1.0,random_forest
584,599,15,19.34,19.63,98.5,84.16,trailing_stop,599,0.5000000000000014,0.03409090909090897,-7.179487179487246,1.3019393029111632,2.0,2.0,0.0010860821083400738,0.03333333333333333,4,584,AAS,1.0,random_forest
600,625,25,103.46,147.99,69.9,-8.62,signal,625,0.692307692307692,0.07547169811320761,-1.2500000000000142,1.6503749170176412,2.0,2.0,-0.032943788618466426,0.7833333333333333,4,600,AAS,0.7,random_forest
705,715,10,42.98,44.95,95.6,0.86,signal,715,0.6666666666666669,0.10576923076923073,33.182503770739075,2.9167230001609528,3.0,3.0,0.004424947703662918,0.8333333333333334,5,705,AAS,0.7,random_forest
722,725,3,-2.25,0.0,0.0,0.88,signal,725,0.5777777777777776,0.05428571428571427,-4.3749999999999645,1.48168570303269,3.0,1.0,0.028434036370675257,0.2833333333333333,3,722,AAT,1.0,random_forest
816,842,26,42.16,47.97,87.9,16.18,signal,842,0.7647058823529409,0.03550295857988169,42.35033259423496,2.1542422756253066,2.0,4.0,0.13825400636890273,0.7166666666666667,4,816,AAT,0.7,random_forest
855,872,17,3.86,8.52,45.3,0.52,signal,872,0.7758620689655175,0.035714285714285685,17.521367521367516,1.25642112401458,3.0,4.0,0.191422577583097,0.7,4,855,AAT,1.0,random_forest
1014,1033,19,95.53,110.95,86.1,2.7,signal,1033,0.9354838709677421,0.024096385542168586,17.874396135265705,1.3991467751028797,3.0,4.0,0.05011012388967684,1.0,4,1014,AAV,0.5,random_forest
1143,1170,27,52.57,59.03,89.0,1.52,signal,1170,0.6999999999999993,0.049180327868852576,25.49019607843134,1.4594291016531145,2.0,3.0,0.11919391197673293,0.7166666666666667,5,1143,AAV,0.7,random_forest
72,81,9,48.51,54.62,88.8,8.85,signal,81,0.713114754098361,0.07882882882882875,13.897790680138726,1.5969463610890693,1.0,2.0,0.03272843741782948,0.75,5,72,AAA,0.7,xgboost
86,92,6,-0.25,0.0,0.0,10.37,zombie_exit,92,0.7711442786069657,0.04722792607802865,2.5187212193435613,0.8675460898717016,1.0,2.0,-0.05791212531620532,0.11666666666666667,3,86,AAA,1.0,xgboost
93,96,3,5.06,5.32,95.1,10.82,trailing_stop,96,0.48333333333333367,0.06471816283924835,16.014316174230885,0.8681802761709196,2.0,3.0,-0.018864714417130158,0.016666666666666666,4,93,AAA,1.0,xgboost
105,109,4,-5.78,1.91,-302.4,8.59,stop_loss,109,0.680272108843538,0.044890162368672284,13.568773234200748,1.5231126122936858,2.0,3.0,0.04915575113554174,0.31666666666666665,5,105,AAA,1.0,xgboost
172,185,13,100.35,103.04,97.4,3.26,signal,185,0.6714285714285714,0.02361396303901442,2.322580645161281,0.683379990493063,1.0,2.0,0.010810437502519445,0.016666666666666666,4,172,AAA,0.5,xgboost
190,195,5,-1.85,0.0,0.0,2.02,signal,195,0.5,0.03206412825651305,-0.2089864158829613,1.12176016933233,1.0,2.0,0.03055210763513351,0.16666666666666666,4,190,AAA,1.0,xgboost
200,205,5,-4.17,0.0,0.0,13.97,stop_loss,205,0.42187499999999895,0.037260825780463344,5.673274094326665,0.729261412640914,1.0,1.0,-0.007139055860087062,0.26666666666666666,3,200,AAA,1.0,xgboost
223,253,30,57.89,60.18,96.2,12.2,signal,253,0.7529411764705882,0.04022988505747126,33.97129186602872,1.9528368903851498,3.0,3.0,-0.038572557279351,1.0,4,223,AAA,0.7,xgboost
284,291,7,55.7,62.16,89.6,7.08,signal,291,0.7588652482269505,0.0835380835380835,42.96804680468044,1.6916639357387988,2.0,2.0,1.1024238679941822,1.0,4,284,AAS,0.7,xgboost
297,302,5,95.42,100.16,95.3,0.0,signal,302,0.8650793650793651,0.0230040595399188,6.342368612896813,1.2569128138905006,1.0,2.0,0.06434955892379604,1.0,4,297,AAV,0.5,xgboost
388,397,9,5.24,18.5,28.3,8.94,signal,397,0.6440677966101696,0.09251101321585901,10.134087575948051,1.4339947534636919,1.0,1.0,0.35407043283744855,0.7,4,388,AAV,1.0,xgboost
403,407,4,-1.81,0.0,0.0,3.62,stop_loss,407,0.6622516556291391,0.09960937499999996,0.6617134896679886,0.9069152671903095,1.0,2.0,-0.008112909689983901,0.6166666666666667,4,403,AAV,1.0,xgboost
452,462,10,40.28,40.63,99.1,-2.33,signal,462,0.8511904761904762,0.04646840148698885,0.24383247274812447,1.0713308120887868,1.0,3.0,-0.0646335171577888,0.48333333333333334,3,452,AAV,1.0,xgboost
498,516,18,91.99,91.99,100.0,0.0,end,516,0.9125874125874126,0.03004807692307692,23.9039827107132,1.7870610885310028,3.0,4.0,0.08912288819684466,0.7833333333333333,4,498,AAV,0.7,xgboost
4,13,9,94.08,104.51,90.0,0.0,signal,13,0.8760330578512394,0.02334630350194558,2.9901056515176947,1.1525363057649123,0.0,2.0,-0.0338559630913695,0.85,4,4,AAA,0.5,xgboost
38,53,15,52.49,61.44,85.4,12.6,signal,53,0.7681159420289859,0.05276174773289355,1.1357729084292885,0.9569228867415991,2.0,3.0,0.002036702913603647,0.8166666666666667,3,38,AAA,0.7,xgboost
59,71,12,5.5,8.19,67.2,2.75,trailing_stop,71,0.7073170731707313,0.05128205128205133,-26.175913790592688,0.7977751028620892,1.0,2.0,0.06180107559591115,0.016666666666666666,3,59,AAA,1.0,xgboost
109,119,10,37.97,48.13,78.9,0.0,signal,119,0.8639455782312921,0.0362756952841597,12.346576227390187,2.2197604326416798,3.0,4.0,0.08813157438192215,1.0,4,109,AAA,0.7,xgboost
146,152,6,5.47,5.74,95.4,8.33,trailing_stop,152,0.8532818532818537,0.025956284153005396,19.386587319752778,1.4079773482703435,1.0,2.0,0.04308914154107492,0.45,4,146,AAA,1.0,xgboost
162,168,6,-1.48,1.89,-78.6,3.1,signal,168,0.602739726027397,0.05664062500000007,-5.041873449131515,1.1980007395223706,1.0,2.0,0.03305558713080352,0.11666666666666667,4,162,AAA,1.0,xgboost
175,177,2,-4.84,0.0,0.0,5.09,signal,177,0.6233766233766235,0.05559105431309899,-20.502392344497572,0.912766475384799,1.0,2.0,0.021925393132112506,0.016666666666666666,3,175,AAA,1.0,xgboost
185,191,6,0.65,2.12,30.5,13.28,zombie_exit,191,0.4754098360655743,0.06169665809768631,6.741573033707866,0.9293648522313167,2.0,3.0,0.03153575275779056,0.13333333333333333,4,185,AAA,1.0,xgboost
202,208,6,97.64,103.98,93.9,2.47,signal,208,0.8164251207729458,0.022605591909577786,18.290378006872785,1.664666735448034,2.0,3.0,-0.019433900033424142,0.5333333333333333,4,202,AAA,0.5,xgboost
210,217,7,90.62,101.86,89.0,14.78,signal,217,0.862676056338028,0.02219692657939673,9.566706021251498,1.2313730369370275,2.0,3.0,-0.04273060616808938,0.9666666666666667,4,210,AAA,0.5,xgboost
234,258,24,74.9,97.39,76.9,-5.05,signal,258,0.6417445482866038,0.06616800920598402,5.35359457962803,1.503437934818543,1.0,2.0,-0.013206348880563504,0.9166666666666666,5,234,AAA,0.7,xgboost
296,298,2,-2.48,0.0,0.0,28.63,signal,298,0.6296296296296293,0.08130081300813015,-13.359386307714608,1.1892337015681669,1.0,1.0,-0.09603646680437486,0.016666666666666666,3,296,AAS,1.0,xgboost
307,314,7,-6.97,2.86,-243.4,-3.04,signal,314,0.8502673796791448,0.04713804713804703,3.468104222821225,1.3138178154058955,3.0,3.0,0.5616280116544415,0.38333333333333336,4,307,AAS,1.0,xgboost
343,347,4,36.46,52.32,69.7,62.79,trailing_stop,347,0.8292682926829267,0.07854137447405336,24.052516994712718,2.067429895535724,2.0,2.0,1.2324181360870166,1.0,4,343,AAS,0.7,xgboost
353,369,16,56.62,75.56,74.9,-7.62,signal,369,0.739130434782609,0.13259668508287278,1.7509708547444518,1.1050251031545002,0.0,2.0,0.2045333667981092,0.85,5,353,AAS,0.7,xgboost
398,400,2,5.01,5.27,95.0,26.95,trailing_stop,400,0.7669172932330823,0.07259953161592518,-4.924242424242436,1.2474794911502218,4.0,3.0,-0.07559143623576696,0.25,3,398,AAS,1.0,xgboost
406,427,21,16.8,21.05,79.8,23.79,trailing_stop,427,0.6616161616161615,0.07790697674418604,4.577023691094638,0.7002654964576963,2.0,2.0,0.0014298257124898371,0.016666666666666666,4,406,AAS,1.0,xgboost
437,443,6,-1.73,0.0,0.0,51.72,zombie_exit,443,0.7411347517730495,0.06358885017421606,22.09869748669972,1.411007120365957,3.0,3.0,-0.10121641024725452,0.25,5,437,AAS,1.0,xgboost
444,472,28,84.71,92.31,91.8,0.94,signal,472,0.7801418439716309,0.0534943917169975,13.728503618395422,0.8659637454018654,0.0,2.0,-0.04466842660139761,0.7333333333333333,3,444,AAS,0.7,xgboost
515,520,5,98.61,101.66,97.0,19.17,signal,520,0.8571428571428568,0.020547945205479503,7.639700471800211,1.3801398716359228,3.0,3.0,5.550760777310682,0.65,4,515,AAT,0.5,xgboost
523,542,19,6.09,11.67,52.2,10.52,signal,542,0.8437500000000002,0.029182879377431862,11.07002801120447,1.0909090909090908,2.0,3.0,0.4828639843685203,0.65,3,523,AAT,1.0,xgboost
554,557,3,-5.58,0.0,0.0,13.78,stop_loss,557,0.694533762057878,0.052895322939866325,19.31533160094896,1.3130227880393455,3.0,3.0,0.8422415206085264,0.18333333333333332,5,554,AAT,1.0,xgboost
565,570,5,-3.69,0.0,0.0,8.57,signal,570,0.5627240143369179,0.06896551724137924,-3.2085561497325585,0.9273700569849767,1.0,2.0,0.09072715969456269,0.18333333333333332,3,565,AAT,1.0,xgboost
573,578,5,-0.95,1.68,-56.7,-0.93,signal,578,0.8279569892473116,0.026044492674986458,28.337628865979326,1.0656830102015935,2.0,4.0,-0.04223751995708697,0.5166666666666667,3,573,AAT,1.0,xgboost
640,666,26,20.23,25.16,80.4,3.73,signal,666,0.668555240793201,0.10626702997275204,27.59756749532211,0.9369166139063861,1.0,2.0,0.0297101230967578,0.55,4,640,AAV,1.0,xgboost
670,674,4,-2.68,0.0,0.0,-1.88,signal,674,0.6781609195402298,0.06021505376344085,7.3754765090505074,0.75965466699967,3.0,3.0,-0.08274838421817621,0.016666666666666666,4,670,AAV,1.0,xgboost
704,711,7,12.22,12.5,97.7,0.59,trailing_stop,711,0.791044776119403,0.031249999999999997,24.870281674079145,1.2221083273589073,3.0,3.0,-0.05952024188137576,0.38333333333333336,4,704,AAV,1.0,xgboost
758,784,26,154.12,157.31,98.0,4.03,signal,784,0.9189944134078215,0.02113702623906699,19.546062226543498,1.4241470836693162,3.0,3.0,0.00862615737825484,0.95,4,758,AAV,0.5,xgboost
787,794,7,-1.85,0.97,-190.9,3.81,signal,794,0.7617091207888248,0.09682804674457436,25.287113394941493,1.2979418161659866,3.0,4.0,0.1319957915529234,0.55,4,787,AAV,1.0,xgboost
818,821,3,-1.94,0.0,0.0,0.0,stop_loss,821,0.6507115135834408,0.09313556398758203,5.820774829081813,1.3050023564443396,2.0,2.0,-0.04450726858533255,0.16666666666666666,5,818,AAV,1.0,xgboost
4,9,5,28.85,37.04,77.9,5.85,signal,9,0.659504132231405,0.10093091621754036,-1.030948950958205,0.9143427761611047,1.0,3.0,0.032091820463936396,0.8333333333333334,3,4,AAA,0.7,xgboost
54,60,6,-1.56,2.08,-75.0,-1.89,zombie_exit,60,0.6861313868613139,0.04712328767123285,20.337874239975385,1.6160215998756293,2.0,3.0,-0.07179383007436455,0.36666666666666664,5,54,AAA,1.0,xgboost
137,150,13,3.01,7.4,40.7,0.0,signal,150,0.6345177664974617,0.061962134251290935,22.019149386373265,1.387441943808277,2.0,2.0,0.018088672151157184,0.18333333333333332,5,137,AAA,1.0,xgboost
237,240,3,-7.17,0.0,0.0,-0.58,signal,240,0.6832298136645959,0.06938775510204091,-5.932884557419889,0.8740247336617416,2.0,3.0,0.0525345709454728,0.08333333333333333,3,237,AAA,1.0,xgboost
251,254,3,-3.31,0.0,0.0,0.7,signal,254,0.6896551724137927,0.08117859290438975,-0.25227731413298926,1.2312722486796293,2.0,2.0,0.03524259148281355,0.016666666666666666,4,251,AAS,1.0,xgboost
278,301,23,8.66,12.33,70.2,16.14,trailing_stop,301,0.8255208333333338,0.04070473876063172,4.7583643122676875,1.3264857664870486,2.0,3.0,-0.02891402558865473,0.4166666666666667,4,278,AAS,1.0,xgboost
308,313,5,3.2,3.46,92.5,-3.69,trailing_stop,313,0.8068783068783069,0.03709349593495937,39.98575498575501,1.8836378517301027,1.0,2.0,-0.07291516399488313,0.36666666666666664,4,308,AAS,1.0,xgboost
389,393,4,-2.59,2.35,-110.4,-1.43,signal,393,0.765193370165746,0.07124895222129084,-26.508768645072706,2.2471973939980296,2.0,3.0,-0.05845352816189967,0.4666666666666667,3,389,AAS,1.0,xgboost
402,407,5,0.29,2.51,11.4,-1.09,signal,407,0.0,0.14721723518850977,-23.590779067810807,0.7115835766463595,1.0,2.0,0.01981134214454137,0.1,3,402,AAS,1.0,xgboost
546,549,3,-2.32,0.0,0.0,0.34,signal,549,0.6666666666666675,0.03824701195219112,-19.838102838900888,0.9677846142902871,1.0,2.0,0.035001868631104924,0.16666666666666666,3,546,AAT,1.0,xgboost
574,582,8,46.19,49.62,93.1,2.73,signal,582,0.6836363636363639,0.07027463651050074,10.094254140549857,1.9502381891555662,3.0,3.0,-0.048103170015424065,0.9,5,574,AAT,0.7,xgboost
590,592,2,-5.37,0.0,0.0,3.35,stop_loss,592,0.6755319148936165,0.04743390357698299,-11.368142762723075,1.0613366439064764,2.0,2.0,-0.02769550060575412,0.016666666666666666,3,590,AAT,1.0,xgboost
611,625,14,45.64,54.9,83.1,3.73,signal,625,0.8979591836734695,0.04028648164726941,11.094615607004158,1.125032078555317,1.0,2.0,0.0730323740978236,0.7833333333333333,4,611,AAT,0.7,xgboost
724,731,7,46.02,48.67,94.5,-1.2,signal,731,0.6489510489510488,0.10735671514114635,19.945182374024846,1.656399161054562,1.0,2.0,0.08998958619319966,0.9333333333333333,5,724,AAV,0.7,xgboost
848,854,6,-3.3,0.0,0.0,2.17,signal,854,0.6347031963470323,0.08163265306122437,12.02088111998733,1.4679792029155287,2.0,2.0,0.05302125981116079,0.16666666666666666,5,848,AAV,1.0,xgboost
16,24,8,1.39,4.55,30.5,17.76,trailing_stop,24,0.7305699481865287,0.06565656565656561,6.76948991946098,2.3979224092646416,3.0,4.0,-0.09739483918931804,0.6,5,16,AAA,1.0,xgboost
31,38,7,4.94,5.81,85.1,6.83,trailing_stop,38,0.6606060606060604,0.06779661016949158,-4.982698961937729,0.9683408512742139,1.0,2.0,-0.035807612404048145,0.15,3,31,AAA,1.0,xgboost
45,50,5,-0.84,4.47,-18.7,8.62,signal,50,0.6560000000000002,0.050588235294117614,-7.344470046082918,0.823327384840892,3.0,3.0,-0.0036871559916790923,0.06666666666666667,3,45,AAA,1.0,xgboost
55,68,13,1.47,5.99,24.6,19.59,signal,68,0.6093750000000003,0.02880184331797235,10.010344553194834,0.6456580725185614,3.0,3.0,-0.000284777300253624,0.016666666666666666,4,55,AAA,1.0,xgboost
71,91,20,17.04,19.56,87.1,7.87,signal,91,0.5284552845528456,0.06444444444444446,-16.620879120879216,0.7523503145873766,1.0,2.0,0.006151008967724501,0.15,3,71,AAA,1.0,xgboost
101,107,6,0.57,2.18,25.9,0.0,zombie_exit,107,0.7361963190184049,0.039090909090909065,9.827997613839791,1.1582719800085322,1.0,3.0,-0.024722741300245918,0.48333333333333334,5,101,AAA,1.0,xgboost
108,111,3,-4.33,0.0,0.0,8.25,signal,111,0.4640000000000001,0.06226765799256505,-5.93946316390636,0.9073158990267267,0.0,2.0,0.039009490603024666,0.6166666666666667,3,108,AAA,1.0,xgboost
127,133,6,2.86,4.4,65.0,9.22,trailing_stop,133,0.6545454545454553,0.03486238532110082,21.315049226441637,1.7267137889875948,3.0,3.0,0.006277933848416295,0.15,5,127,AAA,1.0,xgboost
138,144,6,39.47,43.78,90.2,3.46,signal,144,0.7968749999999997,0.0331632653061225,-0.1942108044040296,1.2889490989434085,3.0,4.0,-0.012559475767500494,0.75,3,138,AAA,0.7,xgboost
149,154,5,-1.12,0.79,-142.6,-5.5,signal,154,0.44615384615384596,0.06299212598425202,3.9775065148813837,0.9988602716883597,2.0,3.0,0.03403934964343677,0.21666666666666667,4,149,AAA,1.0,xgboost
222,227,5,0.21,0.46,100.0,8.04,signal,227,0.6962025316455693,0.05523590333716921,-10.25676677790139,1.0413772277542073,0.0,2.0,0.031664774640749835,0.6,3,222,AAA,1.0,xgboost
233,239,6,-2.74,0.98,-280.5,24.21,signal,239,0.7327586206896548,0.0336956521739131,10.016420361247825,1.3484969618691462,3.0,3.0,-0.047790920795307126,0.13333333333333333,5,233,AAA,1.0,xgboost
246,251,5,16.57,18.02,91.9,7.36,signal,251,0.4418604651162782,0.05315614617940204,-15.056322386165306,0.6204416807415705,2.0,4.0,0.00812120637752681,0.13333333333333333,3,246,AAA,1.0,xgboost
256,267,11,4.37,8.43,51.8,0.0,signal,267,0.6108374384236454,0.1305785123966942,6.592224365632873,0.8049065350109256,1.0,2.0,-0.1587874361080263,0.21666666666666667,4,256,AAS,1.0,xgboost
311,317,6,36.0,44.6,80.7,11.69,signal,317,0.7926829268292679,0.05182926829268304,23.724685977954394,2.4383322129138643,3.0,4.0,-0.19382282286351413,0.75,4,311,AAS,0.7,xgboost
321,326,5,35.22,42.19,83.5,13.02,signal,326,0.6336206896551723,0.12426900584795329,2.972294938917969,1.1333634986523973,2.0,3.0,-0.018844087107644514,0.8,5,321,AAS,0.7,xgboost
334,340,6,-2.65,0.0,0.0,35.52,signal,340,0.5000000000000002,0.12022630834512017,3.4763432237369685,2.223207893136953,3.0,3.0,-0.06390623647617434,0.4666666666666667,5,334,AAS,1.0,xgboost
345,364,19,24.52,30.32,80.9,16.59,signal,364,0.6294117647058824,0.08641975308641973,7.093295827473057,1.0519881614159796,1.0,2.0,-0.03840708149821945,0.5333333333333333,4,345,AAS,1.0,xgboost
367,373,6,37.58,41.29,91.0,2.67,signal,373,0.7257142857142855,0.09439528023598828,-5.837108675070262,1.3742669551956217,1.0,2.0,-0.1210297710752985,0.7166666666666667,4,367,AAS,0.7,xgboost
381,385,4,-3.8,0.0,0.0,8.23,signal,385,0.4059829059829057,0.14140386571719232,-16.884863455468647,1.2563534020046727,3.0,3.0,-0.028713123453447766,0.15,4,381,AAS,1.0,xgboost
396,401,5,-4.47,0.0,0.0,18.03,signal,401,0.47499999999999964,0.10324483775811216,17.943722943722946,1.2330090399061189,4.0,3.0,-0.011430784022626136,0.21666666666666667,5,396,AAS,1.0,xgboost
415,417,2,3.76,4.02,93.5,6.45,trailing_stop,417,0.7787234042553187,0.04859813084112163,27.169694146871606,1.3305293202385324,3.0,4.0,-0.1219536888252391,0.65,4,415,AAS,1.0,xgboost
419,424,5,91.43,97.87,93.4,-6.4,signal,424,0.906474820143885,0.022827041264266882,9.134777783139484,1.152925935450336,0.0,2.0,-0.11074562190003064,0.85,4,419,AAS,0.5,xgboost
480,485,5,-2.52,0.0,0.0,6.71,signal,485,0.7272727272727282,0.03409090909090897,6.03926589842083,1.3948999124601478,3.0,2.0,-0.005129412806563462,0.06666666666666667,5,480,AAS,1.0,xgboost
514,519,5,-3.49,0.0,0.0,-0.21,signal,519,0.6588235294117645,0.05882352941176472,2.3600973236009324,1.8861730051862904,2.0,1.0,0.07650046934716054,0.2,4,514,AAT,1.0,xgboost
582,589,7,38.54,42.92,89.8,42.03,signal,589,0.7499999999999987,0.026804123711340368,49.999999999999915,2.1762573167838135,1.0,2.0,0.08360559323153302,0.7666666666666667,5,582,AAT,0.7,xgboost
594,612,18,62.34,68.13,91.5,-2.06,signal,612,0.8152173913043479,0.03244274809160304,10.093203000681974,1.4426253991471931,3.0,4.0,0.2170899881460926,1.0,4,594,AAT,0.7,xgboost
628,639,11,4.52,5.61,80.6,5.56,trailing_stop,639,0.5411764705882349,0.06435643564356446,22.211680371073157,0.9386562639133291,1.0,3.0,0.07871526045485655,0.43333333333333335,4,628,AAT,1.0,xgboost
640,646,6,2.94,3.2,91.9,1.28,trailing_stop,646,0.7065217391304353,0.04319999999999993,-10.1213516058165,1.2854485206698,1.0,2.0,0.3064608544628654,0.4,4,640,AAT,1.0,xgboost
647,652,5,-3.3,1.77,-186.4,7.66,stop_loss,652,0.5,0.05948553054662381,-5.300936588361758,1.3403473820518925,2.0,2.0,0.007167423670073784,0.016666666666666666,4,647,AAT,1.0,xgboost
729,735,6,98.52,102.56,96.1,12.55,signal,735,0.5714285714285733,0.024096385542168516,-11.308203991130945,1.4429085161915998,2.0,2.0,0.41283629202400274,0.05,4,729,AAT,0.5,xgboost
766,769,3,-4.49,0.0,0.0,2.27,signal,769,0.3333333333333336,0.17021276595744678,4.2016806722688855,1.9755271414090732,2.0,0.0,0.4703804579948515,0.13333333333333333,4,766,AAV,1.0,xgboost
806,812,6,42.69,45.2,94.4,6.98,signal,812,0.6363636363636367,0.09090909090909079,5.000000000000057,2.078027286318209,1.0,1.0,0.7878760201892587,0.8333333333333334,4,806,AAV,0.7,xgboost
825,832,7,-0.25,2.22,-11.2,51.5,signal,832,0.5714285714285718,0.06666666666666662,11.688311688311721,1.6630561893428086,4.0,3.0,0.13046849402070756,0.225,5,825,AAV,1.0,xgboost
839,849,10,53.67,65.83,81.5,1.61,signal,849,0.7894736842105262,0.0714285714285715,-1.9230769230769766,1.9134962697508606,3.0,3.0,0.31957843882282666,1.0,3,839,AAV,0.7,xgboost
867,872,5,1.41,5.0,28.3,22.03,trailing_stop,872,0.5,0.1166666666666667,7.95454545454546,0.9548739416551317,0.0,2.0,0.015623943396932884,0.36666666666666664,4,867,AAV,1.0,xgboost
880,881,1,-0.25,0.0,0.0,7.69,stop_loss,881,0.8500000000000001,0.041666666666666644,12.801932367149746,1.7976120493669059,2.0,2.0,0.43106392058911946,0.6666666666666666,4,880,AAV,1.0,xgboost
886,894,8,-1.74,4.48,-38.8,6.67,stop_loss,894,0.5555555555555556,0.11940298507462684,4.712643678160909,0.961001228983281,1.0,3.0,0.26601903767508045,0.4666666666666667,4,886,AAV,1.0,xgboost
2,8,6,1.16,1.41,82.0,14.25,zombie_exit,8,0.678571428571429,0.02928416485900212,23.712856722565434,1.0273270399295666,1.0,2.0,-0.03258031662345025,0.08333333333333333,4,2,AAA,1.0,xgboost
16,42,26,15.08,17.42,86.5,1.31,signal,42,0.5192307692307688,0.027056277056277056,-3.9909297052154997,0.7620085577832661,2.0,4.0,0.005123850295139149,0.016666666666666666,3,16,AAA,1.0,xgboost
57,64,7,1.54,2.26,67.9,0.0,zombie_exit,64,0.6416666666666667,0.040527803958529666,6.9409970924047855,0.786850503121543,0.0,1.0,-0.023362479194457386,0.4666666666666667,3,57,AAA,1.0,xgboost
94,106,12,48.67,54.18,89.8,4.44,signal,106,0.6435185185185187,0.07291666666666663,-28.102322206095806,1.5941546071694637,1.0,1.0,-0.0051811299015867476,0.7666666666666667,3,94,AAA,0.7,xgboost
118,122,4,-1.16,0.82,-141.2,7.88,signal,122,0.2999999999999993,0.08310502283105024,4.4517774718600265,1.1827468165075148,1.0,2.0,-0.009343383900442091,0.2,5,118,AAA,1.0,xgboost
131,136,5,-4.34,0.0,0.0,5.21,signal,136,0.7738095238095244,0.03242320819112619,2.470966147763818,1.2655322177202422,2.0,3.0,-0.0151247662307529,0.38333333333333336,4,131,AAA,1.0,xgboost
237,241,4,-1.8,0.0,0.0,11.87,signal,241,0.6666666666666652,0.0322580645161292,-14.725274725274758,0.877696102802235,0.0,2.0,-0.013167808101670389,0.4166666666666667,3,237,AAA,1.0,xgboost
247,251,4,7.42,7.68,96.5,13.56,stop_loss,251,0.6056338028169028,0.032748538011695826,-1.9748042219951927,1.3330543190156,3.0,3.0,-0.01591269828161779,0.16666666666666666,4,247,AAA,1.0,xgboost
402,407,5,-3.02,0.0,0.0,8.57,signal,407,0.3333333333333336,0.11111111111111108,-5.555555555555557,1.786289582611178,2.0,0.0,0.0714642931962591,0.35,3,402,AAH,1.0,xgboost
416,423,7,95.27,100.15,95.1,0.0,signal,423,0.7142857142857132,0.02298850574712656,12.941176470588204,1.3090176303431407,3.0,1.0,8.709704822077585e-05,0.016666666666666666,4,416,AAS,0.5,xgboost
449,460,11,105.86,109.41,96.8,4.35,signal,460,0.7142857142857132,0.023255813953488497,7.500000000000114,1.5321580653014462,2.0,1.0,0.021291991901308288,0.6,4,449,AAS,0.5,xgboost
467,471,4,1.94,4.35,44.6,-1.06,trailing_stop,471,0.6363636363636359,0.04347826086956526,2.9503105590061622,0.7662204778355293,1.0,2.0,0.007124716754613351,0.65,4,467,AAS,1.0,xgboost
516,521,5,-0.25,0.0,0.0,-1.19,signal,521,0.24999999999999944,0.0705882352941176,7.17703349282295,1.764007931555276,2.0,2.0,0.009678718012281488,0.2,5,516,AAS,1.0,xgboost
592,596,4,-2.87,0.0,0.0,0.0,signal,596,0.7499999999999997,0.026315789473684237,13.333333333333307,1.227375960866527,2.0,2.0,-0.02036936158699188,0.38333333333333336,5,592,AAS,1.0,xgboost
632,652,20,50.63,54.73,92.5,2.23,signal,652,0.8717948717948718,0.056818181818181816,30.32258064516128,2.991998800355609,3.0,4.0,-0.2600733475618937,1.0,4,632,AAS,0.7,xgboost
664,671,7,40.67,42.19,96.4,0.56,signal,671,0.5970149253731349,0.04918032786885238,20.47101449275359,1.1741611306613031,1.0,2.0,-0.3346798374456867,0.7333333333333333,5,664,AAT,0.7,xgboost
673,678,5,-2.1,0.0,0.0,0.0,signal,678,0.5344827586206905,0.04999999999999992,-3.100158982511907,0.5716836601155129,1.0,3.0,-1.6012334202154062,0.45,3,673,AAT,1.0,xgboost
795,800,5,39.42,40.67,96.9,-2.11,signal,800,0.7341772151898734,0.05263157894736841,-12.159624413145579,1.6681642905154421,1.0,2.0,0.37963630251547464,0.9166666666666666,4,795,AAT,0.7,xgboost
806,811,5,-2.42,0.54,-445.0,-4.32,signal,811,0.22388059701492577,0.14130434782608695,3.9576365663322974,0.13906465410583618,0.0,2.0,0.03847816818687149,0.4666666666666667,4,806,AAT,1.0,xgboost
863,867,4,-3.39,0.0,0.0,2.05,signal,867,0.6363636363636367,0.057306590257879576,22.619047619047656,0.7436602505346777,1.0,3.0,-0.004247394091379593,0.45,4,863,AAT,1.0,xgboost
873,879,6,-0.25,0.29,0.0,2.5,signal,879,0.5961538461538463,0.060344827586206885,3.833333333333343,1.3673886391499797,3.0,3.0,0.016057696639820672,0.4166666666666667,5,873,AAT,1.0,xgboost
952,959,7,34.3,61.97,55.3,46.15,signal,959,0.7000000000000001,0.2105263157894737,7.948717948717956,1.7414054297879242,3.0,3.0,0.05532239912533232,1.0,5,952,AAV,0.7,xgboost
964,973,9,46.59,69.02,67.5,1.61,signal,973,0.6666666666666666,0.20000000000000004,-9.403508771929829,0.8340062836231139,1.0,3.0,-1.0575691108391356,0.75,3,964,AAV,0.7,xgboost
1009,1013,4,3.02,4.92,61.4,11.67,trailing_stop,1013,0.583333333333333,0.0819672131147541,2.1164021164021207,0.9366357127842659,2.0,2.0,0.23933610676976996,0.23333333333333334,4,1009,AAV,1.0,xgboost
1030,1036,6,-3.23,0.0,0.0,9.52,zombie_exit,1036,0.8461538461538461,0.029850746268656744,37.777777777777764,1.5498144984685776,2.0,3.0,0.6595519179048004,0.6666666666666666,4,1030,AAV,1.0,xgboost
1043,1048,5,1.26,3.03,41.6,1.52,trailing_stop,1048,0.6428571428571427,0.07575757575757576,0.96618357487921,0.9619273513488312,1.0,2.0,0.037337913159295216,0.6166666666666667,4,1043,AAV,1.0,xgboost
1084,1089,5,41.12,42.92,95.8,18.81,signal,1089,0.7857142857142858,0.047619047619047596,-1.1111111111111143,1.4736502184228704,2.0,3.0,0.09582286343156149,1.0,3,1084,AAV,0.7,xgboost
1096,1104,8,44.12,50.93,86.6,1.32,signal,1104,0.8095238095238094,0.05333333333333338,18.333333333333357,1.587305141763661,1.0,2.0,0.27659408252300083,1.0,4,1096,AAV,0.7,xgboost
1108,1112,4,-2.67,0.0,100.0,0.0,end,1112,0.5294117647058822,0.10666666666666676,-22.63157894736841,1.2375912408759124,1.0,1.0,0.07857526237687315,0.3,3,1108,AAV,1.0,xgboost
34,39,5,40.57,42.22,96.1,2.52,signal,39,0.7303370786516853,0.02800466744457412,-7.483772432226125,1.420782180552721,1.0,1.0,-0.022318189221433977,0.8166666666666667,3,34,AAA,0.7,xgboost
76,83,7,1.13,1.93,58.3,0.69,zombie_exit,83,0.7654320987654317,0.02620689655172419,9.151249823471275,1.217697527054459,1.0,2.0,-0.02717463841992159,0.55,4,76,AAA,1.0,xgboost
97,133,36,17.14,22.73,75.4,0.59,signal,133,0.3207547169811318,0.05020920502092055,6.981350057765255,0.8684044449563592,2.0,4.0,-0.014325946600677618,0.08333333333333333,4,97,AAA,1.0,xgboost
144,147,3,-3.86,0.0,0.0,7.24,signal,147,0.44247787610619554,0.0759036144578312,-1.7913928344286347,0.5641016722873322,1.0,4.0,0.017552133326557803,0.65,3,144,AAA,1.0,xgboost
162,167,5,1.09,2.2,49.6,0.61,signal,167,0.37974683544303706,0.05975609756097564,8.590679393599096,1.4018228472100873,2.0,2.0,0.01052747663609489,0.18333333333333332,5,162,AAA,1.0,xgboost
201,207,6,0.35,0.6,58.0,5.36,zombie_exit,207,0.6719999999999999,0.04910179640718565,-5.552395039253618,1.9672958650437997,2.0,3.0,-0.05308711498485085,0.5833333333333334,4,201,AAA,1.0,xgboost
210,216,6,34.91,45.61,76.5,2.01,signal,216,0.7757009345794389,0.027842227378190282,3.4228517806872105,1.2283369179674868,2.0,3.0,0.0036288523222060285,0.7666666666666667,4,210,AAA,0.7,xgboost
250,260,10,39.92,66.75,59.8,8.33,signal,260,0.7999999999999998,0.08000000000000007,36.607142857142854,2.3003803643188183,3.0,4.0,0.4675087528540377,1.0,4,250,AAH,0.7,xgboost
353,358,5,97.63,97.88,99.7,-0.0,signal,358,0.8571428571428577,0.022727272727272645,23.21428571428575,1.560805707091901,3.0,3.0,0.6972891539067292,0.7166666666666667,4,353,AAH,0.5,xgboost
368,373,5,38.25,40.73,93.9,7.32,signal,373,0.4545454545454547,0.13333333333333325,29.99999999999997,1.7161784518376397,2.0,1.0,0.24922999399866014,0.95,4,368,AAH,0.7,xgboost
484,494,10,5.62,7.06,79.6,5.75,trailing_stop,494,0.4615384615384616,0.0823529411764705,14.814814814814817,0.9658715761720731,2.0,2.0,0.024589940472830106,0.25,4,484,AAS,1.0,xgboost
497,503,6,-0.25,2.25,-11.1,4.55,signal,503,0.7142857142857141,0.04494382022471914,-12.801932367149725,1.2090393125343004,2.0,2.0,-0.012028935693183293,0.38333333333333336,4,497,AAS,1.0,xgboost
506,510,4,-4.68,0.0,0.0,1.15,signal,510,0.5555555555555554,0.04444444444444448,-10.275689223057611,1.3593105029811956,2.0,2.0,-0.00820248148322975,0.03333333333333333,4,506,AAS,1.0,xgboost
551,557,6,39.47,40.81,96.7,4.44,signal,557,0.8846153846153844,0.032608695652173995,10.57692307692301,2.4789560742510566,3.0,4.0,-0.10114542250084946,0.8166666666666667,4,551,AAS,0.7,xgboost
584,599,15,19.34,19.63,98.5,84.16,trailing_stop,599,0.5000000000000014,0.03409090909090897,-7.179487179487246,1.3019393029111632,2.0,2.0,0.0010860821083400738,0.03333333333333333,4,584,AAS,1.0,xgboost
600,625,25,103.46,147.99,69.9,-8.62,signal,625,0.692307692307692,0.07547169811320761,-1.2500000000000142,1.6503749170176412,2.0,2.0,-0.032943788618466426,0.7833333333333333,4,600,AAS,0.7,xgboost
706,714,8,44.64,46.92,95.1,0.57,signal,714,0.606060606060606,0.12745098039215694,20.0,2.8774765405030616,3.0,3.0,-0.00391551507772131,0.8833333333333333,5,706,AAS,0.7,xgboost
807,812,5,-0.25,0.0,0.0,15.26,signal,812,0.47368421052631515,0.03246753246753249,1.6666666666667709,0.9845870715435933,3.0,3.0,-0.0006104276422337265,0.11666666666666667,4,807,AAT,1.0,xgboost
816,837,21,44.51,47.97,92.8,6.02,signal,837,0.7647058823529409,0.03550295857988169,42.35033259423496,2.1542422756253066,2.0,4.0,0.13825400636890273,0.7166666666666667,4,816,AAT,0.7,xgboost
855,866,11,5.78,8.52,67.9,0.78,signal,866,0.7758620689655175,0.035714285714285685,17.521367521367516,1.25642112401458,3.0,4.0,0.191422577583097,0.7,4,855,AAT,1.0,xgboost
1014,1028,14,104.91,110.95,94.6,3.45,signal,1028,0.9354838709677421,0.024096385542168586,17.874396135265705,1.3991467751028797,3.0,4.0,0.05011012388967684,1.0,4,1014,AAV,0.5,xgboost
1143,1160,17,52.46,55.85,93.9,5.88,signal,1160,0.6999999999999993,0.049180327868852576,25.49019607843134,1.4594291016531145,2.0,3.0,0.11919391197673293,0.7166666666666667,5,1143,AAV,0.7,xgboost
1167,1171,4,-7.27,0.0,0.0,-2.99,signal,1171,0.6999999999999993,0.04225352112676067,5.128205128205096,1.0235152896879884,0.0,1.0,0.005023978087419202,0.36666666666666664,3,1167,AAV,1.0,xgboost
32,37,5,42.27,45.31,93.3,1.98,signal,37,0.5477178423236508,0.11330561330561348,20.68695745364913,1.227611489362658,1.0,2.0,0.08867146501231439,0.9333333333333333,5,32,AAA,0.7,lightgbm
72,82,10,47.18,54.62,86.4,7.0,signal,82,0.713114754098361,0.07882882882882875,13.897790680138726,1.5969463610890693,1.0,2.0,0.03272843741782948,0.75,5,72,AAA,0.7,lightgbm
86,92,6,-0.25,0.0,0.0,10.37,zombie_exit,92,0.7711442786069657,0.04722792607802865,2.5187212193435613,0.8675460898717016,1.0,2.0,-0.05791212531620532,0.11666666666666667,3,86,AAA,1.0,lightgbm
93,96,3,5.06,5.32,95.1,10.82,trailing_stop,96,0.48333333333333367,0.06471816283924835,16.014316174230885,0.8681802761709196,2.0,3.0,-0.018864714417130158,0.016666666666666666,4,93,AAA,1.0,lightgbm
105,109,4,-5.78,1.91,-302.4,8.59,stop_loss,109,0.680272108843538,0.044890162368672284,13.568773234200748,1.5231126122936858,2.0,3.0,0.04915575113554174,0.31666666666666665,5,105,AAA,1.0,lightgbm
172,179,7,100.74,102.62,98.2,3.26,signal,179,0.6714285714285714,0.02361396303901442,2.322580645161281,0.683379990493063,1.0,2.0,0.010810437502519445,0.016666666666666666,4,172,AAA,0.5,lightgbm
182,188,6,-1.06,1.62,-65.3,0.8,signal,188,0.5882352941176479,0.02828282828282822,-4.596032897919635,1.077802357804061,1.0,2.0,-0.02293164109173302,0.03333333333333333,3,182,AAA,1.0,lightgbm
190,195,5,-1.85,0.0,0.0,2.02,signal,195,0.5,0.03206412825651305,-0.2089864158829613,1.12176016933233,1.0,2.0,0.03055210763513351,0.16666666666666666,4,190,AAA,1.0,lightgbm
200,205,5,-4.17,0.0,0.0,13.97,stop_loss,205,0.42187499999999895,0.037260825780463344,5.673274094326665,0.729261412640914,1.0,1.0,-0.007139055860087062,0.26666666666666666,3,200,AAA,1.0,lightgbm
223,247,24,52.39,60.1,87.2,11.66,signal,247,0.7529411764705882,0.04022988505747126,33.97129186602872,1.9528368903851498,3.0,3.0,-0.038572557279351,1.0,4,223,AAA,0.7,lightgbm
249,254,5,-0.72,3.2,-22.7,14.29,signal,254,0.6910112359550566,0.046296296296296204,-16.666666666666636,1.0520623886169402,1.0,3.0,0.0017560066022196535,0.6666666666666666,3,249,AAA,1.0,lightgbm
284,291,7,55.7,62.16,89.6,7.08,signal,291,0.7588652482269505,0.0835380835380835,42.96804680468044,1.6916639357387988,2.0,2.0,1.1024238679941822,1.0,4,284,AAS,0.7,lightgbm
297,302,5,95.42,100.16,95.3,0.0,signal,302,0.8650793650793651,0.0230040595399188,6.342368612896813,1.2569128138905006,1.0,2.0,0.06434955892379604,1.0,4,297,AAV,0.5,lightgbm
388,396,8,8.98,18.5,48.5,6.89,trailing_stop,396,0.6440677966101696,0.09251101321585901,10.134087575948051,1.4339947534636919,1.0,1.0,0.35407043283744855,0.7,4,388,AAV,1.0,lightgbm
403,407,4,-1.81,0.0,0.0,3.62,stop_loss,407,0.6622516556291391,0.09960937499999996,0.6617134896679886,0.9069152671903095,1.0,2.0,-0.008112909689983901,0.6166666666666667,4,403,AAV,1.0,lightgbm
441,449,8,39.31,44.51,88.3,57.95,signal,449,0.903954802259887,0.033730158730158714,32.95025728987992,1.4366517302461526,3.0,3.0,0.21452717298535917,1.0,4,441,AAV,0.7,lightgbm
452,462,10,40.28,40.63,99.1,-2.33,signal,462,0.8511904761904762,0.04646840148698885,0.24383247274812447,1.0713308120887868,1.0,3.0,-0.0646335171577888,0.48333333333333334,3,452,AAV,1.0,lightgbm
498,516,18,91.99,91.99,100.0,0.0,end,516,0.9125874125874126,0.03004807692307692,23.9039827107132,1.7870610885310028,3.0,4.0,0.08912288819684466,0.7833333333333333,4,498,AAV,0.7,lightgbm
4,13,9,94.08,104.51,90.0,0.0,signal,13,0.8760330578512394,0.02334630350194558,2.9901056515176947,1.1525363057649123,0.0,2.0,-0.0338559630913695,0.85,4,4,AAA,0.5,lightgbm
38,53,15,52.49,61.44,85.4,12.6,signal,53,0.7681159420289859,0.05276174773289355,1.1357729084292885,0.9569228867415991,2.0,3.0,0.002036702913603647,0.8166666666666667,3,38,AAA,0.7,lightgbm
59,71,12,5.5,8.19,67.2,2.75,trailing_stop,71,0.7073170731707313,0.05128205128205133,-26.175913790592688,0.7977751028620892,1.0,2.0,0.06180107559591115,0.016666666666666666,3,59,AAA,1.0,lightgbm
109,116,7,42.82,48.13,89.0,-4.12,signal,116,0.8639455782312921,0.0362756952841597,12.346576227390187,2.2197604326416798,3.0,4.0,0.08813157438192215,1.0,4,109,AAA,0.7,lightgbm
146,152,6,5.47,5.74,95.4,8.33,trailing_stop,152,0.8532818532818537,0.025956284153005396,19.386587319752778,1.4079773482703435,1.0,2.0,0.04308914154107492,0.45,4,146,AAA,1.0,lightgbm
159,162,3,5.91,6.18,95.7,3.78,trailing_stop,162,0.7035175879396985,0.0391766268260292,2.006719497498459,0.9336784370261673,1.0,2.0,0.011997652418807646,0.11666666666666667,4,159,AAA,1.0,lightgbm
163,168,5,-0.9,2.49,-36.3,3.1,signal,168,0.5616438356164383,0.06286836935166999,-0.7874642061724444,1.1508393296143877,1.0,2.0,0.008843876135137999,0.11666666666666667,4,163,AAA,1.0,lightgbm
172,177,5,-3.36,3.44,-97.6,5.09,signal,177,0.6255707762557079,0.053212199870214166,-7.98463945384723,0.8720009477550054,1.0,2.0,-0.010001112448149559,0.26666666666666666,3,172,AAA,1.0,lightgbm
184,190,6,-0.25,0.0,0.0,11.02,zombie_exit,190,0.6557377049180333,0.03964757709251095,7.808219178082183,0.961331579427202,1.0,2.0,0.027622456957976518,0.13333333333333333,4,184,AAA,1.0,lightgbm
202,216,14,100.23,106.56,94.1,14.36,signal,216,0.8164251207729458,0.022605591909577786,18.290378006872785,1.664666735448034,2.0,3.0,-0.019433900033424142,0.5333333333333333,4,202,AAA,0.5,lightgbm
234,258,24,74.9,97.39,76.9,-5.05,signal,258,0.6417445482866038,0.06616800920598402,5.35359457962803,1.503437934818543,1.0,2.0,-0.013206348880563504,0.9166666666666666,5,234,AAA,0.7,lightgbm
307,314,7,-6.97,2.86,-243.4,-3.04,signal,314,0.8502673796791448,0.04713804713804703,3.468104222821225,1.3138178154058955,3.0,3.0,0.5616280116544415,0.38333333333333336,4,307,AAS,1.0,lightgbm
343,347,4,36.46,52.32,69.7,62.79,trailing_stop,347,0.8292682926829267,0.07854137447405336,24.052516994712718,2.067429895535724,2.0,2.0,1.2324181360870166,1.0,4,343,AAS,0.7,lightgbm
353,369,16,56.62,75.56,74.9,-7.62,signal,369,0.739130434782609,0.13259668508287278,1.7509708547444518,1.1050251031545002,0.0,2.0,0.2045333667981092,0.85,5,353,AAS,0.7,lightgbm
398,400,2,5.01,5.27,95.0,26.95,trailing_stop,400,0.7669172932330823,0.07259953161592518,-4.924242424242436,1.2474794911502218,4.0,3.0,-0.07559143623576696,0.25,3,398,AAS,1.0,lightgbm
401,427,26,20.88,25.27,82.6,23.79,trailing_stop,427,0.5949367088607598,0.115523465703971,-20.751146177630886,1.276835120512354,3.0,1.0,0.0032573882873248583,0.13333333333333333,3,401,AAS,1.0,lightgbm
436,442,6,-3.22,0.53,-612.8,50.04,zombie_exit,442,0.7198581560283684,0.06917688266199658,22.45179063360883,1.294897063950796,2.0,2.0,-0.07599276166498567,0.18333333333333332,5,436,AAS,1.0,lightgbm
443,472,29,46.42,55.15,84.2,0.94,signal,472,0.7021276595744675,0.07387862796833788,11.21025308241397,0.8356733970738809,0.0,2.0,-0.03857044246878921,0.65,4,443,AAS,1.0,lightgbm
515,520,5,98.61,101.66,97.0,19.17,signal,520,0.8571428571428568,0.020547945205479503,7.639700471800211,1.3801398716359228,3.0,3.0,5.550760777310682,0.65,4,515,AAT,0.5,lightgbm
523,540,17,9.0,11.67,77.1,7.35,signal,540,0.8437500000000002,0.029182879377431862,11.07002801120447,1.0909090909090908,2.0,3.0,0.4828639843685203,0.65,3,523,AAT,1.0,lightgbm
554,557,3,-5.58,0.0,0.0,13.78,stop_loss,557,0.694533762057878,0.052895322939866325,19.31533160094896,1.3130227880393455,3.0,3.0,0.8422415206085264,0.18333333333333332,5,554,AAT,1.0,lightgbm
565,570,5,-3.69,0.0,0.0,8.57,signal,570,0.5627240143369179,0.06896551724137924,-3.2085561497325585,0.9273700569849767,1.0,2.0,0.09072715969456269,0.18333333333333332,3,565,AAT,1.0,lightgbm
573,580,7,-1.87,1.68,-111.4,-1.23,signal,580,0.8279569892473116,0.026044492674986458,28.337628865979326,1.0656830102015935,2.0,4.0,-0.04223751995708697,0.5166666666666667,3,573,AAT,1.0,lightgbm
640,666,26,20.23,25.16,80.4,3.73,signal,666,0.668555240793201,0.10626702997275204,27.59756749532211,0.9369166139063861,1.0,2.0,0.0297101230967578,0.55,4,640,AAV,1.0,lightgbm
670,675,5,-5.11,0.0,0.0,0.69,signal,675,0.6781609195402298,0.06021505376344085,7.3754765090505074,0.75965466699967,3.0,3.0,-0.08274838421817621,0.016666666666666666,4,670,AAV,1.0,lightgbm
704,711,7,12.22,12.5,97.7,0.59,trailing_stop,711,0.791044776119403,0.031249999999999997,24.870281674079145,1.2221083273589073,3.0,3.0,-0.05952024188137576,0.38333333333333336,4,704,AAV,1.0,lightgbm
758,781,23,151.73,156.34,97.1,7.17,signal,781,0.9189944134078215,0.02113702623906699,19.546062226543498,1.4241470836693162,3.0,3.0,0.00862615737825484,0.95,4,758,AAV,0.5,lightgbm
787,794,7,-1.85,0.97,-190.9,3.81,signal,794,0.7617091207888248,0.09682804674457436,25.287113394941493,1.2979418161659866,3.0,4.0,0.1319957915529234,0.55,4,787,AAV,1.0,lightgbm
818,821,3,-1.94,0.0,0.0,0.0,stop_loss,821,0.6507115135834408,0.09313556398758203,5.820774829081813,1.3050023564443396,2.0,2.0,-0.04450726858533255,0.16666666666666666,5,818,AAV,1.0,lightgbm
4,9,5,28.85,37.04,77.9,5.85,signal,9,0.659504132231405,0.10093091621754036,-1.030948950958205,0.9143427761611047,1.0,3.0,0.032091820463936396,0.8333333333333334,3,4,AAA,0.7,lightgbm
54,60,6,-1.56,2.08,-75.0,-1.89,zombie_exit,60,0.6861313868613139,0.04712328767123285,20.337874239975385,1.6160215998756293,2.0,3.0,-0.07179383007436455,0.36666666666666664,5,54,AAA,1.0,lightgbm
137,150,13,3.01,7.4,40.7,0.0,signal,150,0.6345177664974617,0.061962134251290935,22.019149386373265,1.387441943808277,2.0,2.0,0.018088672151157184,0.18333333333333332,5,137,AAA,1.0,lightgbm
236,238,2,-2.25,0.0,0.0,0.29,stop_loss,238,0.7763975155279501,0.04800000000000004,1.607789855072454,0.878887185365595,2.0,3.0,0.038919590701071885,0.11666666666666667,3,236,AAA,1.0,lightgbm
251,254,3,-3.31,0.0,0.0,0.7,signal,254,0.6896551724137927,0.08117859290438975,-0.25227731413298926,1.2312722486796293,2.0,2.0,0.03524259148281355,0.016666666666666666,4,251,AAS,1.0,lightgbm
278,301,23,8.66,12.33,70.2,16.14,trailing_stop,301,0.8255208333333338,0.04070473876063172,4.7583643122676875,1.3264857664870486,2.0,3.0,-0.02891402558865473,0.4166666666666667,4,278,AAS,1.0,lightgbm
308,313,5,3.2,3.46,92.5,-3.69,trailing_stop,313,0.8068783068783069,0.03709349593495937,39.98575498575501,1.8836378517301027,1.0,2.0,-0.07291516399488313,0.36666666666666664,4,308,AAS,1.0,lightgbm
389,393,4,-2.59,2.35,-110.4,-1.43,signal,393,0.765193370165746,0.07124895222129084,-26.508768645072706,2.2471973939980296,2.0,3.0,-0.05845352816189967,0.4666666666666667,3,389,AAS,1.0,lightgbm
402,407,5,0.29,2.51,11.4,-1.09,signal,407,0.0,0.14721723518850977,-23.590779067810807,0.7115835766463595,1.0,2.0,0.01981134214454137,0.1,3,402,AAS,1.0,lightgbm
546,549,3,-2.32,0.0,0.0,0.34,signal,549,0.6666666666666675,0.03824701195219112,-19.838102838900888,0.9677846142902871,1.0,2.0,0.035001868631104924,0.16666666666666666,3,546,AAT,1.0,lightgbm
574,582,8,46.19,49.62,93.1,2.73,signal,582,0.6836363636363639,0.07027463651050074,10.094254140549857,1.9502381891555662,3.0,3.0,-0.048103170015424065,0.9,5,574,AAT,0.7,lightgbm
590,592,2,-5.37,0.0,0.0,3.35,stop_loss,592,0.6755319148936165,0.04743390357698299,-11.368142762723075,1.0613366439064764,2.0,2.0,-0.02769550060575412,0.016666666666666666,3,590,AAT,1.0,lightgbm
611,625,14,45.64,54.9,83.1,3.73,signal,625,0.8979591836734695,0.04028648164726941,11.094615607004158,1.125032078555317,1.0,2.0,0.0730323740978236,0.7833333333333333,4,611,AAT,0.7,lightgbm
632,636,4,-2.31,0.0,0.0,-0.48,signal,636,0.28000000000000047,0.18626528692380043,-7.399294796452622,1.6889116961647626,3.0,2.0,-0.49143593002909847,0.21666666666666667,4,632,AAT,1.0,lightgbm
739,742,3,-5.16,0.0,0.0,1.76,signal,742,0.37057220708446836,0.09796437659033089,5.220091291886327,0.7491813216234758,1.0,2.0,0.025805257238631824,0.016666666666666666,4,739,AAV,1.0,lightgbm
848,854,6,-3.3,0.0,0.0,2.17,signal,854,0.6347031963470323,0.08163265306122437,12.02088111998733,1.4679792029155287,2.0,2.0,0.05302125981116079,0.16666666666666666,5,848,AAV,1.0,lightgbm
16,24,8,1.39,4.55,30.5,17.76,trailing_stop,24,0.7305699481865287,0.06565656565656561,6.76948991946098,2.3979224092646416,3.0,4.0,-0.09739483918931804,0.6,5,16,AAA,1.0,lightgbm
31,38,7,4.94,5.81,85.1,6.83,trailing_stop,38,0.6606060606060604,0.06779661016949158,-4.982698961937729,0.9683408512742139,1.0,2.0,-0.035807612404048145,0.15,3,31,AAA,1.0,lightgbm
45,50,5,-0.84,4.47,-18.7,8.62,signal,50,0.6560000000000002,0.050588235294117614,-7.344470046082918,0.823327384840892,3.0,3.0,-0.0036871559916790923,0.06666666666666667,3,45,AAA,1.0,lightgbm
56,68,12,1.47,5.99,24.6,19.59,signal,68,0.6093750000000003,0.02880184331797235,5.692845858722599,0.7156006075233645,3.0,3.0,0.03146578927009511,0.016666666666666666,4,56,AAA,1.0,lightgbm
71,91,20,17.04,19.56,87.1,7.87,signal,91,0.5284552845528456,0.06444444444444446,-16.620879120879216,0.7523503145873766,1.0,2.0,0.006151008967724501,0.15,3,71,AAA,1.0,lightgbm
101,107,6,0.57,2.18,25.9,0.0,zombie_exit,107,0.7361963190184049,0.039090909090909065,9.827997613839791,1.1582719800085322,1.0,3.0,-0.024722741300245918,0.48333333333333334,5,101,AAA,1.0,lightgbm
108,111,3,-4.33,0.0,0.0,8.25,signal,111,0.4640000000000001,0.06226765799256505,-5.93946316390636,0.9073158990267267,0.0,2.0,0.039009490603024666,0.6166666666666667,3,108,AAA,1.0,lightgbm
127,133,6,2.86,4.4,65.0,9.22,trailing_stop,133,0.6545454545454553,0.03486238532110082,21.315049226441637,1.7267137889875948,3.0,3.0,0.006277933848416295,0.15,5,127,AAA,1.0,lightgbm
138,144,6,39.47,43.78,90.2,3.46,signal,144,0.7968749999999997,0.0331632653061225,-0.1942108044040296,1.2889490989434085,3.0,4.0,-0.012559475767500494,0.75,3,138,AAA,0.7,lightgbm
149,154,5,-1.12,0.79,-142.6,-5.5,signal,154,0.44615384615384596,0.06299212598425202,3.9775065148813837,0.9988602716883597,2.0,3.0,0.03403934964343677,0.21666666666666667,4,149,AAA,1.0,lightgbm
222,227,5,0.21,0.46,100.0,8.04,signal,227,0.6962025316455693,0.05523590333716921,-10.25676677790139,1.0413772277542073,0.0,2.0,0.031664774640749835,0.6,3,222,AAA,1.0,lightgbm
233,239,6,-2.74,0.98,-280.5,24.21,signal,239,0.7327586206896548,0.0336956521739131,10.016420361247825,1.3484969618691462,3.0,3.0,-0.047790920795307126,0.13333333333333333,5,233,AAA,1.0,lightgbm
246,251,5,16.57,18.02,91.9,7.36,signal,251,0.4418604651162782,0.05315614617940204,-15.056322386165306,0.6204416807415705,2.0,4.0,0.00812120637752681,0.13333333333333333,3,246,AAA,1.0,lightgbm
256,267,11,4.37,8.43,51.8,0.0,signal,267,0.6108374384236454,0.1305785123966942,6.592224365632873,0.8049065350109256,1.0,2.0,-0.1587874361080263,0.21666666666666667,4,256,AAS,1.0,lightgbm
311,317,6,36.0,44.6,80.7,11.69,signal,317,0.7926829268292679,0.05182926829268304,23.724685977954394,2.4383322129138643,3.0,4.0,-0.19382282286351413,0.75,4,311,AAS,0.7,lightgbm
321,326,5,35.22,42.19,83.5,13.02,signal,326,0.6336206896551723,0.12426900584795329,2.972294938917969,1.1333634986523973,2.0,3.0,-0.018844087107644514,0.8,5,321,AAS,0.7,lightgbm
334,340,6,-2.65,0.0,0.0,35.52,signal,340,0.5000000000000002,0.12022630834512017,3.4763432237369685,2.223207893136953,3.0,3.0,-0.06390623647617434,0.4666666666666667,5,334,AAS,1.0,lightgbm
348,365,17,56.82,72.21,78.7,2.51,signal,365,0.8838383838383841,0.02885821831869505,11.569247952345506,1.2533775483244307,3.0,4.0,-0.08896398135211982,0.7666666666666667,4,348,AAS,0.7,lightgbm
367,373,6,37.58,41.29,91.0,2.67,signal,373,0.7257142857142855,0.09439528023598828,-5.837108675070262,1.3742669551956217,1.0,2.0,-0.1210297710752985,0.7166666666666667,4,367,AAS,0.7,lightgbm
381,385,4,-3.8,0.0,0.0,8.23,signal,385,0.4059829059829057,0.14140386571719232,-16.884863455468647,1.2563534020046727,3.0,3.0,-0.028713123453447766,0.15,4,381,AAS,1.0,lightgbm
396,402,6,-5.35,0.0,0.0,13.9,signal,402,0.47499999999999964,0.10324483775811216,17.943722943722946,1.2330090399061189,4.0,3.0,-0.011430784022626136,0.21666666666666667,5,396,AAS,1.0,lightgbm
415,417,2,3.76,4.02,93.5,6.45,trailing_stop,417,0.7787234042553187,0.04859813084112163,27.169694146871606,1.3305293202385324,3.0,4.0,-0.1219536888252391,0.65,4,415,AAS,1.0,lightgbm
419,424,5,91.43,97.87,93.4,-6.4,signal,424,0.906474820143885,0.022827041264266882,9.134777783139484,1.152925935450336,0.0,2.0,-0.11074562190003064,0.85,4,419,AAS,0.5,lightgbm
480,486,6,-3.65,0.0,0.0,7.98,signal,486,0.7272727272727282,0.03409090909090897,6.03926589842083,1.3948999124601478,3.0,2.0,-0.005129412806563462,0.06666666666666667,5,480,AAS,1.0,lightgbm
514,519,5,-3.49,0.0,0.0,-0.21,signal,519,0.6588235294117645,0.05882352941176472,2.3600973236009324,1.8861730051862904,2.0,1.0,0.07650046934716054,0.2,4,514,AAT,1.0,lightgbm
582,589,7,38.54,42.92,89.8,42.03,signal,589,0.7499999999999987,0.026804123711340368,49.999999999999915,2.1762573167838135,1.0,2.0,0.08360559323153302,0.7666666666666667,5,582,AAT,0.7,lightgbm
594,612,18,62.34,68.13,91.5,-2.06,signal,612,0.8152173913043479,0.03244274809160304,10.093203000681974,1.4426253991471931,3.0,4.0,0.2170899881460926,1.0,4,594,AAT,0.7,lightgbm
628,639,11,4.52,5.61,80.6,5.56,trailing_stop,639,0.5411764705882349,0.06435643564356446,22.211680371073157,0.9386562639133291,1.0,3.0,0.07871526045485655,0.43333333333333335,4,628,AAT,1.0,lightgbm
646,652,6,-3.76,1.28,-293.8,7.66,stop_loss,652,0.5405405405405409,0.054399999999999976,-0.9920634920635081,1.3338695014554747,3.0,3.0,0.6328250406005236,0.03333333333333333,4,646,AAT,1.0,lightgbm
675,677,2,-7.15,0.0,0.0,1.93,stop_loss,677,0.49367088607595006,0.06920415224913486,-13.352949418523139,0.7727527390190544,2.0,3.0,1.1342904989099554,0.23333333333333334,3,675,AAT,1.0,lightgbm
733,736,3,-3.04,0.0,0.0,12.78,signal,736,0.5,0.03599999999999994,-10.000000000000028,1.4567353833788839,2.0,2.0,0.6526601724006171,0.016666666666666666,4,733,AAT,1.0,lightgbm
763,768,5,-4.32,2.04,-211.7,0.0,stop_loss,768,0.5384615384615387,0.12244897959183665,1.8421052631579187,2.194219747452991,2.0,2.0,0.5734497325212748,0.11666666666666667,5,763,AAV,1.0,lightgbm
806,814,8,42.7,45.2,94.5,6.98,signal,814,0.6363636363636367,0.09090909090909079,5.000000000000057,2.078027286318209,1.0,1.0,0.7878760201892587,0.8333333333333334,4,806,AAV,0.7,lightgbm
825,831,6,-0.25,2.22,-11.2,48.14,zombie_exit,831,0.5714285714285718,0.06666666666666662,11.688311688311721,1.6630561893428086,4.0,3.0,0.13046849402070756,0.225,5,825,AAV,1.0,lightgbm
839,849,10,53.67,65.83,81.5,1.61,signal,849,0.7894736842105262,0.0714285714285715,-1.9230769230769766,1.9134962697508606,3.0,3.0,0.31957843882282666,1.0,3,839,AAV,0.7,lightgbm
868,874,6,-5.08,1.61,-314.8,20.0,signal,874,0.6428571428571429,0.08064516129032258,10.326086956521763,1.1646607225647336,2.0,3.0,0.20672805280590273,0.375,5,868,AAV,1.0,lightgbm
880,881,1,-0.25,0.0,0.0,7.69,stop_loss,881,0.8500000000000001,0.041666666666666644,12.801932367149746,1.7976120493669059,2.0,2.0,0.43106392058911946,0.6666666666666666,4,880,AAV,1.0,lightgbm
886,894,8,-1.74,4.48,-38.8,6.67,stop_loss,894,0.5555555555555556,0.11940298507462684,4.712643678160909,0.961001228983281,1.0,3.0,0.26601903767508045,0.4666666666666667,4,886,AAV,1.0,lightgbm
2,8,6,1.16,1.41,82.0,14.25,zombie_exit,8,0.678571428571429,0.02928416485900212,23.712856722565434,1.0273270399295666,1.0,2.0,-0.03258031662345025,0.08333333333333333,4,2,AAA,1.0,lightgbm
16,42,26,15.08,17.42,86.5,1.31,signal,42,0.5192307692307688,0.027056277056277056,-3.9909297052154997,0.7620085577832661,2.0,4.0,0.005123850295139149,0.016666666666666666,3,16,AAA,1.0,lightgbm
58,64,6,0.12,0.84,14.4,0.0,zombie_exit,64,0.766666666666667,0.026022304832713696,20.955768635941837,0.9240660173205181,0.0,2.0,-0.028604394758033457,0.43333333333333335,3,58,AAA,1.0,lightgbm
94,106,12,48.67,54.18,89.8,4.44,signal,106,0.6435185185185187,0.07291666666666663,-28.102322206095806,1.5941546071694637,1.0,1.0,-0.0051811299015867476,0.7666666666666667,3,94,AAA,0.7,lightgbm
131,136,5,-4.34,0.0,0.0,5.21,signal,136,0.7738095238095244,0.03242320819112619,2.470966147763818,1.2655322177202422,2.0,3.0,-0.0151247662307529,0.38333333333333336,4,131,AAA,1.0,lightgbm
247,251,4,7.41,7.68,96.5,13.56,stop_loss,251,0.6056338028169028,0.032748538011695826,-1.9748042219951927,1.3330543190156,3.0,3.0,-0.01591269828161779,0.16666666666666666,4,247,AAA,1.0,lightgbm
415,421,6,-0.25,1.16,-21.5,1.19,zombie_exit,421,0.44444444444444464,0.05813953488372093,12.156862745098053,1.112209700441112,2.0,1.0,-0.0009937867210079304,0.016666666666666666,4,415,AAS,1.0,lightgbm
452,458,6,98.91,103.51,95.6,3.23,signal,458,0.8333333333333326,0.021978021978022098,8.571428571428669,1.7665128494641582,2.0,2.0,0.0156915153985608,1.0,4,452,AAS,0.5,lightgbm
467,471,4,1.94,4.35,44.6,-1.06,trailing_stop,471,0.6363636363636359,0.04347826086956526,2.9503105590061622,0.7662204778355293,1.0,2.0,0.007124716754613351,0.65,4,467,AAS,1.0,lightgbm
516,521,5,-0.25,0.0,0.0,-1.19,signal,521,0.24999999999999944,0.0705882352941176,7.17703349282295,1.764007931555276,2.0,2.0,0.009678718012281488,0.2,5,516,AAS,1.0,lightgbm
592,597,5,-2.87,0.0,0.0,-1.35,signal,597,0.7499999999999997,0.026315789473684237,13.333333333333307,1.227375960866527,2.0,2.0,-0.02036936158699188,0.38333333333333336,5,592,AAS,1.0,lightgbm
632,638,6,46.89,48.16,97.4,7.42,signal,638,0.8717948717948718,0.056818181818181816,30.32258064516128,2.991998800355609,3.0,4.0,-0.2600733475618937,1.0,4,632,AAS,0.7,lightgbm
643,653,10,39.97,45.28,88.3,4.57,signal,653,0.7674418604651162,0.03773584905660381,14.532996754417695,1.669356709782849,2.0,4.0,5.879267935492609,0.7833333333333333,4,643,AAT,0.7,lightgbm
665,671,6,-1.53,0.0,0.0,0.56,signal,671,0.5373134328358214,0.056880733944954055,16.304347826086925,1.539960270824211,2.0,3.0,-0.7132003973984344,0.6666666666666666,5,665,AAT,1.0,lightgbm
673,678,5,-2.1,0.0,0.0,0.0,signal,678,0.5344827586206905,0.04999999999999992,-3.100158982511907,0.5716836601155129,1.0,3.0,-1.6012334202154062,0.45,3,673,AAT,1.0,lightgbm
795,800,5,39.42,40.67,96.9,-2.11,signal,800,0.7341772151898734,0.05263157894736841,-12.159624413145579,1.6681642905154421,1.0,2.0,0.37963630251547464,0.9166666666666666,4,795,AAT,0.7,lightgbm
862,868,6,-3.08,0.0,0.0,2.95,zombie_exit,868,0.6909090909090909,0.04829545454545452,32.14285714285721,0.943758573388203,0.0,2.0,-0.008529461937308996,0.4166666666666667,4,862,AAT,1.0,lightgbm
873,878,5,-2.68,0.29,0.0,0.0,signal,878,0.5961538461538463,0.060344827586206885,3.833333333333343,1.3673886391499797,3.0,3.0,0.016057696639820672,0.4166666666666667,5,873,AAT,1.0,lightgbm
952,959,7,34.3,61.97,55.3,46.15,signal,959,0.7000000000000001,0.2105263157894737,7.948717948717956,1.7414054297879242,3.0,3.0,0.05532239912533232,1.0,5,952,AAV,0.7,lightgbm
964,973,9,46.59,69.02,67.5,1.61,signal,973,0.6666666666666666,0.20000000000000004,-9.403508771929829,0.8340062836231139,1.0,3.0,-1.0575691108391356,0.75,3,964,AAV,0.7,lightgbm
1009,1013,4,3.02,4.92,61.4,11.67,trailing_stop,1013,0.583333333333333,0.0819672131147541,2.1164021164021207,0.9366357127842659,2.0,2.0,0.23933610676976996,0.23333333333333334,4,1009,AAV,1.0,lightgbm
1028,1036,8,4.58,8.06,56.7,9.52,trailing_stop,1036,0.6000000000000005,0.06451612903225798,18.749999999999964,1.1326342751941088,1.0,2.0,0.33893552280052364,0.25,5,1028,AAV,1.0,lightgbm
1043,1048,5,1.26,3.03,41.6,1.52,trailing_stop,1048,0.6428571428571427,0.07575757575757576,0.96618357487921,0.9619273513488312,1.0,2.0,0.037337913159295216,0.6166666666666667,4,1043,AAV,1.0,lightgbm
1084,1089,5,41.12,42.92,95.8,18.81,signal,1089,0.7857142857142858,0.047619047619047596,-1.1111111111111143,1.4736502184228704,2.0,3.0,0.09582286343156149,1.0,3,1084,AAV,0.7,lightgbm
1096,1105,9,44.12,50.93,86.6,1.32,signal,1105,0.8095238095238094,0.05333333333333338,18.333333333333357,1.587305141763661,1.0,2.0,0.27659408252300083,1.0,4,1096,AAV,0.7,lightgbm
1108,1112,4,-2.67,0.0,100.0,0.0,end,1112,0.5294117647058822,0.10666666666666676,-22.63157894736841,1.2375912408759124,1.0,1.0,0.07857526237687315,0.3,3,1108,AAV,1.0,lightgbm
25,39,14,1.32,4.6,28.7,2.52,signal,39,0.6093749999999998,0.03026634382566586,-11.147798742138427,1.095800490242893,0.0,2.0,-0.02746565434905947,0.55,3,25,AAA,1.0,lightgbm
82,87,5,98.27,98.52,99.7,9.22,signal,87,0.7499999999999993,0.02448979591836743,0.23730422401516194,0.9926971741860806,1.0,3.0,-0.050030682387791736,0.4,4,82,AAA,0.5,lightgbm
97,134,37,17.56,22.73,77.2,-1.76,signal,134,0.3207547169811318,0.05020920502092055,6.981350057765255,0.8684044449563592,2.0,4.0,-0.014325946600677618,0.08333333333333333,4,97,AAA,1.0,lightgbm
144,148,4,-3.74,0.0,0.0,6.58,signal,148,0.44247787610619554,0.0759036144578312,-1.7913928344286347,0.5641016722873322,1.0,4.0,0.017552133326557803,0.65,3,144,AAA,1.0,lightgbm
161,166,5,-3.22,0.0,0.0,-0.96,signal,166,0.632911392405064,0.03452380952380942,14.868136068288969,1.2235864340008205,3.0,2.0,0.003459037621753423,0.2,5,161,AAA,1.0,lightgbm
201,207,6,0.35,0.6,58.0,5.36,zombie_exit,207,0.6719999999999999,0.04910179640718565,-5.552395039253618,1.9672958650437997,2.0,3.0,-0.05308711498485085,0.5833333333333334,4,201,AAA,1.0,lightgbm
210,216,6,34.91,45.61,76.5,2.01,signal,216,0.7757009345794389,0.027842227378190282,3.4228517806872105,1.2283369179674868,2.0,3.0,0.0036288523222060285,0.7666666666666667,4,210,AAA,0.7,lightgbm
250,260,10,39.92,66.75,59.8,8.33,signal,260,0.7999999999999998,0.08000000000000007,36.607142857142854,2.3003803643188183,3.0,4.0,0.4675087528540377,1.0,4,250,AAH,0.7,lightgbm
313,318,5,90.94,95.73,95.0,4.88,signal,318,0.916666666666667,0.022222222222222143,12.5,1.1610923490251508,1.0,2.0,0.12718211929591167,0.35,4,313,AAH,0.5,lightgbm
353,358,5,97.63,97.88,99.7,-0.0,signal,358,0.8571428571428577,0.022727272727272645,23.21428571428575,1.560805707091901,3.0,3.0,0.6972891539067292,0.7166666666666667,4,353,AAH,0.5,lightgbm
368,373,5,38.25,40.73,93.9,7.32,signal,373,0.4545454545454547,0.13333333333333325,29.99999999999997,1.7161784518376397,2.0,1.0,0.24922999399866014,0.95,4,368,AAH,0.7,lightgbm
484,494,10,5.62,7.06,79.6,5.75,trailing_stop,494,0.4615384615384616,0.0823529411764705,14.814814814814817,0.9658715761720731,2.0,2.0,0.024589940472830106,0.25,4,484,AAS,1.0,lightgbm
497,504,7,-1.37,3.37,-40.7,0.0,signal,504,0.7142857142857141,0.04494382022471914,-12.801932367149725,1.2090393125343004,2.0,2.0,-0.012028935693183293,0.38333333333333336,4,497,AAS,1.0,lightgbm
506,510,4,-4.68,0.0,0.0,1.15,signal,510,0.5555555555555554,0.04444444444444448,-10.275689223057611,1.3593105029811956,2.0,2.0,-0.00820248148322975,0.03333333333333333,4,506,AAS,1.0,lightgbm
551,557,6,39.47,40.81,96.7,4.44,signal,557,0.8846153846153844,0.032608695652173995,10.57692307692301,2.4789560742510566,3.0,4.0,-0.10114542250084946,0.8166666666666667,4,551,AAS,0.7,lightgbm
584,599,15,19.34,19.63,98.5,84.16,trailing_stop,599,0.5000000000000014,0.03409090909090897,-7.179487179487246,1.3019393029111632,2.0,2.0,0.0010860821083400738,0.03333333333333333,4,584,AAS,1.0,lightgbm
600,625,25,103.46,147.99,69.9,-8.62,signal,625,0.692307692307692,0.07547169811320761,-1.2500000000000142,1.6503749170176412,2.0,2.0,-0.032943788618466426,0.7833333333333333,4,600,AAS,0.7,lightgbm
705,715,10,42.98,44.95,95.6,0.86,signal,715,0.6666666666666669,0.10576923076923073,33.182503770739075,2.9167230001609528,3.0,3.0,0.004424947703662918,0.8333333333333334,5,705,AAS,0.7,lightgbm
807,812,5,-0.25,0.0,0.0,15.26,signal,812,0.47368421052631515,0.03246753246753249,1.6666666666667709,0.9845870715435933,3.0,3.0,-0.0006104276422337265,0.11666666666666667,4,807,AAT,1.0,lightgbm
816,839,23,46.27,47.97,96.4,9.51,signal,839,0.7647058823529409,0.03550295857988169,42.35033259423496,2.1542422756253066,2.0,4.0,0.13825400636890273,0.7166666666666667,4,816,AAT,0.7,lightgbm
855,866,11,5.78,8.52,67.9,0.78,signal,866,0.7758620689655175,0.035714285714285685,17.521367521367516,1.25642112401458,3.0,4.0,0.191422577583097,0.7,4,855,AAT,1.0,lightgbm
1014,1028,14,104.91,110.95,94.6,3.45,signal,1028,0.9354838709677421,0.024096385542168586,17.874396135265705,1.3991467751028797,3.0,4.0,0.05011012388967684,1.0,4,1014,AAV,0.5,lightgbm
1143,1160,17,52.46,55.85,93.9,5.88,signal,1160,0.6999999999999993,0.049180327868852576,25.49019607843134,1.4594291016531145,2.0,3.0,0.11919391197673293,0.7166666666666667,5,1143,AAV,0.7,lightgbm
1167,1171,4,-7.27,0.0,0.0,-2.99,signal,1171,0.6999999999999993,0.04225352112676067,5.128205128205096,1.0235152896879884,0.0,1.0,0.005023978087419202,0.36666666666666664,3,1167,AAV,1.0,lightgbm
